institutionID,branchNum,acctid,acctName,acctPwd,currencyIdList,ThirdSystemId,productNumList,reckoningtime,prodAcctType,validFlag,lastLoginValidFlag,loginTimes,priority,TradeDate,ReckoningStatus,Memo,CustID,CustPwd,ExchIdList,debtAutoPaidFlag,fileThirdSystemId,PBTBusinessType,defaultPortfolio,specDefaultPortfolio,arbDefaultPortfolio,hedgeDefaultPortfolio,acctPermitList,branchCode,ownertype,tradeThirdSystemId,settleAcctId,settleAcctPwd,attachacctID,attachThirdSystemId
ZZTT,38,llx001,llx001,,RMB,2101,,0.0,0,,,0,0,20221014,0,,,,ALL,,,,,,,,,,,2101,,,,
JGJG2,3,000000034567,风控B账户,,RMB,22,,20221008163005.0,3,,,0,0,20221014,0,,000000034567,,ALL,,,,,,,,,,,22,,,,
TOB,3,000000220419,TOB,Y3h9DWbUjCLdlBydkEVNRw==,RMB,22,,20221008162343.0,3,,,0,0,20221014,0,,,,ALL,,,,,,,,,,,22,,,,
TOOB,3,000000220718,B账户,74rHzTnV+ETZTJbLz568Vg==,RMB,22,,20221008164038.0,3,,,0,0,20221014,0,,,,ALL,,,,,,,,,,,22,,,,
TOOC,3,000000220719,C账户,G17gQSm7Kh2jSXp0K3kfQg==,RMB,22,,20221008164038.0,3,,,0,0,20221014,0,,,,ALL,,,,,,,,,,,2301,,,,
TOOB,3,000000220728,Bzhanghu,UpJoNFYOiCF6bPBAEsjhsA==,RMB,22,,20221008164158.0,3,,,0,0,20221014,0,,,,ALL,,,,,,,,,,,22,,,,
TOOD,3,000000220730,TOOD,fvpq9Xw8+vilJBZotF8wOg==,RMB,22,,20221008164318.0,3,,,0,0,20221014,0,,,,ALL,,,,,,,,,,,22,,,,
Bsbl,3,000000890112,Bsbl,xJg9TOQ/xthLxrOy8KB4Sw==,RMB,22,,20221008164058.0,3,,,0,0,20221014,0,,Bsbl,fl9qZ8+7S4lqUaawyDprxA==,ALL,,,,,,,,,,,22,,,,
Csbl,3,000000890113,Csbl,SbTPveSvJUvirG30pyvF/Q==,RMB,22,,20221008164058.0,3,,,0,0,20221014,0,,Csbl,fl9qZ8+7S4lqUaawyDprxA==,ALL,,,,,,,,,,,2301,,,,
B机构,3,000020220228,B1产品,,RMB,22,,20221008162624.0,0,,,0,0,20221014,0,,,,ALL,,,,,,,,,,,22,,,,
B机构,3,000020220229,B2产品,,RMB,22,,20221008162624.0,0,,,0,0,20221014,0,,,,ALL,,,,,,,,,,,22,,,,
B机构,3,000020220230,B3产品,,RMB,22,,20221008162624.0,3,,,0,0,20221014,0,,,,ALL,,,,,,,,,,,22,,,,2401
SAJG,3,000020220517,现货,,RMB,22,,20221008163246.0,0,,,0,0,20221014,0,,,,ALL,,,,,,,,,,,22,,,,
SAJG,3,000020220518,期货,,RMB,22,,20221008163247.0,1,,,0,0,20221014,0,,,,ALL,,,,,,,,,,,22,,,,
SACS,3,000020220521,现货,,RMB,22,,20220729120728.0,0,,,0,0,20221014,0,,,,ALL,,,,,,,,,,,22,,,,
SACS,3,000020220522,期货,,RMB,22,,20220729120729.0,1,,,0,0,20221014,0,,,,ALL,,,,,,,,,,,22,,,,
SBCS,3,000020220523,信用,,RMB,22,,20221008163307.0,3,,,0,0,20221014,0,,,,ALL,,,,,,,,,,,22,,,,
SBCS,3,000020220524,期货,,RMB,22,,20221008163308.0,1,,,0,0,20221014,0,,,,ALL,,,,,,,,,,,22,,,,
NAJG,3,000020220527,现货,Op0kkeRURWnrIz8dW2IKQw==,RMB,22,,20221008163338.0,0,,,0,0,20221014,0,,,,ALL,,,,,,,,,,,22,,,,
NAJG,3,000020220528,期货,,RMB,22,,20221008163339.0,1,,,0,0,20221014,0,,,,ALL,,,,,,,,,,,22,,,,
NACS,3,000020220531,现货,,RMB,22,,20221008163359.0,0,,,0,0,20221014,0,,,,ALL,,,,,,,,,,,22,,,,
NBCS,3,000020220532,信用,,RMB,22,,20221008163359.0,3,,,0,0,20221014,0,,,,ALL,,,,,,,,,,,22,,,,
TOB,3,000020220728,B账户,,RMB,22,163,20221008164158.0,3,,,0,0,20221014,0,,,,ALL,,,,220,,,,,,,,000020220728,,,22
ZJCF,28,000020220730,B产品,,RMB,22,173^172,20221008164318.0,3,,,0,0,20221014,0,,,,ALL,,,,,,,,,,,22,,,,
TOOD,3,000020220801,TOOD2,fvpq9Xw8+vilJBZotF8wOg==,RMB,22,,20221008164318.0,3,,,0,0,20221014,0,,,,ALL,,,,,,,,,,,22,,,,
SEB,28,000020220815,B1,,RMB,22,,20221008164857.0,3,,,0,0,20221014,0,,,,ALL,,,,,,,,,,,22,,,,
SEB,28,000020220816,B2,,RMB,22,,20221008164857.0,0,,,0,0,20221014,0,,,,ALL,,,,,,,,,,,22,,,,
SEB,28,000020220817,B3,,RMB,22,,20221008164900.0,3,,,0,0,20221014,0,,,,ALL,,,,,,,,,,,22,,,,
SEB,28,000020220818,B4,,RMB,22,,20221008164900.0,0,,,0,0,20221014,0,,,,ALL,,,,,,,,,,,22,,,,
SEC,28,000020220819,C1,,RMB,22,,20221008164904.0,3,,,0,0,20221014,0,,,,ALL,,,,,,,,,,,22,,,,
SEC,28,000020220820,C2,,RMB,22,,20221008164904.0,0,,,0,0,20221014,0,,,,ALL,,,,,,,,,,,22,,,,
SEC,28,000020220821,C3,,RMB,22,,20221008164904.0,3,,,0,0,20221014,0,,,,ALL,,,,,,,,,,,2301,,,,
SEC,28,000020220822,C4,,RMB,22,,20221008164904.0,0,,,0,0,20221014,0,,,,ALL,,,,,,,,,,,2301,,,,
20228803,3,000202208103,HLC机构信用账户,,RMB,22,,20221008164630.0,3,,,0,0,20221014,0,,,,ALL,,,,,,,,,,,2301,,,,
0718,28,0809,智能开平测试1,,RMB,22,,20221008164632.0,1,,,0,0,20221014,0,,,,ALL,,,,,,,,,,,25,,,,
JGJG2,3,100000012345,lisx对冲账户,,RMB,22,,20221008163005.0,0,,,0,0,20221014,0,,100000012345,,ALL,,,,,,,,,,,22,,,,
JGJG2,3,100000034567,lisx2,Cuzci1tx83ttiTxRNr9XjQ==,RMB,22,,20221008163449.0,3,,,0,0,20221014,0,,,,ALL,,,,,,,,,,,22,,,,
ZDHC,3,100000220308,合约,RXKP9hHkyNWaWMvnoP4qmQ==,RMB,22,18,0.0,0,,,0,0,20221014,0,,,,ALL,,,,-1,,,,,,,22,,,,
MI,3,100022222,ZD交易台账号,,RMB,22,220,,0,,,0,0,20221014,0,,,,,,,,288,,,,,,,22,,,,
2222,28,123456,0002,,RMB,22,,20221008164400.0,3,,,0,0,20221014,0,,,,ALL,,,,,,,,,,,22,,,,
MI,3,20012346,MI资金账户,,RMB,22,,20221008165114.0,3,,,0,0,20221014,0,,,,,,,,,,,,,,,22,,,,
ZK000001,3,202205091796,C账户,,RMB,22,,20221008163145.0,3,,,0,0,20221014,0,,202205091796,,ALL,,,,,,,,,,,22,,,,
ZK000001,3,202205091797,B账户,,RMB,22,,20221008163205.0,3,,,0,0,20221014,0,,202205091797,,ALL,,,,,,,,,,,22,,,,
ZKC,3,202205101797,C账户,,RMB,22,,20221008163225.0,3,,,0,0,20221014,0,,202205101797,,ALL,,,,,,,,,,,2301,,,,
ZKB,3,202205101798,B账户,,RMB,22,,20221008163225.0,3,,,0,0,20221014,0,,202205101798,,ALL,,,,,,,,,,,22,,,,
ZKHTZY,3,202207180003,ZKB01,,RMB,22,,20221008164138.0,3,,,0,0,20221014,0,,,,ALL,,,,,,,,,,,22,,,,
ZKZGTD,3,202207180007,ZKC01,,RMB,22,,20221008164138.0,3,,,0,0,20221014,0,,,,ALL,,,,,,,,,,,2301,,,,
zyzc,28,2022081901,AAA,,RMB,22,,0.0,0,,,0,0,20221014,0,,,,ALL,,,,,,,,,,,22,88889999,,,
LLBB,3,202209131346,LLBB,,RMB,22,,0.0,3,,,0,0,20221014,0,,,,ALL,,,,,,,,,,,22,,,,
LLBB,3,202209131353,LLBB,,RMB,22,,0.0,3,,,0,0,20221014,0,,,,ALL,,,,,,,,,,,22,,,,
LLAB,3,202209131359,LLAB,,RMB,22,,0.0,3,,,0,0,20221014,0,,,,ALL,,,,,,,,,,,22,,,,
0001,28,20220914,测试资产数据核对,,RMB,22,370,0.0,0,,,0,0,20221014,0,,,,ALL,,,,539,,,,,,,22,,,,
xx,3,770000000729,合约A,Op0kkeRURWnrIz8dW2IKQw==,RMB,22,,20221008164238.0,0,,,0,0,20221014,0,,,,ALL,,,,,,,,,,,22,,,,
xx,3,800000000721,合约0721,Op0kkeRURWnrIz8dW2IKQw==,RMB,22,,20221008164138.0,0,,,0,0,20221014,0,,,,ALL,,,,,,,,,,,22,,,,
test02,28,81502,81502,,RMB,22,,20221008165014.0,3,,,0,0,20221014,0,,,,ALL,,,,,,,,,,,22,,,,
xx,3,880000000729,合约B,Op0kkeRURWnrIz8dW2IKQw==,RMB,22,,20221008164238.0,0,,,0,0,20221014,0,,,,ALL,,,,,,,,,,,22,,,,
HTPB,28,88800004,PBCP4,5STXCKHIAbU601xgefrL9Q==,RMB,22,,20221008165348.0,3,,,0,0,20221014,0,,,,ALL,,,,,,,,,,,22,,,,
HTPB,28,88800005,PBCP5,,RMB,22,,20220901135328.0,3,,,0,0,20221014,0,,,,ALL,,,,,,,,,,,22,,,,
0001,3,888777999,测试新增,,RMB,22,,,1,,,0,0,20221014,0,,7894,,0^1^2^3^4^5^6^7^8^F^S^D^Z^X^Y^N^H^U^V^W^Q^G^T,,,,,,,,,,,22,,,,
0001,3,89745,89745,,RMB,22,,,0,,,0,0,20221014,0,,,,0^1^2^3^4^5^6^7^8^F^S^D^Z^X^Y^N^H^U^V^W^Q^G^T,,,,,,,,,,,22,,,,
999,3,999hazelB,hazel测试B,,RMB,22,,20221008163549.0,0,,,0,0,20221014,0,,,,ALL,,,,,,,,,,,22,,,,
IN_11,28,chan000,chan000,,RMB,22,,20221008174049.0,3,,,0,0,20221014,0,,,,ALL,,,,,,,,,,,22,,,,
999,3,CREDIThazelB,CREDIThazelB,,RMB,22,,0.0,3,,,0,0,20221014,0,,,,ALL,,,,,,,,,,,22,,,,
IN_8,28,sbl000,sbl000,,RMB,22,,20221008174009.0,3,,,0,0,20221014,0,,,,ALL,,,,,,,,,,,22,,,,
IN_5,28,sblkaifa,sblkaifa,,RMB,22,,20221008173949.0,3,,,0,0,20221014,0,,,,ALL,,,,,,,,,,,22,,,,
IN_2,3,TESTB,合约B账户_现货,,RMB,22,,20221008162624.0,0,,,0,0,20221014,0,,,,ALL,,,,,,,,,,,22,,,,
IN_2,3,TESTB1,合约B账户_期货,,RMB,22,,20221008162625.0,1,,,0,0,20221014,0,,,,ALL,,,,,,,,,,,22,,,,
POC_JG,2,000000002079,KS期货测试,jRzV05v6a9UMOfdqdQMW3Q==,RMB,2201,,20220824143925.0,1,Y,,0,0,20221014,0,,000000002079,PW75q7phZtSIipXmxvjz/w==,0^1^2^3^4^5^6^7^8^F^S^D^Z^X^Y^N^H^U^V^Q^G^T,,,,,,,,,,,2201,,,,
zqh,2,000000008686,zqh86,,RMB,2201,,20220726170411.0,1,,,0,0,20221014,0,,,,ALL,,,,,,,,,,,2201,,,,
JGJG,2,000000054321,lisx期货,,RMB,2201,,20220805101547.0,1,,,0,0,20221014,0,,000000054321,,ALL,,,,,,,,,,,2201,,,,
QH,2,000000054322,lisx期货,,RMB,2201,,20220726170052.0,1,,,0,0,20221014,0,,000000054322,,ALL,,,,,,,,,,,2201,,,,
QH,2,000000054323,sx期货,,RMB,2201,,20220726170054.0,1,,,0,0,20221014,0,,000000054323,,ALL,,,,,,,,,,,2201,,,,
KFCS,2,000020220212,期货测试1,Ukt8kbE5YveMLn47YiBykQ==,RMB,2201,,20220726170049.0,1,,,0,0,20221014,0,,,,ALL,,,,,,,,,,,2201,,,,
BYCS,2,000020220416,期货1,,RMB,2201,,20220809144431.0,1,,,0,0,20221014,0,,,,ALL,,,,,,,,,,,2201,,,,
SBJG,2,000020220520,期货,,RMB,2201,,20220726170707.0,1,,,0,0,20221014,0,,,,ALL,,,,,,,,,,,2201,,,,
SCCS,2,000020220526,期货,,RMB,2201,,20220726170731.0,1,,,0,0,20221014,0,,,,ALL,,,,,,,,,,,2201,,,,
NBJG,2,000020220530,期货,,RMB,2201,,20220726170825.0,1,,,0,0,20221014,0,,,,ALL,,,,,,,,,,,2201,,,,
CPSQ000,31,000020220833,20220833,,RMB,2201,,20220831114819.0,2,,,0,0,20221014,0,,,,ALL,,,,,,,,,,,2201,,,,
0001,2,0001,测试,,RMB,2201,,0.0,1,,,0,0,20221014,0,,,,D^F^S^Z,,,,,,,,,,,2201,,,,
0712,2,0712,测试期货,,RMB,2201,,20220726171014.0,1,,,0,0,20221014,0,,,,D^F^S^Z,,,,,,,,,,,2201,,,,
0718,2,0718,0718测试,,RMB,2201,,20220823140845.0,1,,,0,0,20221014,0,,,,D^F^S^Z,,,,,,,,,,,2201,,,,
0718,2,0808,智能开平测试,,RMB,2201,,20220823140847.0,1,,,0,0,20221014,0,,,,ALL,,,,,,,,,,,2201,,,,
DSSC,2,100000000418,qihuo,G+ah6zJ/hz9GSmZOS3KRjA==,RMB,2201,,20220824101832.0,1,Y,,0,0,20221014,0,,,,ALL,,,,,,,,,,,2201,,,,
FUT,2,10500531,FUTU,G+ah6zJ/hz9GSmZOS3KRjA==,RMB,2201,2,20220726165905.0,1,,,0,0,20221014,0,,10500531,,ALL,,,,,,,,,,,,,,,
DSSC,31,12022090600,12312,Htx6s4ahU1+MbOcRMeD0Rg==,RMB,2201,,20220909130141.0,1,,,0,0,20221014,0,,,,ALL,,,,,,,,,,,2201,,,,
DSSC,2,199545,fangzhen,06b38Zl2LAs80jNZkLCFTw==,RMB,2201,,20220824101904.0,1,Y,,0,0,20221014,0,,,,ALL,,,,,,,,,,,2201,,,,
DSSC,2,200000000418,期权,G17gQSm7Kh2jSXp0K3kfQg==,RMB,2201,,20220824101842.0,2,,,0,0,20221014,0,,,,ALL,,,,,,,,,,,2201,,,,2201
ZK000001,2,202204191789,直报期货,,RMB,2201,,20220726170239.0,1,,,0,0,20221014,0,,202204191789,,ALL,,,,,,,,,,,2201,,,,
DSSC,2,202860,waigua,G17gQSm7Kh2jSXp0K3kfQg==,RMB,2201,,0.0,1,,,0,0,20221014,0,,waiguayanzheng,PW75q7phZtSIipXmxvjz/w==,ALL,,,,,,,,,,,2201,,,,
OTCD,2,33444,对账期货,,RMB,2201,,20220726165947.0,1,,,0,0,20221014,0,,,,ALL,,,,,,,,,,,2201,,,,
0001,31,339999991,33个股期权-X市场,,RMB,2201,490,,2,,,0,0,20221014,0,,,,,,,,,,,,,,,2201,,,,
0001,31,4444,4444,,RMB,2201,140,,2,,,0,0,20221014,0,,,,,,,,,,,,,,,2201,,,,
NAN,31,562222,个股期权,,RMB,2201,242,,2,,,0,0,20221014,0,,,,,,,,,,,,,,,2201,,,,
0001,31,678678,7777,,RMB,2201,490,,2,,,0,0,20221014,0,,,,,,,,,,,,,,,2201,,,,
haha,2,770000000607,qh0607,haFdRNU4jKGzJ2EpiaCTIg==,RMB,2201,,20220819120910.0,1,,,0,0,20221014,0,,770000000607,,ALL,,,,,,,,,,,2201,,,,
xx,2,77000000526,qh0601,haFdRNU4jKGzJ2EpiaCTIg==,RMB,2201,,20220726170917.0,1,,,0,0,20221014,0,,77000000526,,ALL,,,,,,,,,,,2201,,,,
xx,2,77000000601,0601test,haFdRNU4jKGzJ2EpiaCTIg==,RMB,2201,,0.0,1,,,0,0,20221014,0,,77000000601,,ALL,,,,,,,,,,,2201,,,,
xx,2,770000006014,qihuo61,haFdRNU4jKGzJ2EpiaCTIg==,RMB,2201,,0.0,1,,,0,0,20221014,0,,770000006014,,ALL,,,,,,,,,,,2201,,,,
xx,2,880000000066,qihuo66,,RMB,2201,,20220726170921.0,1,,,0,0,20221014,0,,880000000066,,ALL,,,,,,,,,,,2201,,,,
888,31,990,hazel测试期权,,RMB,2201,,,2,,,0,0,20221014,0,,,,,,,,,,,,,,,2201,,,,
xx,2,990000006015,qihuo6015,8g92v6qcf//g7KJcPP9fmQ==,RMB,2201,,20220809131906.0,1,,,0,0,20221014,0,,990000006015,,ALL,,,,,,,,,,,2201,,,,
0001,31,9999111,个股期权资金账户,,RMB,2201,566,,2,,,0,0,20221014,0,,,,ALL,,,,769,,,,,,,2201,9999111,,,
0001,31,lzqmanag,lzqmanag,,RMB,2201,,0.0,2,,,0,0,20221014,0,,,,0^1^2^3^4^5^6^7^8^F^S^D^Z^X^Y^N^H^U^V^W^Q^G^T,,,,,,,,,,,2201,,,2222222,24081
IN_1,2,TESTFUT,直报普通期货,lGkIh6JV+OpexSB41hzp8g==,RMB,2201,,20220819145840.0,1,Y,,0,0,20221014,0,,,,ALL,,,,,,,,,,,2201,,,,
POC_JG,6,000000002030,KS2测试期货,jRzV05v6a9UMOfdqdQMW3Q==,RMB,2202,,20220830102026.0,1,,,0,0,20221014,0,,000000002030,PW75q7phZtSIipXmxvjz/w==,ALL,,,,,,,,,,,2202,,,,
DSSC,6,194978,代珊珊,Z/tz6kEqoGYP+jQ8hO8AWaxvMjMrRUR3a+B0PVNGdME=,RMB,2202,,20220830102513.0,1,Y,,0,0,20221014,0,,,,ALL,,,,,,,,,,,2202,,,,
POC_JG,6,202860,ctp仿真px,zoNHsQ3tXKTVly8w7KrG6XYLKNW2ZxXTj6hoXTvNZIE=,RMB,2202,,20220830102128.0,1,,,0,0,20221014,0,,202860,,ALL,,,,,,,,,,,2202,,,,
0718,36,000000001173,债券,WNCmLSg7fOtV7j5KPUReVQ==,RMB,2203,,0.0,0,,,0,0,20221014,0,,,,ALL,,,,,,,,,,,2203,,,,
FAST,39,000000002178,四代直报,,RMB,2300,,20221011100142.0,0,,,0,0,20221014,0,,000000002178,,ALL,,,,,,,,,,,2300,,,,
hl_JiSu,39,000020220927,兴业对冲端_hl927,,RMB,2300,661,20221011094800.0,0,,,0,0,20221014,0,,,,ALL,,,,,,,,,,,2300,,,,
hl_JiSu,39,664|824,兴业SWAP分中心对冲账户,V0OYR7lb7ckfF/7OY4kOMw==,RMB,2300,689,20221013114542.0,0,,,0,0,20221014,0,,,,ALL,,,,-1,,,,,,,2416,,,,
hl_JiSu,39,930001,hl930,,RMB,2300,702,20221011094840.0,0,,,0,0,20221014,0,,,,ALL,,,,-1,,,,,,,2300,,,,
ZZTT,39,llx0002,llx0002,,RMB,2300,,0.0,0,,,0,0,20221014,0,,,,ALL,,,,,,,,,,,2300,,,,
DSSC,1,000000000418,xianhuo,,RMB,2301,20,20221008162203.0,0,,,0,0,20221014,0,,,,0^1^2^3^4^5^6^7^8^F^S^D^Z^X^Y^N^H^U^B^V^W^Q^G^T,,,,27,,,,,,,2301,,,,
xx,1,000000000913,现场0913,,RMB,2301,,20221008175919.0,0,,,0,0,20221014,0,,,,ALL,,,,,,,,,,,2301,,,,
DZCS,1,000000000948,ywn2,,RMB,2301,,20220517212134.0,0,,,0,0,20221014,0,,,,ALL,,,,,,,,,,,,,,,2201
2022,1,000000001159,wr交易测试001,,RMB,2301,231,20220831093913.0,0,,,0,0,20221014,0,,,,0^1^2^3^4^5^6^7^8^F^S^D^Z^X^Y^N^H^U^V^W^Q^G^T,,,,,,,,,,,2301,,,,
POC_JG,1,000000001998,WJR,G17gQSm7Kh2jSXp0K3kfQg==,RMB,2301,,20221008162825.0,0,,,0,0,20221014,0,,000000001998,PW75q7phZtSIipXmxvjz/w==,ALL,,,,,,,,,,,2301,,,,
POC_JG,1,000000002078,KS测试,G17gQSm7Kh2jSXp0K3kfQg==,RMB,2301,,20221008162003.0,0,,,0,0,20221014,0,,000000002078,PW75q7phZtSIipXmxvjz/w==,ALL,,,,,,,,,,,2301,,,,
POC_JG,1,000000006300,港股测试,,HKD,2301,,20221008163858.0,0,,,0,0,20221014,0,,0000000006300,,ALL,,,,,,,,,,,2301,,,,
JS40,1,000000007739,极速4.0A账户,3E9kKtmE+2nZ3OhAJ3NVWg==,RMB,2301,651,0.0,0,,,0,0,20221014,0,,000000007739,,ALL,,,,,,,,,,,2300,,,,
JGJG,1,000000012345,lisx现货,,RMB,2301,,20221008162905.0,0,,,0,0,20221014,0,,000000012345,,ALL,,,,,,,,,,,2301,,,,
ZDHC,1,000000220215,回放测试现货,G17gQSm7Kh2jSXp0K3kfQg==,RMB,2301,18^17^16,20221008162143.0,0,,,0,0,20221014,0,,000000220215,,ALL,,,,-1,,,,,,,2301,,,,
ZDHC,1,000000220308,对冲,RXKP9hHkyNWaWMvnoP4qmQ==,RMB,2301,17,0.0,0,,,0,0,20221014,0,,,,ALL,,,,-1,,,,,,,2301,,,,
KFCS,1,000020220210,现货测试,G17gQSm7Kh2jSXp0K3kfQg==,RMB,2301,,20221008161903.0,0,,,0,0,20221014,0,,,,ALL,,,,,,,,,,,2301,,,,
KFCS,1,000020220211,现货测试1,Js5DDz8x5EYN7GfEXD+GHw==,RMB,2301,,20221008162023.0,0,,,0,0,20221014,0,,,,ALL,,,,,,,,,,,2301,,,,
BYCS,1,000020220415,现货1,,RMB,2301,,20221008162403.0,0,,,0,0,20221014,0,,,,ALL,,,,,,,,,,,2301,,,,
WWZQ,1,000020220511,WWZQ,Y3dfPCzFKNLSZptjJdSJSw==,RMB,2301,,20221008163245.0,0,,,0,0,20221014,0,,,,ALL,,,,,,,,,,,2301,,,,
SBJG,1,000020220519,现货,,RMB,2301,,20221008163307.0,0,,,0,0,20221014,0,,,,ALL,,,,,,,,,,,2301,,,,
SCCS,1,000020220525,信用,,RMB,2301,,20221008163338.0,3,,,0,0,20221014,0,,,,ALL,,,,,,,,,,,2301,,,,
NBJG,1,000020220529,现货,,RMB,2301,,20221008163359.0,0,,,0,0,20221014,0,,,,ALL,,,,,,,,,,,2301,,,,
QQZQ,1,000020220531,QQZQ信用,G17gQSm7Kh2jSXp0K3kfQg==,RMB,2301,,0.0,3,,,0,0,20221014,0,,,,ALL,,,,,,,,,,,2301,,,,
NCCS,1,000020220533,信用,,RMB,2301,,20221008163429.0,3,,,0,0,20221014,0,,,,ALL,,,,,,,,,,,2301,,,,
SED,1,000020220823,D1,,RMB,2301,,20221008164934.0,3,,,0,0,20221014,0,,,,ALL,,,,,,,,,,,2301,,,,
SED,1,000020220824,D2,,RMB,2301,,20221008164954.0,0,,,0,0,20221014,0,,,,ALL,,,,,,,,,,,2301,,,,
CPSQ000,1,000020220831,20220831,,RMB,2301,,20221008170551.0,0,,,0,0,20221014,0,,,,ALL,,,,,,,,,,,2301,,,,
CPSQ000,1,000020220832,20220832,,RMB,2301,,20221008170642.0,1,,,0,0,20221014,0,,,,ALL,,,,,,,,,,,2301,,,,
CPSQ000,1,000020220834,20220834,,RMB,2301,,20221008170621.0,3,,,0,0,20221014,0,,,,ALL,,,,,,,,,,,2301,,,,
QQZQ,1,000020220907,222,,RMB,2301,,20221008161923.0,0,,,0,0,20221014,0,,,,ALL,,,,,,,,,,,2301,,,,
DSSC,1,000020220909,123,Htx6s4ahU1+MbOcRMeD0Rg==,RMB,2301,,20221008175839.0,0,,,0,0,20221014,0,,,,ALL,,,,,,,,,,,2301,,,,
QQZQ,1,000020220910,QQZQ现货2,,RMB,2301,,20220906132212.0,0,,,0,0,20221014,0,,,,ALL,,,,,,,,,,,2301,,,,
hl_JiSu,1,000020220920,hl001,,RMB,2301,519,20221011094740.0,0,,,0,0,20221014,0,,,,ALL,,,,,,,,,,,2301,,,,
COLO,1,000020220930,123,XKeoN0Z9yqZ5ka1frWYoZw==,RMB,2301,,0.0,0,,,0,0,20221014,0,,,,ALL,,,,,,,,,,,2301,,,,
COLO,1,000020221001,123234,vGnBvnCR1nJul/3HnivjQw==,RMB,2301,,0.0,3,,,0,0,20221014,0,,,,ALL,,,,,,,,,,,2301,,,,
20228801,1,000020228201,hl823,,RMB,2301,230^183,20221008165234.0,0,,,0,0,20221014,0,,,,ALL,,,,,,,,,,,2301,,,,
ZSSH,1,000120220831,上海资金账号,,RMB,2301,,20221008170802.0,0,,,0,0,20221014,0,,,,ALL,,,,,,,,,,,2301,,,,
POC_JG,1,00020220919,hl01,,RMB,2301,516,20220930094519.0,0,,,0,0,20221014,0,,,,ALL,,,,-1,,,,,,,2301,,,,
ZSSZ,1,000220220831,深圳资金账号,,RMB,2301,,20220831143953.0,0,,,0,0,20221014,0,,,,ALL,,,,,,,,,,,2301,,,,
POC_JG,1,001,001,,RMB,2301,,20221008163928.0,3,,,0,0,20221014,0,,,,ALL,,,,,,,,,,,2301,,,,
NAN,1,003,003,,RMB,2301,307,20221008171552.0,0,,,0,0,20221014,0,,,,ALL,,,,450,,,,,,,2301,003,,,
NAN,1,006,006,,RMB,2301,310,20221008171632.0,0,,,0,0,20221014,0,,,,ALL,,,,455,,,,,,,2301,006,,,
NAN,1,0067,0067,,RMB,2301,365,20221008173546.0,0,,,0,0,20221014,0,,,,ALL,,,,533,,,,,,,2301,0067,,,
NAN,1,007,007,,RMB,2301,311,20221008171652.0,0,,,0,0,20221014,0,,,,ALL,,,,456,,,,,,,2301,007,,,
NAN,1,008,008,,RMB,2301,314,20221008171732.0,0,,,0,0,20221014,0,,,,ALL,,,,459,,,,,,,2301,008,,,
NAN,1,009,009,,RMB,2301,352,20221008173102.0,0,,,0,0,20221014,0,,,,ALL,,,,519,,,,,,,2301,009,,,
NAN,1,010,010,,RMB,2301,318,20221008172032.0,0,,,0,0,20221014,0,,,,ALL,,,,466,,,,,,,2301,010,,,
101725,1,02,02,,RMB,2301,480,20221008180159.0,0,,,0,0,20221014,0,,,,ALL,,,,665,,,,,,,2301,02,,,
0001,1,05110829,zj资金账户,,RMB,2301,247,20221008165839.0,0,,,0,0,20221014,0,,05110829,,0^1^2^3^4^5^6^7^D^F^S^X^Y^Z^N^H^V^Q^8^U,,,,,,,,,,,,,,,2301
0001,1,05110830,zj资金账户,,RMB,2301,247,20221008165819.0,0,,,0,0,20221014,0,,05110830,,0^1^2^3^4^5^6^7^D^F^S^X^Y^Z^N^H^V^Q^8^U,,,,,,,,,,,,,,,2301
0001,1,0909090,zll期权资金账号好,,RMB,2301,248,,2,,,0,0,20221014,0,,,,,,,,,,,,,,,2301,,,,1
100,1,100000,100-hazel测试C,,RMB,2301,,0.0,0,,,0,0,20221014,0,,,,ALL,,,,,,,,,,,2301,,,,
ZD,1,10012345,ZD资金账号1,,RMB,2301,177,20221008164339.0,0,,,0,0,20221014,0,,,,,,,,,,,,,,,22,,,,2301
ZD,1,10054321,ZD资金账号2,,RMB,2301,178,0.0,0,,,0,0,20221014,0,,,,,,,,236,,,,,,,22,,,,2301
0001,1,10114589,zj快速开户,,RMB,2301,322,20221008172152.0,0,,,0,0,20221014,0,,,,ALL,,,,487,,,,,,,2301,10114589,,,
0712,1,1011569,资金账号测试,,RMB,2301,326,20221008172312.0,0,,,0,0,20221014,0,,,,ALL,,,,491,,,,,,,2301,1011569,,,
0001,1,101178,BT资金调整,,RMB,2301,247,20221008165759.0,0,,,0,0,20221014,0,,101178,,,,,,,,,,0^1^2^3^4^5^6^7^8^9^A^B^C^D,,,,,,,2301
NAN,1,102,102,,RMB,2301,494,20221008180401.0,0,,,0,0,20221014,0,,,,ALL,,,,682,,,,,,,2301,102,,,
0001,1,105289,快速开户1,,RMB,2301,474,20221008175959.0,0,,,0,0,20221014,0,,,,ALL,,,,659,,,,,,,2301,105289,,,
0001,1,110785,one,,RMB,2301,700,,0,,,0,0,20221014,0,,1101789,,0^1^2^3^4^5^6^7^8^F^S^D^Z^X^Y^N^H^U^B^V^W^Q^G^T,,,,,,,,,,,2301,,,,
CS,1,111,111,,RMB,2301,264,20221008170702.0,0,,,0,0,20221014,0,,,,ALL,,,,377,,,,,,,2301,111,,,
889,1,1111,111,,RMB,2301,555,20221008181854.0,1,,,0,0,20221014,0,,,,ALL,,,,750,,,,,,,2301,1111,,,
0,1,11111,11111,,RMB,2301,570,20221008182036.0,1,,,0,0,20221014,0,,,,ALL,,,,773,,,,,,,2301,11111,,,
0001,1,1111111,111,,RMB,2301,677,20221008184026.0,0,,,0,0,20221014,0,,,,ALL,,,,884,,,,,,,2301,1111111,,,
NAN,1,112,TEST,,RMB,2301,,0.0,0,,,0,0,20221014,0,,,,ALL,,,,,,,,,,,,,,,2301
DEMO,1,1120,cremains,,RMB,2301,118,20221008163629.0,0,,,0,0,20221014,0,,1120,,ALL,,,,,,,,,,,2301,,,,
DEMO,1,112233445566,Stock,zUmLjxj/mWrPl1jErEWjfQ==,RMB,2301,,20221008163045.0,0,,,0,0,20221014,0,,,,ALL,,,,,,,,,,,2301,,,,
0001,1,12273501,信用资金账号,,RMB,2301,248,20221008170100.0,3,,,0,0,20221014,0,,,,,,,,,,,,,,,2301,,,,2301
0001,1,1227zll,快速期权,,RMB,2301,359,20221008173323.0,2,,,0,0,20221014,0,,,,ALL,,,,526,,,,,,,2301,1227zll,,,
NAN,1,123,rtrrr,,RMB,2301,283,,0,,,0,0,20221014,0,,,,0^1^2^3^4^5^6^7^8^F^S^D^Z^X^Y^N^H^U^V^W^Q^G^T,,,,408,,,,,,,2301,,,,
0,1,1231,1231,,RMB,2301,320,20221008172112.0,2,,,0,0,20221014,0,,,,ALL,,,,485,,,,,,,2301,1231,,,
NAN,1,1232,1231,,RMB,2301,321,20221008172132.0,0,,,0,0,20221014,0,,,,ALL,,,,486,,,,,,,2301,1232,,,
0001,1,1232131,ks期货资金账号,,RMB,2301,357,20221008173243.0,1,,,0,0,20221014,0,,,,ALL,,,,524,,,,,,,2301,1232131,,,
0001,1,1234332,121212,,RMB,2301,553,20221008181833.0,1,,,0,0,20221014,0,,,,ALL,,,,748,,,,,,,2301,1234332,,,
DSST,1,12344555556666666,123,,RMB,2301,,20221008163529.0,0,,,0,0,20221014,0,,,,ALL,,,,,,,,,,,2301,,,,
CS,1,123asdASD,2wecs 超市@#￥%……&*撒旦发射点发射点撒旦发射点发射点发射点是是豆腐1,pKQuW3Q96feRWZ1TErgbU+7YY9C1mVCno5SzAdRmeYo=,RMB,2301,235,,0,,,0,0,20221014,0,,cs123ASD456QWEzxcasdqweasdzxcqwe12345678,AEnY5Y2nChuBgNdqOOruFA==,0,N,,,307,,,,0,,,,223ASDasda,pKQuW3Q96feRWZ1TErgbU+7YY9C1mVCno5SzAdRmeYo=,,2301
1813,1,138865591900,zhengli资金账号1,,RMB,2301,228,,0,,,0,0,20221014,0,,,,,,,,296,,,,,,,,,,,2301
0001,1,140222,快速现货资金账号,,RMB,2301,350,20221008173022.0,0,,,0,0,20221014,0,,,,ALL,,,,517,,,,,,,2301,140222,,,
NAN,1,147,147,,RMB,2301,363,20221008173506.0,1,,,0,0,20221014,0,,,,ALL,,,,530,,,,,,,2301,147,,,
100,1,14758962365,zj资金测试嘻哈,,RMB,2301,336,20221008172642.0,0,,,0,0,20221014,0,,,,ALL,,,,502,,,,,,,2301,14758962365,,,
0718,1,14758962369,zj资金测试1,,RMB,2301,335,20221008172622.0,0,,,0,0,20221014,0,,,,ALL,,,,501,,,,,,,2301,14758962369,,,
0,1,1529986,1529986,,RMB,2301,,,0,,,0,0,20221014,0,,,,0^1^2^3^4^5^6^7^8^F^S^D^Z^X^Y^N^H^U^B^V^W^Q^G^T,,,,,,,,,,,2301,,,,
NAN,1,156,156,,RMB,2301,,0.0,0,,,0,0,20221014,0,,,,ALL,,,,,,,,,,,2301,,,,
0001,1,1731,1731,,RMB,2301,645,20221008183446.0,1,,,0,0,20221014,0,,,,F,,,,,850,850,850,,,,2301,,,,
2022,1,1826,wr1826,,RMB,2301,,,0,,,0,0,20221014,0,,,,,,,,,,,,,,,2301,,,,
8888,1,19852,19852,,RMB,2301,323,20221008172212.0,0,,,0,0,20221014,0,,,,ALL,,,,488,,,,,,,2301,19852,,,
0001,1,2,22,,RMB,2301,,,1,,,0,0,20221014,0,,,,,,,,,,,,,,,2301,,,,
MI,1,20012345,MI资金账号1,,RMB,2301,220,20220913183822.0,0,,,0,0,20221014,0,,,,,,,,288,,,,,,,,,,,2301
NAN,1,2020,2020,,RMB,2301,274,20221008170822.0,0,,,0,0,20221014,0,,,,0^1^2^3^4^5^6^7^8^F^S^D^Z^X^Y^N^H^U^V^W^Q^G^T,,,,388,,,,,,,2301,,,,
016,1,202200000016,快速开户验证016,,RMB,2301,441,20221008175109.0,0,,,0,0,20221014,0,,,,ALL,,,,617,,,,,,,2301,202200000016,,,
018,1,202200000018,快速开户验证018,,RMB,2301,447,20221008175249.0,0,,,0,0,20221014,0,,,,ALL,,,,623,,,,,,,2301,202200000018,,,
022,1,202200000022,快速开户验证022,,RMB,2301,422,20221008174449.0,0,,,0,0,20221014,0,,,,ALL,,,,597,,,,,,,2301,202200000022,,,
024,1,202200000024,快速开户验证024,,RMB,2301,431,20221008174749.0,0,,,0,0,20221014,0,,,,ALL,,,,606,,,,,,,2301,202200000024,,,
029,1,202200000029,快速开户验证029,,RMB,2301,643,20221008183425.0,0,,,0,0,20221014,0,,,,ALL,,,,848,,,,,,,2301,202200000029,,,
043,1,202200000043,快速开户验证043,,RMB,2301,603,20221008182521.0,0,,,0,0,20221014,0,,,,ALL,,,,808,,,,,,,2301,202200000043,,,
048,1,202200000048,快速开户验证048,,RMB,2301,539,20221008181447.0,0,,,0,0,20221014,0,,,,ALL,,,,734,,,,,,,2301,202200000048,,,
050,1,202200000050,快速开户验证050,,RMB,2301,420,20221008174409.0,0,,,0,0,20221014,0,,,,ALL,,,,595,,,,,,,2301,202200000050,,,
055,1,202200000055,快速开户验证055,,RMB,2301,766,,1,,,0,0,20221014,0,,,,ALL,,,,998,,,,,,,2301,202200000055,,,
061,1,202200000061,快速开户验证061,,RMB,2301,461,20221008175729.0,0,,,0,0,20221014,0,,,,ALL,,,,639,,,,,,,2301,202200000061,,,
073,1,202200000073,快速开户验证073,,RMB,2301,542,20221008181527.0,0,,,0,0,20221014,0,,,,ALL,,,,737,,,,,,,2301,202200000073,,,
077,1,202200000077,快速开户验证077,,RMB,2301,460,20221008175709.0,0,,,0,0,20221014,0,,,,ALL,,,,638,,,,,,,2301,202200000077,,,
079,1,202200000079,快速开户验证079,,RMB,2301,433,20221008174829.0,0,,,0,0,20221014,0,,,,ALL,,,,609,,,,,,,2301,202200000079,,,
098,1,202200000098,快速开户验证098,,RMB,2301,729,,0,,,0,0,20221014,0,,,,ALL,,,,939,,,,,,,2301,202200000098,,,
010,1,20220000010,开户流程验证010,,RMB,2301,620,20221008183005.0,0,,,0,0,20221014,0,,,,,,,,825,,,,,,,2301,,,,
111,1,202200000111,快速开户验证111,,RMB,2301,616,20221008182843.0,0,,,0,0,20221014,0,,,,ALL,,,,821,,,,,,,2301,202200000111,,,
115,1,202200000115,快速开户验证115,,RMB,2301,627,20221008183125.0,0,,,0,0,20221014,0,,,,ALL,,,,832,,,,,,,2301,202200000115,,,
141,1,202200000141,快速开户验证141,,RMB,2301,599,20221008182400.0,1,,,0,0,20221014,0,,,,ALL,,,,804,,,,,,,2301,202200000141,,,
143,1,202200000143,快速开户验证143,,RMB,2301,724,,0,,,0,0,20221014,0,,,,ALL,,,,934,,,,,,,2301,202200000143,,,
145,1,202200000145,快速开户验证145,,RMB,2301,526,20221008181026.0,0,,,0,0,20221014,0,,,,ALL,,,,721,,,,,,,2301,202200000145,,,
146,1,202200000146,快速开户验证146,,RMB,2301,547,20221008181709.0,0,,,0,0,20221014,0,,,,ALL,,,,742,,,,,,,2301,202200000146,,,
153,1,202200000153,快速开户验证153,,RMB,2301,767,,1,,,0,0,20221014,0,,,,ALL,,,,999,,,,,,,2301,202200000153,,,
156,1,202200000156,快速开户验证156,,RMB,2301,438,20221008175009.0,0,,,0,0,20221014,0,,,,ALL,,,,614,,,,,,,2301,202200000156,,,
159,1,202200000159,快速开户验证159,,RMB,2301,408,20221008174209.0,0,,,0,0,20221014,0,,,,ALL,,,,583,,,,,,,2301,202200000159,,,
161,1,202200000161,快速开户验证161,,RMB,2301,437,20221008174949.0,0,,,0,0,20221014,0,,,,ALL,,,,613,,,,,,,2301,202200000161,,,
165,1,202200000165,快速开户验证165,,RMB,2301,493,20221008180341.0,0,,,0,0,20221014,0,,,,ALL,,,,681,,,,,,,2301,202200000165,,,
170,1,202200000170,快速开户验证170,,RMB,2301,523,20221008180926.0,0,,,0,0,20221014,0,,,,ALL,,,,718,,,,,,,2301,202200000170,,,
171,1,202200000171,快速开户验证171,,RMB,2301,768,,1,,,0,0,20221014,0,,,,ALL,,,,1000,,,,,,,2301,202200000171,,,
174,1,202200000174,快速开户验证174,,RMB,2301,598,20221008182339.0,1,,,0,0,20221014,0,,,,ALL,,,,803,,,,,,,2301,202200000174,,,
182,1,202200000182,快速开户验证182,,RMB,2301,532,20221008181226.0,0,,,0,0,20221014,0,,,,ALL,,,,727,,,,,,,2301,202200000182,,,
185,1,202200000185,快速开户验证185,,RMB,2301,518,20221008180806.0,0,,,0,0,20221014,0,,,,ALL,,,,713,,,,,,,2301,202200000185,,,
189,1,202200000189,快速开户验证189,,RMB,2301,449,20221008175329.0,0,,,0,0,20221014,0,,,,ALL,,,,625,,,,,,,2301,202200000189,,,
205,1,202200000205,快速开户验证205,,RMB,2301,640,20221008183405.0,0,,,0,0,20221014,0,,,,ALL,,,,845,,,,,,,2301,202200000205,,,
021,1,20220000021,开户流程验证021,,RMB,2301,629,20221008183145.0,0,,,0,0,20221014,0,,,,,,,,834,,,,,,,2301,,,,
212,1,202200000212,快速开户验证212,,RMB,2301,534,20221008181306.0,0,,,0,0,20221014,0,,,,ALL,,,,729,,,,,,,2301,202200000212,,,
217,1,202200000217,快速开户验证217,,RMB,2301,706,,0,,,0,0,20221014,0,,,,ALL,,,,916,,,,,,,2301,202200000217,,,
221,1,202200000221,快速开户验证221,,RMB,2301,536,20221008181347.0,0,,,0,0,20221014,0,,,,ALL,,,,731,,,,,,,2301,202200000221,,,
222,1,202200000222,快速开户验证222,,RMB,2301,531,20221008181206.0,0,,,0,0,20221014,0,,,,ALL,,,,726,,,,,,,2301,202200000222,,,
233,1,202200000233,快速开户验证233,,RMB,2301,792,,1,,,0,0,20221014,0,,,,ALL,,,,1024,,,,,,,2301,202200000233,,,
236,1,202200000236,快速开户验证236,,RMB,2301,521,20221008180846.0,0,,,0,0,20221014,0,,,,ALL,,,,716,,,,,,,2301,202200000236,,,
024,1,20220000024,开户流程验证024,,RMB,2301,601,20221008182441.0,0,,,0,0,20221014,0,,,,,,,,806,,,,,,,2301,,,,
240,1,202200000240,快速开户验证240,,RMB,2301,476,20221008180039.0,0,,,0,0,20221014,0,,,,ALL,,,,661,,,,,,,2301,202200000240,,,
244,1,202200000244,快速开户验证244,,RMB,2301,734,,0,,,0,0,20221014,0,,,,ALL,,,,944,,,,,,,2301,202200000244,,,
246,1,202200000246,快速开户验证246,,RMB,2301,714,,0,,,0,0,20221014,0,,,,ALL,,,,924,,,,,,,2301,202200000246,,,
271,1,202200000271,快速开户验证271,,RMB,2301,721,,0,,,0,0,20221014,0,,,,ALL,,,,931,,,,,,,2301,202200000271,,,
274,1,202200000274,快速开户验证274,,RMB,2301,440,20221008175049.0,0,,,0,0,20221014,0,,,,ALL,,,,616,,,,,,,2301,202200000274,,,
280,1,202200000280,快速开户验证280,,RMB,2301,450,20221008175349.0,0,,,0,0,20221014,0,,,,ALL,,,,626,,,,,,,2301,202200000280,,,
294,1,202200000294,快速开户验证294,,RMB,2301,426,20221008174609.0,0,,,0,0,20221014,0,,,,ALL,,,,601,,,,,,,2301,202200000294,,,
328,1,202200000328,快速开户验证328,,RMB,2301,543,20221008181547.0,0,,,0,0,20221014,0,,,,ALL,,,,738,,,,,,,2301,202200000328,,,
033,1,20220000033,开户流程验证033,,RMB,2301,613,20221008182742.0,0,,,0,0,20221014,0,,,,,,,,818,,,,,,,2301,,,,
333,1,202200000333,快速开户验证333,,RMB,2301,797,,0,,,0,0,20221014,0,,,,ALL,,,,1033,,,,,,,2301,202200000333,,,
035,1,20220000035,开户流程验证035,,RMB,2301,585,20221008182117.0,0,,,0,0,20221014,0,,,,,,,,788,,,,,,,2301,,,,
355,1,202200000355,快速开户验证355,,RMB,2301,530,20221008181146.0,0,,,0,0,20221014,0,,,,ALL,,,,725,,,,,,,2301,202200000355,,,
360,1,202200000360,快速开户验证360,,RMB,2301,606,20221008182541.0,0,,,0,0,20221014,0,,,,ALL,,,,811,,,,,,,2301,202200000360,,,
364,1,202200000364,快速开户验证364,,RMB,2301,478,20221008180119.0,0,,,0,0,20221014,0,,,,ALL,,,,663,,,,,,,2301,202200000364,,,
383,1,202200000383,快速开户验证383,,RMB,2301,569,20221008182015.0,0,,,0,0,20221014,0,,,,ALL,,,,772,,,,,,,2301,202200000383,,,
403,1,202200000403,快速开户验证403,,RMB,2301,538,20221008181427.0,0,,,0,0,20221014,0,,,,ALL,,,,733,,,,,,,2301,202200000403,,,
405,1,202200000405,快速开户验证405,,RMB,2301,416,20221008174329.0,0,,,0,0,20221014,0,,,,ALL,,,,591,,,,,,,2301,202200000405,,,
406,1,202200000406,快速开户验证406,,RMB,2301,522,20221008180906.0,0,,,0,0,20221014,0,,,,ALL,,,,717,,,,,,,2301,202200000406,,,
412,1,202200000412,快速开户验证412,,RMB,2301,500,20221008180501.0,0,,,0,0,20221014,0,,,,ALL,,,,693,,,,,,,2301,202200000412,,,
417,1,202200000417,快速开户验证417,,RMB,2301,527,20221008181046.0,0,,,0,0,20221014,0,,,,ALL,,,,722,,,,,,,2301,202200000417,,,
429,1,202200000429,快速开户验证429,,RMB,2301,751,,0,,,0,0,20221014,0,,,,ALL,,,,961,,,,,,,2301,202200000429,,,
432,1,202200000432,快速开户验证432,,RMB,2301,695,20221008184306.0,0,,,0,0,20221014,0,,,,ALL,,,,903,,,,,,,2301,202200000432,,,
438,1,202200000438,快速开户验证438,,RMB,2301,793,,1,,,0,0,20221014,0,,,,ALL,,,,1025,,,,,,,2301,202200000438,,,
454,1,202200000454,快速开户验证454,,RMB,2301,698,20221008184326.0,0,,,0,0,20221014,0,,,,ALL,,,,906,,,,,,,2301,202200000454,,,
477,1,202200000477,快速开户验证477,,RMB,2301,610,20221008182641.0,0,,,0,0,20221014,0,,,,ALL,,,,815,,,,,,,2301,202200000477,,,
495,1,202200000495,快速开户验证495,,RMB,2301,520,20221008180826.0,0,,,0,0,20221014,0,,,,ALL,,,,715,,,,,,,2301,202200000495,,,
503,1,202200000503,快速开户验证503,,RMB,2301,683,20221008184146.0,0,,,0,0,20221014,0,,,,ALL,,,,890,,,,,,,2301,202200000503,,,
517,1,202200000517,快速开户验证517,,RMB,2301,439,20221008175029.0,0,,,0,0,20221014,0,,,,ALL,,,,615,,,,,,,2301,202200000517,,,
519,1,202200000519,快速开户验证519,,RMB,2301,709,,0,,,0,0,20221014,0,,,,ALL,,,,919,,,,,,,2301,202200000519,,,
521,1,202200000521,快速开户验证521,,RMB,2301,791,,1,,,0,0,20221014,0,,,,ALL,,,,1023,,,,,,,2301,202200000521,,,
526,1,202200000526,快速开户验证526,,RMB,2301,421,20221008174429.0,0,,,0,0,20221014,0,,,,ALL,,,,596,,,,,,,2301,202200000526,,,
532,1,202200000532,快速开户验证532,,RMB,2301,436,20221008174929.0,0,,,0,0,20221014,0,,,,ALL,,,,612,,,,,,,2301,202200000532,,,
054,1,20220000054,开户流程验证054,,RMB,2301,638,,0,,,0,0,20221014,0,,,,,,,,843,,,,,,,2301,,,,
546,1,202200000546,快速开户验证546,,RMB,2301,673,20221008184006.0,0,,,0,0,20221014,0,,,,ALL,,,,880,,,,,,,2301,202200000546,,,
550,1,202200000550,快速开户验证550,,RMB,2301,446,20221008175229.0,0,,,0,0,20221014,0,,,,ALL,,,,622,,,,,,,2301,202200000550,,,
563,1,202200000563,快速开户验证563,,RMB,2301,669,20221008183926.0,0,,,0,0,20221014,0,,,,ALL,,,,876,,,,,,,2301,202200000563,,,
571,1,202200000571,快速开户验证571,,RMB,2301,743,,0,,,0,0,20221014,0,,,,ALL,,,,953,,,,,,,2301,202200000571,,,
574,1,202200000574,快速开户验证574,,RMB,2301,655,20221008183746.0,0,,,0,0,20221014,0,,,,ALL,,,,860,,,,,,,2301,202200000574,,,
575,1,202200000575,快速开户验证575,,RMB,2301,612,20221008182722.0,1,,,0,0,20221014,0,,,,ALL,,,,817,,,,,,,2301,202200000575,,,
576,1,202200000576,快速开户验证576,,RMB,2301,417,20221008174349.0,0,,,0,0,20221014,0,,,,ALL,,,,592,,,,,,,2301,202200000576,,,
587,1,202200000587,快速开户验证587,,RMB,2301,608,20221008182601.0,0,,,0,0,20221014,0,,,,ALL,,,,813,,,,,,,2301,202200000587,,,
601,1,202200000601,快速开户验证601,,RMB,2301,540,20221008181507.0,0,,,0,0,20221014,0,,,,ALL,,,,735,,,,,,,2301,202200000601,,,
617,1,202200000617,快速开户验证617,,RMB,2301,501,20221008180521.0,0,,,0,0,20221014,0,,,,ALL,,,,694,,,,,,,2301,202200000617,,,
062,1,20220000062,开户流程验证062,,RMB,2301,402,20221008174149.0,0,,,0,0,20221014,0,,,,,,,,575,,,,,,,2301,,,,
623,1,202200000623,快速开户验证623,,RMB,2301,388,20221008174129.0,0,,,0,0,20221014,0,,,,ALL,,,,558,,,,,,,2301,202200000623,,,
640,1,202200000640,快速开户验证640,,RMB,2301,717,,0,,,0,0,20221014,0,,,,ALL,,,,927,,,,,,,2301,202200000640,,,
648,1,202200000648,快速开户验证648,,RMB,2301,499,20221008180441.0,0,,,0,0,20221014,0,,,,ALL,,,,692,,,,,,,2301,202200000648,,,
650,1,202200000650,快速开户验证650,,RMB,2301,455,20221008175529.0,0,,,0,0,20221014,0,,,,ALL,,,,633,,,,,,,2301,202200000650,,,
667,1,202200000667,快速开户验证667,,RMB,2301,776,,0,,,0,0,20221014,0,,,,ALL,,,,1008,,,,,,,2301,202200000667,,,
693,1,202200000693,快速开户验证693,,RMB,2301,427,20221008174629.0,0,,,0,0,20221014,0,,,,ALL,,,,602,,,,,,,2301,202200000693,,,
694,1,202200000694,快速开户验证694,,RMB,2301,448,20221008175309.0,0,,,0,0,20221014,0,,,,ALL,,,,624,,,,,,,2301,202200000694,,,
695,1,202200000695,快速开户验证695,,RMB,2301,800,,0,,,0,0,20221014,0,,,,ALL,,,,1036,,,,,,,2301,202200000695,,,
707,1,202200000707,快速开户验证707,,RMB,2301,451,20221008175409.0,0,,,0,0,20221014,0,,,,ALL,,,,627,,,,,,,2301,202200000707,,,
726,1,202200000726,快速开户验证726,,RMB,2301,615,20221008182823.0,0,,,0,0,20221014,0,,,,ALL,,,,820,,,,,,,2301,202200000726,,,
743,1,202200000743,快速开户验证743,,RMB,2301,686,20221008184206.0,0,,,0,0,20221014,0,,,,ALL,,,,893,,,,,,,2301,202200000743,,,
757,1,202200000757,快速开户验证757,,RMB,2301,790,,1,,,0,0,20221014,0,,,,ALL,,,,1022,,,,,,,2301,202200000757,,,
760,1,202200000760,快速开户验证760,,RMB,2301,619,20221008182945.0,1,,,0,0,20221014,0,,,,ALL,,,,824,,,,,,,2301,202200000760,,,
762,1,202200000762,快速开户验证762,,RMB,2301,458,20221008175629.0,0,,,0,0,20221014,0,,,,ALL,,,,636,,,,,,,2301,202200000762,,,
766,1,202200000766,快速开户验证766,,RMB,2301,588,20221008182138.0,1,,,0,0,20221014,0,,,,ALL,,,,791,,,,,,,2301,202200000766,,,
077,1,20220000077,开户流程验证077,,RMB,2301,639,20221008183345.0,0,,,0,0,20221014,0,,,,,,,,844,,,,,,,2301,,,,
771,1,202200000771,快速开户验证771,,RMB,2301,659,20221008183826.0,0,,,0,0,20221014,0,,,,ALL,,,,864,,,,,,,2301,202200000771,,,
781,1,202200000781,快速开户验证781,,RMB,2301,624,20221008183105.0,0,,,0,0,20221014,0,,,,ALL,,,,829,,,,,,,2301,202200000781,,,
783,1,202200000783,快速开户验证783,,RMB,2301,424,20221008174529.0,0,,,0,0,20221014,0,,,,ALL,,,,599,,,,,,,2301,202200000783,,,
786,1,202200000786,快速开户验证786,,RMB,2301,618,20221008182924.0,1,,,0,0,20221014,0,,,,ALL,,,,823,,,,,,,2301,202200000786,,,
792,1,202200000792,快速开户验证792,,RMB,2301,537,20221008181407.0,0,,,0,0,20221014,0,,,,ALL,,,,732,,,,,,,2301,202200000792,,,
810,1,202200000810,快速开户验证810,,RMB,2301,524,20221008180946.0,0,,,0,0,20221014,0,,,,ALL,,,,719,,,,,,,2301,202200000810,,,
814,1,202200000814,快速开户验证814,,RMB,2301,444,20221008175209.0,0,,,0,0,20221014,0,,,,ALL,,,,620,,,,,,,2301,202200000814,,,
829,1,202200000829,快速开户验证829,,RMB,2301,459,20221008175649.0,0,,,0,0,20221014,0,,,,ALL,,,,637,,,,,,,2301,202200000829,,,
833,1,202200000833,快速开户验证833,,RMB,2301,600,20221008182421.0,1,,,0,0,20221014,0,,,,ALL,,,,805,,,,,,,2301,202200000833,,,
835,1,202200000835,快速开户验证835,,RMB,2301,614,20221008182803.0,1,,,0,0,20221014,0,,,,ALL,,,,819,,,,,,,2301,202200000835,,,
849,1,202200000849,快速开户验证849,,RMB,2301,435,20221008174909.0,0,,,0,0,20221014,0,,,,ALL,,,,611,,,,,,,2301,202200000849,,,
851,1,202200000851,快速开户验证851,,RMB,2301,528,20221008181106.0,0,,,0,0,20221014,0,,,,ALL,,,,723,,,,,,,2301,202200000851,,,
860,1,202200000860,快速开户验证860,,RMB,2301,611,20221008182701.0,0,,,0,0,20221014,0,,,,ALL,,,,816,,,,,,,2301,202200000860,,,
886,1,202200000886,快速开户验证886,,RMB,2301,430,20221008174729.0,0,,,0,0,20221014,0,,,,ALL,,,,605,,,,,,,2301,202200000886,,,
889,1,202200000889,快速开户验证889,,RMB,2301,556,20221008181915.0,1,,,0,0,20221014,0,,,,ALL,,,,751,,,,,,,2301,202200000889,,,
909,1,202200000909,快速开户验证909,,RMB,2301,434,20221008174849.0,0,,,0,0,20221014,0,,,,ALL,,,,610,,,,,,,2301,202200000909,,,
923,1,202200000923,快速开户验证923,,RMB,2301,748,,0,,,0,0,20221014,0,,,,ALL,,,,958,,,,,,,2301,202200000923,,,
927,1,202200000927,快速开户验证927,,RMB,2301,456,20221008175549.0,0,,,0,0,20221014,0,,,,ALL,,,,634,,,,,,,2301,202200000927,,,
930,1,202200000930,快速开户验证930,,RMB,2301,740,,0,,,0,0,20221014,0,,,,ALL,,,,950,,,,,,,2301,202200000930,,,
934,1,202200000934,快速开户验证934,,RMB,2301,609,20221008182621.0,0,,,0,0,20221014,0,,,,ALL,,,,814,,,,,,,2301,202200000934,,,
940,1,202200000940,快速开户验证940,,RMB,2301,533,20221008181246.0,0,,,0,0,20221014,0,,,,ALL,,,,728,,,,,,,2301,202200000940,,,
955,1,202200000955,快速开户验证955,,RMB,2301,423,20221008174509.0,0,,,0,0,20221014,0,,,,ALL,,,,598,,,,,,,2301,202200000955,,,
962,1,202200000962,快速开户验证962,,RMB,2301,617,20221008182903.0,0,,,0,0,20221014,0,,,,ALL,,,,822,,,,,,,2301,202200000962,,,
966,1,202200000966,快速开户验证966,,RMB,2301,477,20221008180059.0,0,,,0,0,20221014,0,,,,ALL,,,,662,,,,,,,2301,202200000966,,,
969,1,202200000969,快速开户验证969,,RMB,2301,457,20221008175609.0,0,,,0,0,20221014,0,,,,ALL,,,,635,,,,,,,2301,202200000969,,,
983,1,202200000983,快速开户验证983,,RMB,2301,429,20221008174709.0,0,,,0,0,20221014,0,,,,ALL,,,,604,,,,,,,2301,202200000983,,,
2022,1,202200001011,wr内存刷新验证,,RMB,2301,249,20221008170311.0,0,,,0,0,20221014,0,,,,,,,,,,,,,,,2301,,,,2301
109,1,20220000109,开户流程验证109,,RMB,2301,498,20221008180421.0,0,,,0,0,20221014,0,,,,,,,,691,,,,,,,2301,,,,
012,1,202200001111,开户流程验证,,RMB,2301,389,,0,,,0,0,20221014,0,,,,,,,,559,,,,,,,2301,,,,
NAN,1,202200001158,wr交易测试03,,RMB,2301,245,0.0,0,,,0,0,20221014,0,,,,0^1^2^3^4^5^6^7^D^F^S^X^Y^Z^N^H^V^Q^8^U,,,,339,,,,,,,2301,202200001158,,,
2022,1,202200001161,wr20交易测试,,RMB,2301,231,20221008165254.0,0,,,0,0,20221014,0,,,,,,,,,,,,,,,2301,,,,2301
131,1,20220000131,开户流程验证131,,RMB,2301,654,20221008183726.0,0,,,0,0,20221014,0,,,,,,,,859,,,,,,,2301,,,,
2022,1,202200001526,快速开户验证,,RMB,2301,382,20221008174029.0,0,,,0,0,20221014,0,,,,ALL,,,,551,,,,,,,2301,202200001526,,,
155,1,20220000155,开户流程验证155,,RMB,2301,567,20221008181935.0,0,,,0,0,20221014,0,,,,,,,,770,,,,,,,2301,,,,
157,1,20220000157,开户流程验证157,,RMB,2301,660,,0,,,0,0,20221014,0,,,,,,,,865,,,,,,,2301,,,,
172,1,20220000172,开户流程验证172,,RMB,2301,775,,0,,,0,0,20221014,0,,,,,,,,1007,,,,,,,2301,,,,
174,1,20220000174,开户流程验证174,,RMB,2301,589,,0,,,0,0,20221014,0,,,,,,,,792,,,,,,,2301,,,,
810,1,202200001810,快速开户验证810,,RMB,2301,525,20221008181006.0,0,,,0,0,20221014,0,,,,ALL,,,,720,,,,,,,2301,202200000810,,,
184,1,20220000184,开户流程验证184,,RMB,2301,623,20221008183045.0,0,,,0,0,20221014,0,,,,,,,,828,,,,,,,2301,,,,
236,1,20220000236,开户流程验证236,,RMB,2301,719,,0,,,0,0,20221014,0,,,,,,,,929,,,,,,,2301,,,,
245,1,20220000245,开户流程验证245,,RMB,2301,544,20221008181607.0,0,,,0,0,20221014,0,,,,,,,,739,,,,,,,2301,,,,
259,1,20220000259,开户流程验证259,,RMB,2301,492,20221008180321.0,0,,,0,0,20221014,0,,,,,,,,678,,,,,,,2301,,,,
261,1,20220000261,开户流程验证261,,RMB,2301,,,0,,,0,0,20221014,0,,,,,,,,,,,,,,,2301,,,,
278,1,20220000278,开户流程验证278,,RMB,2301,628,,0,,,0,0,20221014,0,,,,,,,,833,,,,,,,2301,,,,
289,1,20220000289,开户流程验证289,,RMB,2301,733,,0,,,0,0,20221014,0,,,,,,,,943,,,,,,,2301,,,,
293,1,20220000293,开户流程验证293,,RMB,2301,466,20221008175859.0,0,,,0,0,20221014,0,,,,,,,,647,,,,,,,2301,,,,
312,1,20220000312,开户流程验证312,,RMB,2301,,,0,,,0,0,20221014,0,,,,,,,,,,,,,,,2301,,,,
331,1,20220000331,开户流程验证331,,RMB,2301,592,20221008182158.0,0,,,0,0,20221014,0,,,,,,,,797,,,,,,,2301,,,,
339,1,20220000339,开户流程验证339,,RMB,2301,711,,0,,,0,0,20221014,0,,,,,,,,921,,,,,,,2301,,,,
342,1,20220000342,开户流程验证342,,RMB,2301,710,,0,,,0,0,20221014,0,,,,,,,,920,,,,,,,2301,,,,
349,1,20220000349,开户流程验证349,,RMB,2301,475,20221008180019.0,0,,,0,0,20221014,0,,,,,,,,660,,,,,,,2301,,,,
390,1,20220000390,开户流程验证390,,RMB,2301,726,,0,,,0,0,20221014,0,,,,,,,,936,,,,,,,2301,,,,
393,1,20220000393,开户流程验证393,,RMB,2301,703,,0,,,0,0,20221014,0,,,,,,,,913,,,,,,,2301,,,,
394,1,20220000394,开户流程验证394,,RMB,2301,607,,0,,,0,0,20221014,0,,,,,,,,812,,,,,,,2301,,,,
400,1,20220000400,开户流程验证400,,RMB,2301,718,,0,,,0,0,20221014,0,,,,,,,,928,,,,,,,2301,,,,
405,1,20220000405,开户流程验证405,,RMB,2301,739,,0,,,0,0,20221014,0,,,,,,,,949,,,,,,,2301,,,,
441,1,20220000441,开户流程验证441,,RMB,2301,595,20221008182238.0,0,,,0,0,20221014,0,,,,,,,,800,,,,,,,2301,,,,
454,1,20220000454,开户流程验证454,,RMB,2301,602,20221008182501.0,0,,,0,0,20221014,0,,,,,,,,807,,,,,,,2301,,,,
482,1,20220000482,开户流程验证482,,RMB,2301,699,,0,,,0,0,20221014,0,,,,,,,,907,,,,,,,2301,,,,
507,1,20220000507,开户流程验证507,,RMB,2301,692,20221008184226.0,0,,,0,0,20221014,0,,,,,,,,900,,,,,,,2301,,,,
522,1,20220000522,开户流程验证522,,RMB,2301,586,,0,,,0,0,20221014,0,,,,,,,,789,,,,,,,2301,,,,
543,1,20220000543,开户流程验证543,,RMB,2301,479,20221008180139.0,0,,,0,0,20221014,0,,,,,,,,664,,,,,,,2301,,,,
572,1,20220000572,开户流程验证572,,RMB,2301,720,,0,,,0,0,20221014,0,,,,,,,,930,,,,,,,2301,,,,
576,1,20220000576,开户流程验证576,,RMB,2301,425,20221008174549.0,0,,,0,0,20221014,0,,,,,,,,600,,,,,,,2301,,,,
583,1,20220000583,开户流程验证583,,RMB,2301,597,20221008182318.0,0,,,0,0,20221014,0,,,,,,,,802,,,,,,,2301,,,,
592,1,20220000592,开户流程验证592,,RMB,2301,652,20221008183706.0,0,,,0,0,20221014,0,,,,,,,,857,,,,,,,2301,,,,
595,1,20220000595,开户流程验证595,,RMB,2301,801,,0,,,0,0,20221014,0,,,,,,,,1037,,,,,,,2301,,,,
597,1,20220000597,开户流程验证597,,RMB,2301,568,20221008181955.0,0,,,0,0,20221014,0,,,,,,,,771,,,,,,,2301,,,,
599,1,20220000599,开户流程验证599,,RMB,2301,728,,0,,,0,0,20221014,0,,,,,,,,938,,,,,,,2301,,,,
605,1,20220000605,开户流程验证605,,RMB,2301,752,,0,,,0,0,20221014,0,,,,,,,,962,,,,,,,2301,,,,
618,1,20220000618,开户流程验证618,,RMB,2301,667,20221008183906.0,0,,,0,0,20221014,0,,,,,,,,874,,,,,,,2301,,,,
623,1,20220000623,开户流程验证623,,RMB,2301,390,,0,,,0,0,20221014,0,,,,,,,,,,,,,,,2301,,,,
625,1,20220000625,开户流程验证625,,RMB,2301,674,,0,,,0,0,20221014,0,,,,,,,,881,,,,,,,2301,,,,
626,1,20220000626,开户流程验证626,,RMB,2301,442,20221008175129.0,0,,,0,0,20221014,0,,,,,,,,618,,,,,,,2301,,,,
639,1,20220000639,开户流程验证639,,RMB,2301,453,20221008175449.0,0,,,0,0,20221014,0,,,,,,,,629,,,,,,,2301,,,,
652,1,20220000652,开户流程验证652,,RMB,2301,680,20221008184106.0,0,,,0,0,20221014,0,,,,,,,,887,,,,,,,2301,,,,
667,1,20220000667,开户流程验证667,,RMB,2301,713,,0,,,0,0,20221014,0,,,,,,,,923,,,,,,,2301,,,,
681,1,20220000681,开户流程验证681,,RMB,2301,637,20221008183325.0,0,,,0,0,20221014,0,,,,,,,,842,,,,,,,2301,,,,
686,1,20220000686,开户流程验证686,,RMB,2301,796,,0,,,0,0,20221014,0,,,,,,,,1032,,,,,,,2301,,,,
699,1,20220000699,开户流程验证699,,RMB,2301,747,,0,,,0,0,20221014,0,,,,,,,,957,,,,,,,2301,,,,
711,1,20220000711,开户流程验证711,,RMB,2301,428,20221008174649.0,0,,,0,0,20221014,0,,,,,,,,603,,,,,,,2301,,,,
713,1,20220000713,开户流程验证713,,RMB,2301,,,0,,,0,0,20221014,0,,,,,,,,,,,,,,,2301,,,,
718,1,20220000718,开户流程验证718,,RMB,2301,596,20221008182258.0,0,,,0,0,20221014,0,,,,,,,,801,,,,,,,2301,,,,
730,1,20220000730,开户流程验证730,,RMB,2301,705,,0,,,0,0,20221014,0,,,,,,,,915,,,,,,,2301,,,,
734,1,20220000734,开户流程验证734,,RMB,2301,410,20221008174249.0,0,,,0,0,20221014,0,,,,,,,,585,,,,,,,2301,,,,
748,1,20220000748,开户流程验证748,,RMB,2301,409,20221008174229.0,0,,,0,0,20221014,0,,,,,,,,584,,,,,,,2301,,,,
753,1,20220000753,开户流程验证753,,RMB,2301,452,20221008175429.0,0,,,0,0,20221014,0,,,,,,,,628,,,,,,,2301,,,,
760,1,20220000760,开户流程验证760,,RMB,2301,443,20221008175149.0,0,,,0,0,20221014,0,,,,,,,,619,,,,,,,2301,,,,
761,1,20220000761,开户流程验证761,,RMB,2301,744,,0,,,0,0,20221014,0,,,,,,,,954,,,,,,,2301,,,,
770,1,20220000770,开户流程验证770,,RMB,2301,779,,0,,,0,0,20221014,0,,,,,,,,1011,,,,,,,2301,,,,
789,1,20220000789,开户流程验证789,,RMB,2301,773,,0,,,0,0,20221014,0,,,,,,,,1005,,,,,,,2301,,,,
801,1,20220000801,开户流程验证801,,RMB,2301,621,20221008183025.0,0,,,0,0,20221014,0,,,,,,,,826,,,,,,,2301,,,,
853,1,20220000853,开户流程验证853,,RMB,2301,687,,0,,,0,0,20221014,0,,,,,,,,894,,,,,,,2301,,,,
873,1,20220000873,开户流程验证873,,RMB,2301,545,20221008181628.0,0,,,0,0,20221014,0,,,,,,,,740,,,,,,,2301,,,,
909,1,20220000909,开户流程验证909,,RMB,2301,462,20221008175749.0,0,,,0,0,20221014,0,,,,,,,,640,,,,,,,2301,,,,
925,1,20220000925,开户流程验证925,,RMB,2301,644,,0,,,0,0,20221014,0,,,,,,,,849,,,,,,,2301,,,,
938,1,20220000938,开户流程验证938,,RMB,2301,682,20221008184126.0,0,,,0,0,20221014,0,,,,,,,,889,,,,,,,2301,,,,
944,1,20220000944,开户流程验证944,,RMB,2301,745,,0,,,0,0,20221014,0,,,,,,,,955,,,,,,,2301,,,,
948,1,20220000948,开户流程验证948,,RMB,2301,694,20221008184246.0,0,,,0,0,20221014,0,,,,,,,,902,,,,,,,2301,,,,
957,1,20220000957,开户流程验证957,,RMB,2301,,,0,,,0,0,20221014,0,,,,,,,,,,,,,,,2301,,,,
962,1,20220000962,开户流程验证962,,RMB,2301,725,,0,,,0,0,20221014,0,,,,,,,,935,,,,,,,2301,,,,
965,1,20220000965,开户流程验证965,,RMB,2301,412,20221008174309.0,0,,,0,0,20221014,0,,,,,,,,587,,,,,,,2301,,,,
979,1,20220000979,开户流程验证979,,RMB,2301,594,20221008182218.0,0,,,0,0,20221014,0,,,,,,,,799,,,,,,,2301,,,,
985,1,20220000985,开户流程验证985,,RMB,2301,529,20221008181126.0,0,,,0,0,20221014,0,,,,,,,,724,,,,,,,2301,,,,
ZK000001,1,202204191790,直报现货,,RMB,2301,,20221008162423.0,0,,,0,0,20221014,0,,202204191790,,ALL,,,,,,,,,,,2301,,,,
ZK000001,1,202204251788,测试现货,,RMB,2301,,0.0,0,,,0,0,20221014,0,,202204251788,,ALL,,,,,,,,,,,2301,,,,
ZK000001,1,202205091799,A现货账户,,RMB,2301,,0.0,0,,,0,0,20221014,0,,202205091799,,ALL,,,,,,,,,,,2301,,,,
QAX,1,202208041504,QAXB,,RMB,2301,,20221008164450.0,3,,,0,0,20221014,0,,,,ALL,,,,,,,,,,,2301,,,,
QAX,1,202208041508,QAXC,,RMB,2301,,0.0,3,,,0,0,20221014,0,,,,ALL,,,,,,,,,,,2301,,,,
JIBB,1,202208081526,JIBB,,RMB,2301,,20221008164540.0,3,,,0,0,20221014,0,,,,ALL,,,,,,,,,,,2301,,,,
JICC,1,202208081532,JICC,,RMB,2301,,20221008164610.0,3,,,0,0,20221014,0,,,,ALL,,,,,,,,,,,2301,,,,
JIAA,1,20220808215219,JIAA,,RMB,2301,,20221008164510.0,0,,,0,0,20221014,0,,,,ALL,,,,,,,,,,,2301,,,,
9090,1,20220810,A账户,,RMB,2301,196,20220831093853.0,0,,,0,0,20221014,0,,,,ALL,,,,263,,,,,,,2301,,,,
9090,1,20220811,B账户,,RMB,2301,197,20221008164702.0,3,,,0,0,20221014,0,,,,ALL,,,,264,,,,,,,2301,,,,
9090,1,20220812,C账户,,RMB,2301,198,20221008164732.0,3,,,0,0,20221014,0,,,,ALL,,,,265,,,,,,,2301,,,,
CS,1,20220825001,cs,,RMB,2301,233,,0,,,0,0,20221014,0,,cs001,,0^1^2^3^4^5^6^7^D^F^S^X^Y^Z^N^H^V^Q^8^U,,,,304,,,,,,,,,,,2301
NAN,1,20220830,现货账户,,HKD^RMB^USD,2301,242,20221008165559.0,0,,,0,0,20221014,0,,,,ALL,,,,,,,,,,,,,,,2301
0001,1,2022083001,zll股份调整现货资金账号,,RMB,2301,248,20221008170221.0,0,,,0,0,20221014,0,,,,,,,,,,,,,,,2301,,,,2301
0001,1,2022083002,zll股份调整期货,,RMB,2301,248,20221008170201.0,1,,,0,0,20221014,0,,,,,,,,,367,,,,,,2301,,,,
NAN,1,20220831,分中心账户,,RMB,2301,,20220831094127.0,0,,,0,0,20221014,0,,,,ALL,,,,,,,,,,,2301,,,,2301
NAN,1,20220832,新增资金账号测试测试测试七八嘻嘻嘻我西西我洗我洗我洗我洗我洗已我西喜爱,,RMB,2301,242,20221008165539.0,0,,,0,0,20221014,0,,,,ALL,,,,,,,,,,,,,,,2301
NAN,1,20220833,中后台资金账号,,RMB,2301,242,20221008165519.0,0,,,0,0,20221014,0,,,,0^1^2^3^4^5^6^7^D^F^S^X^Y^Z^N^H^V^Q^8^U,,,,338,,,,,,,2301,,,,2301
NAN,1,20220834,可用计算,,RMB,2301,242,20221008165459.0,0,,,0,0,20221014,0,,,,,,,,,,,,,,,,,,,2301
NAN,1,20220836,信用账户,,RMB,2301,246,20221008165739.0,3,,,0,0,20221014,0,,,,0^1^2^3^4^5^6^7^D^F^S^X^Y^Z^N^H^V^Q^8^U,,,,,,,,,,,,20220836,,,2301
NAN,1,20220837,信用1,,RMB,2301,246,20221008165709.0,3,,,0,0,20221014,0,,,,0^1^2^3^4^5^6^7^D^F^S^X^Y^Z^N^H^V^Q^8^U,,,,,,,,,,,,20220837,,,2301
NAN,1,20220838,新增分中心,,RMB,2301,243,20221008165639.0,0,,,0,0,20221014,0,,,,0^1^2^3^4^5^6^7^D^F^S^X^Y^Z^N^H^V^Q^8^U,,,,,,,,,,,,20220838,,,2301
NAN,1,20220840,资金账户,,RMB,2301,254,20221008170351.0,0,,,0,0,20221014,0,,,,0^1^2^3^4^5^6^7^D^F^S^X^Y^Z^N^H^V^Q^8^U,,,,363,,,,,,,,,,,2301
NAN,1,20220841,20220841,,RMB,2301,255,20221008170411.0,0,,,0,0,20221014,0,,,,,,,,364,,,,,,,,,,,2301
NAN,1,20220901,20220901,,RMB,2301,278,20221008170902.0,0,,,0,0,20221014,0,,,,0^1^2^3^4^5^6^7^8^F^S^D^Z^X^Y^N^H^U^V^W^Q^G^T,,,,399,,,,,,,2301,,,,
NAN,1,20220902,20220902,,RMB,2301,280,20221008170952.0,0,,,0,0,20221014,0,,,,0^1^2^3^4^5^6^7^8^F^S^D^Z^X^Y^N^H^U^V^W^Q^G^T,,,,402,,,,,,,2301,,,,
7432,1,202209061001,YJ期货,,RMB,2301,,0.0,1,,,0,0,20221014,0,,,,ALL,,,,,,,,,,,2301,,,,
0718,1,20220907,Bond,,RMB,2301,,20221008174809.0,0,,,0,0,20221014,0,,,,ALL,,,,,,,,,,,2301,,,,
7432,35,2022090810001,YJ现货,,RMB,2301,,20221008175509.0,0,,,0,0,20221014,0,,,,ALL,,,,,,,,,,,2301,20220906,,,
8888,1,20220915,20220915,,RMB,2301,489,20221008180301.0,0,,,0,0,20221014,0,,,,0,,,,674,,,,,,,2301,,,,
0001,1,20220926,20220926,,RMB,2301,645,,1,,,0,0,20221014,0,,,,,,,,,850,850,850,,,,2301,,,,
2022,1,20220948,wr费用验证,,RMB,2301,289,20221008171152.0,0,,,0,0,20221014,0,,,,0^1^2^3^4^5^6^7^8^F^S^D^Z^X^Y^N^H^U^V^W^Q^G^T,,,,417,,,,,,,2301,20220948,,,
0001,1,20221010,20221010资金账号,,RMB,2301,,,0,,,0,0,20221014,0,,,,,,,,,,,,,,,,,,,2301
DSSC,1,20221011,123,Htx6s4ahU1+MbOcRMeD0Rg==,RMB,2301,,20221008175819.0,3,,,0,0,20221014,0,,,,ALL,,,,,,,,,,,2301,,,,
0001,1,20221025,期货资金账号003,,RMB,2301,366,20221008173607.0,1,,,0,0,20221014,0,,,,ALL,,,,535,,,,,,,2301,20221025,,,
0001,1,20221228,快速期货1227,,RMB,2301,367,20221008173628.0,1,,,0,0,20221014,0,,,,ALL,,,,536,,,,,,,2301,20221228,,,
2022,1,20221703,wr快速开户,,RMB,2301,284,20221008171052.0,0,,,0,0,20221014,0,,,,ALL,,,,407,,,,,,,2301,20221703,,,
2022,1,20221903,20221903,,RMB,2301,249,20221008170251.0,3,,,0,0,20221014,0,,,,,,,,,,,,,,,2301,,,,
2022,1,20222022,wr快速开户验证,,RMB,2301,309,20221008171612.0,0,,,0,0,20221014,0,,,,ALL,,,,453,,,,,,,2301,20222022,,,
0712,1,22,222,,RMB,2301,,,0,,,0,0,20221014,0,,,,,,,,,,,,,,,2301,,,,
CS,1,2222,222,,RMB,2301,270,20221008170742.0,0,,,0,0,20221014,0,,,,ALL,,,,383,,,,,,,2301,2222,,,
NAN,1,2222111111,2222,,RMB,2301,317,20221008172012.0,0,,,0,0,20221014,0,,,,0^1^2^3^4^5^6^7^8^F^S^D^Z^X^Y^N^H^U^B^V^W^Q^G^T,,,,463,,,,,,,2301,,,,
0,1,222222,11111,,RMB,2301,,,0,,,0,0,20221014,0,,,,,,,,,,,,,,,2301,,,,
2022,1,223,112,,RMB,2301,679,20221008184046.0,0,,,0,0,20221014,0,,,,ALL,,,,886,,,,,,,2301,223,,,
NAN,1,23444,5555,,RMB,2301,308,,0,,,0,0,20221014,0,,,,0^1^2^3^4^5^6^7^8^F^S^D^Z^X^Y^N^H^U^B^V^W^Q^G^T,,,,451,,,,,,,2301,,,,
NAN,1,252525,test-2,,RMB,2301,259,20221008170531.0,0,,,0,0,20221014,0,,,,,,,,370,,,,,,,2301,,,,
NAN,1,2544,2344,,RMB,2301,283,20221008171032.0,0,,,0,0,20221014,0,,,,0^1^2^3^4^5^6^7^8^F^S^D^Z^X^Y^N^H^U^V^W^Q^G^T,,,,405,,,,,,,2301,,,,
NAN,1,2566333,GUI,,RMB,2301,,0.0,0,,,0,0,20221014,0,,,,ALL,,,,,,,,,,,2301,,,,
NAN,1,25666,25666,,RMB,2301,298,20221008171332.0,0,,,0,0,20221014,0,,,,0^1^2^3^4^5^6^7^8^F^S^D^Z^X^Y^N^H^U^V^W^Q^G^T,,,,427,,,,,,,2301,,,,
NAN,1,26,26,,RMB,2301,347,20221008172922.0,0,,,0,0,20221014,0,,,,ALL,,,,514,,,,,,,2301,26,,,
NAN,1,26333,哈哈,,RMB,2301,297,20221008171312.0,0,,,0,0,20221014,0,,,,0^1^2^3^4^5^6^7^8^F^S^D^Z^X^Y^N^H^U^V^W^Q^G^T,,,,426,,,,,,,2301,,,,
NAN,1,267,267,,RMB,2301,267,20221008170722.0,0,,,0,0,20221014,0,,,,,,,,380,,,,,,,2301,,,,
NAN,1,276,276,,RMB,2301,276,20221008170842.0,0,,,0,0,20221014,0,,,,0^1^2^3^4^5^6^7^8^F^S^D^Z^X^Y^N^H^U^V^W^Q^G^T,,,,390,,,,,,,2301,,,,
NAN,1,298,298,,RMB,2301,291,20221008171232.0,0,,,0,0,20221014,0,,,,0^1^2^3^4^5^6^7^8^F^S^D^Z^X^Y^N^H^U^V^W^Q^G^T,,,,419,,,,,,,2301,,,,
TH,1,30012345,TH资金账号1,,RMB,2301,221,20220913183702.0,0,,,0,0,20221014,0,,,,,,,,289,,,,,,,,,,,2301
TH,1,30012346,TH资金账户,,RMB,2301,,20221008165144.0,3,,,0,0,20221014,0,,,,,,,,,,,,,,,2301,,,,
NAN,1,321,321,,RMB,2301,361,20221008173424.0,3,,,0,0,20221014,0,,,,ALL,,,,528,,,,,,,2301,321,,,
0001,1,328778323,zjtest,,RMB,2301,329,20221008172412.0,0,,,0,0,20221014,0,,,,ALL,,,,494,,,,,,,2301,328778323,,,
G33,1,330001,330001资金账号,4KxjR/U2KkMz95ny+x/G6A==,RMB,2301,294,20221008171252.0,0,,,0,0,20221014,0,,,,,,,,423,,,,,,,2301,,,,
G33,1,33090201,33资金账号（含产品）,E/E5IlIdf91UdRqDZjCPIw==,RMB,2301,,,0,,,0,0,20221014,0,,,,,,,,,,,,,,,2301,,,,
G33,1,33202201,33资金账号,E/E5IlIdf91UdRqDZjCPIw==,RMB,2301,,,0,,,0,0,20221014,0,,,,,,,,,,,,,,,2301,,,,
080,1,333080,账号名称080,,RMB,2301,546,20221008181649.0,1,,,0,0,20221014,0,,,,,,,,741,741,741,741,,,,2301,,,,
21,1,33321,账号名称21,,RMB,2301,485,20221008180220.0,1,,,0,0,20221014,0,,,,,,,,670,670,670,670,,,,2301,,,,
239,1,333239,账号名称239,,RMB,2301,758,20221011132209.0,1,,,0,0,20221014,0,,,,,,,,978,978,978,978,,,,2301,,,,
262,1,333262,账号名称262,,RMB,2301,760,20221011132251.0,1,,,0,0,20221014,0,,,,,,,,984,984,984,984,,,,2301,,,,
296,1,333296,账号名称296,,RMB,2301,535,20221008181327.0,1,,,0,0,20221014,0,,,,,,,,730,730,730,730,,,,2301,,,,
314,1,333314,账号名称314,,RMB,2301,504,20221008180603.0,1,,,0,0,20221014,0,,,,,,,,697,697,697,697,,,,2301,,,,
NAN,1,33333,33333,,RMB,2301,355,20221008173202.0,0,,,0,0,20221014,0,,,,0^1^2^3^4^5^6^7^8^F^S^D^Z^X^Y^N^H^U^B^V^W^Q^G^T,,,,522,,,,,,,2301,,,,
348,1,333348,账号名称348,,RMB,2301,550,20221008181812.0,1,,,0,0,20221014,0,,,,,,,,745,745,745,745,,,,2301,,,,
397,1,333397,账号名称397,,RMB,2301,764,20221011132354.0,1,,,0,0,20221014,0,,,,,,,,994,994,994,994,,,,2301,,,,
441,1,333441,账号名称441,,RMB,2301,595,,1,,,0,0,20221014,0,,,,,,,,966,966,966,966,,,,2301,,,,
471,1,333471,账号名称471,,RMB,2301,753,,1,,,0,0,20221014,0,,,,,,,,963,963,963,963,,,,2301,,,,
493,1,333493,账号名称493,,RMB,2301,757,20221011132148.0,1,,,0,0,20221014,0,,,,,,,,975,975,975,975,,,,2301,,,,
497,1,333497,账号名称497,,RMB,2301,759,20221011132230.0,1,,,0,0,20221014,0,,,,,,,,981,981,981,981,,,,2301,,,,
51,1,33351,账号名称51,,RMB,2301,503,20221008180542.0,1,,,0,0,20221014,0,,,,,,,,696,696,696,696,,,,2301,,,,
587,1,333587,账号名称587,,RMB,2301,608,,1,,,0,0,20221014,0,,,,,,,,969,969,969,969,,,,2301,,,,
62,1,33362,账号名称62,,RMB,2301,402,,1,,,0,0,20221014,0,,,,,,,,695,695,695,695,,,,2301,,,,
653,1,333653,账号名称653,,RMB,2301,510,20221008180725.0,1,,,0,0,20221014,0,,,,,,,,703,703,703,703,,,,2301,,,,
673,1,333673,账号名称673,,RMB,2301,762,20221011132312.0,1,,,0,0,20221014,0,,,,,,,,988,988,988,988,,,,2301,,,,
841,1,333841,账号名称841,,RMB,2301,548,20221008181730.0,1,,,0,0,20221014,0,,,,,,,,743,743,743,743,,,,2301,,,,
855,1,333855,账号名称855,,RMB,2301,549,20221008181751.0,1,,,0,0,20221014,0,,,,,,,,744,744,744,744,,,,2301,,,,
878,1,333878,账号名称878,,RMB,2301,763,20221011132333.0,1,,,0,0,20221014,0,,,,,,,,991,991,991,991,,,,2301,,,,
8892,1,3338892,账号名称8892,,RMB,2301,,,1,,,0,0,20221014,0,,,,,,,,558,558,558,558,,,,2301,,,,
92,1,33392,账号名称92,,RMB,2301,486,20221008180241.0,1,,,0,0,20221014,0,,,,,,,,671,671,671,671,,,,2301,,,,
956,1,333956,账号名称956,,RMB,2301,511,20221008180746.0,1,,,0,0,20221014,0,,,,,,,,704,704,704,704,,,,2301,,,,
976,1,333976,账号名称976,,RMB,2301,756,20221011132127.0,1,,,0,0,20221014,0,,,,,,,,972,972,972,972,,,,2301,,,,
980,1,333980,账号名称980,,RMB,2301,765,20221011132415.0,1,,,0,0,20221014,0,,,,,,,,997,997,997,997,,,,2301,,,,
991,1,333991,账号名称991,,RMB,2301,769,,1,,,0,0,20221014,0,,,,,,,,1001,1001,1001,1001,,,,2301,,,,
times,1,333times,账号名称times,,RMB,2301,,,1,,,0,0,20221014,0,,,,,,,,702,702,702,702,,,,2301,,,,
OTCD,1,33441,对账上海,,RMB,2301,,20221008162123.0,0,,,0,0,20221014,0,,,,ALL,,,,,,,,,,,2301,,,,
OTCD,1,33442,对账上海2,,RMB,2301,,20221008162043.0,0,,,0,0,20221014,0,,,,ALL,,,,,,,,,,,2301,,,,
OTCD,1,33443,对账深圳,,RMB,2301,,20221008162103.0,0,,,0,0,20221014,0,,,,ALL,,,,,,,,,,,2301,,,,
0,1,34555,4444,,RMB,2301,770,,0,,,0,0,20221014,0,,,,ALL,,,,1002,,,,,,,2301,34555,,,
0,1,3455589999,555,,RMB,2301,771,,0,,,0,0,20221014,0,,,,0^1^2^3^4^5^6^7^8^F^S^D^Z^X^Y^N^H^U^B^V^W^Q^G^T,,,,1003,,,,,,,2301,,,,
NAN,1,356666,44444,,RMB,2301,304,20221008171512.0,0,,,0,0,20221014,0,,,,0^1^2^3^4^5^6^7^8^F^S^D^Z^X^Y^N^H^U^B^V^W^Q^G^T,,,,439,,,,,,,2301,,,,
NAN,1,36,36,,RMB,2301,342,20221008172842.0,0,,,0,0,20221014,0,,,,ALL,,,,508,,,,,,,2301,36,,,
NAN,1,365,365,,RMB,2301,368,20221008173648.0,0,,,0,0,20221014,0,,,,ALL,,,,537,,,,,,,2301,365,,,
NAN,1,36655,25666,,RMB,2301,299,20221008171352.0,0,,,0,0,20221014,0,,,,ALL,,,,429,,,,,,,2301,36655,,,
NAN,1,3p,3p,,RMB,2301,331,20221008172502.0,0,,,0,0,20221014,0,,,,0^1^2^3^4^5^6^7^8^F^S^D^Z^X^Y^N^H^U^B^V^W^Q^G^T,,,,497,,,,,,,2301,,,,
0809,1,4343,3434,,RMB,2301,,,0,,,0,0,20221014,0,,,,,,,,,,,,,,,2301,,,,
NAN,1,455555,SS,,RMB,2301,303,20221008171452.0,0,,,0,0,20221014,0,,,,0^1^2^3^4^5^6^7^8^F^S^D^Z^X^Y^N^H^U^B^V^W^Q^G^T,,,,433,,,,,,,2301,,,,
NAN,1,45644,45644,,RMB,2301,265,,0,,,0,0,20221014,0,,,,,,,,378,,,,,,,2301,,,,
0001,1,458963,资金账户,,RMB,2301,324,20221008172232.0,0,,,0,0,20221014,0,,,,ALL,,,,489,,,,,,,2301,458963,,,
8888,1,505066,2022pp,,RMB,2301,,0.0,0,,,0,0,20221014,0,,,,ALL,,,,,,,,,,,2301,,,,
NAN,1,52525252,资金股份调整,,RMB,2301,,20221008170451.0,0,,,0,0,20221014,0,,,,ALL,,,,,,,,,,,2301,,,,
NAN,1,5266666,资产推内存,,RMB,2301,261,,0,,,0,0,20221014,0,,,,,,,,372,,,,,,,2301,,,,
0001,1,555,555,,RMB,2301,,,0,,,0,0,20221014,0,,,,,,,,,,,,,,,2101,555,,,
0001,1,5555,5555,,RMB,2301,672,20221008183946.0,0,,,0,0,20221014,0,,,,ALL,,,,879,,,,,,,2301,5555,,,
NAN,1,556,556,,RMB,2301,330,20221008172442.0,3,,,0,0,20221014,0,,,,ALL,,,,495,,,,,,,2301,556,,,
NAN,1,5622,2566,,RMB,2301,282,20221008171012.0,0,,,0,0,20221014,0,,,,0^1^2^3^4^5^6^7^8^F^S^D^Z^X^Y^N^H^U^V^W^Q^G^T,,,,404,,,,,,,2301,,,,
NAN,1,58585858,快速开户,,RMB,2301,290,20221008171212.0,0,,,0,0,20221014,0,,,,ALL,,,,418,,,,,,,2301,58585858,,,
NAN,1,589,589,,RMB,2301,351,20221008173042.0,0,,,0,0,20221014,0,,,,ALL,,,,518,,,,,,,2301,589,,,
NAN,1,64,64,,RMB,2301,346,20221008172902.0,0,,,0,0,20221014,0,,,,ALL,,,,513,,,,,,,2301,64,,,
NAN,1,654,654,,RMB,2301,349,20221008173002.0,0,,,0,0,20221014,0,,,,ALL,,,,516,,,,,,,2301,654,,,
0001,1,666,666,,RMB,2301,,,1,,,0,0,20221014,0,,,,,,,,,,,,,,,2301,555,,,
SMJG,1,66600002,SMCP2,tCBw0VBah2ZfySbnFk90rg==,RMB,2301,,20221008165418.0,3,,,0,0,20221014,0,,,,ALL,,,,,,,,,,,2301,,,,
0,1,666666,jing,,RMB,2301,794,,0,,,0,0,20221014,0,,,,ALL,,,,1026,,,,,,,2301,666666,,,
0,1,666667,selin,,RMB,2301,,,0,,,0,0,20221014,0,,,,,,,,,,,,,,,2301,,,,
NAN,1,692,692,,RMB,2301,371,20221008173749.0,0,,,0,0,20221014,0,,,,ALL,,,,540,,,,,,,2301,692,,,
NAN,1,695,695,,RMB,2301,373,20221008173849.0,3,,,0,0,20221014,0,,,,ALL,,,,542,,,,,,,2301,695,,,
NAN,1,698,698,,RMB,2301,364,20221008173526.0,0,,,0,0,20221014,0,,,,ALL,,,,531,,,,,,,2301,698,,,
NAN,1,741,741,,RMB,2301,360,20221008173353.0,3,,,0,0,20221014,0,,,,ALL,,,,527,,,,,,,2301,741,,,
NAN,1,768,768,,RMB,2301,374,20221008173909.0,0,,,0,0,20221014,0,,,,ALL,,,,543,,,,,,,2301,768,,,
xx,1,770000000066,xh+qh66,,RMB,2301,,20221008163609.0,0,,,0,0,20221014,0,,770000000066,,ALL,,,,,,,,,,,2301,,,,
xx,1,77000000526,pt526,sB9ugMiwSIDsCLXlyY57aA==,RMB,2301,,20221008163509.0,0,,,0,0,20221014,0,,,,ALL,,,,,,,,,,,2301,,,,
POC_JG,1,7700000421,zb421test,,RMB,2301,,20221008162805.0,0,,,0,0,20221014,0,,7700000421,,ALL,,,,,,,,,,,2301,,,,
xx,1,7700000424,pt424,haFdRNU4jKGzJ2EpiaCTIg==,RMB,2301,,20221008162925.0,0,,,0,0,20221014,0,,,,ALL,,,,,,,,,,,2301,,,,
0,1,77777,77777,,RMB,2301,,,1,,,0,0,20221014,0,,,,,,,,,,,,,,,2301,,,,
0001,1,777777,777资金账户,,RMB,2301,772,,0,,,0,0,20221014,0,,,,ALL,,,,1004,,,,,,,2301,777777,,,
NAN,1,78555,555,,RMB,2301,300,20221008171412.0,0,,,0,0,20221014,0,,,,0^1^2^3^4^5^6^7^8^F^S^D^Z^X^Y^N^H^U^V^W^Q^G^T,,,,430,,,,,,,2301,,,,
314,1,7858,yyy,,RMB,2301,506,20221008180644.0,0,,,0,0,20221014,0,,,,ALL,,,,699,,,,,,,2301,7858,,,
NAN,1,78888,信用,,RMB,2301,242,,3,,,0,0,20221014,0,,,,,,,,,,,,,,,2301,,,,
BYCS,1,79197239,中金财富新,i+BIGBA8tRtK7tw0VGLLyw==,RMB,2301,,20221008170932.0,3,,,0,0,20221014,0,,,,ALL,,,,,,,,,,,2408,,,,
8888,1,830jy,wl830jy,,RMB,2301,253,20221008170331.0,0,,,0,0,20221014,0,,830wl,,0^1,,,,362,,,,,,,,,,,2301
100,1,8475896210,zj资金测试嘻哈,,RMB,2301,339,20221008172742.0,0,,,0,0,20221014,0,,,,ALL,,,,505,,,,,,,2301,8475896210,,,
100,1,8475896215,zj资金测试嘻哈,,RMB,2301,341,20221008172822.0,0,,,0,0,20221014,0,,,,ALL,,,,507,,,,,,,2301,8475896215,,,
100,1,8475896218,zj资金测试嘻哈,,RMB,2301,340,20221008172802.0,0,,,0,0,20221014,0,,,,ALL,,,,506,,,,,,,2301,8475896218,,,
100,1,84758962365,zj资金测试嘻哈,,RMB,2301,337,20221008172702.0,0,,,0,0,20221014,0,,,,ALL,,,,503,,,,,,,2301,84758962365,,,
100,1,8475896299,zj资金测试嘻哈,,RMB,2301,338,20221008172722.0,0,,,0,0,20221014,0,,,,ALL,,,,504,,,,,,,2301,8475896299,,,
NAN,1,852,852,,RMB,2301,358,20221008173303.0,0,,,0,0,20221014,0,,,,ALL,,,,525,,,,,,,2301,852,,,
336,1,852852,试一试,,RMB,2301,584,20221008182057.0,1,,,0,0,20221014,0,,,,ALL,,,,787,,,,,,,2301,852852,,,
xx,1,88000000601,0601test,8g92v6qcf//g7KJcPP9fmQ==,RMB,2301,,20221008163549.0,0,,,0,0,20221014,0,,88000000601,,ALL,,,,,,,,,,,2301,,,,
0001,1,885692012,华泰联盟,,RMB,2301,256,20221008170431.0,0,,,0,0,20221014,0,,991785,,,,,,366,,,,,,,,,,,2301
0001,1,886,期权886,,RMB,2301,370,20221008173729.0,2,,,0,0,20221014,0,,,,ALL,,,,539,,,,,,,2301,886,,,
DSSB,1,888820220815,跨境B账户,yH7vO7yQ+ZPgJZihPZKtYg==,RMB,2301,,20221008165054.0,0,,,0,0,20221014,0,,,,ALL,,,,,,,,,,,2301,,,,
0001,1,888888,5555,,RMB,2301,,,0,,,0,0,20221014,0,,,,,,,,,,,,,,,2301,,,,
0001,1,8888888,zj普通开户测试,,RMB,2301,647,20221008183526.0,0,,,0,0,20221014,0,,88888888,,0,,,,,,,,,,,2301,123,,,
TOC,1,888888800054,STOCK,NuTQCuw6Tw1SBYPiyLksDw==,RMB,2301,,0.0,0,,,0,0,20221014,0,,,,ALL,,,,,,,,,,,2301,,,,
NAN,1,898989,test-1,,RMB,2301,,20221008170511.0,0,,,0,0,20221014,0,,,,ALL,,,,,,,,,,,2301,,,,
0,1,89898910,测试,,RMB,2301,387,20221008174109.0,0,,,0,0,20221014,0,,89898910,,0^1^2^3^4^5^6^7^8^F^S^D^Z^X^Y^N^H^U^B^V^W^Q^G^T,,,,,,,,,,,2301,,,,
0001,1,8989898,89,,RMB,2301,,,0,,,0,0,20221014,0,,,,,,,,,,,,,,,,,,,2301
0001,1,89898989,资金账号测试,,RMB,2301,658,20221008183806.0,0,,,0,0,20221014,0,,,,ALL,,,,863,,,,,,,2301,89898989,,,
QAX,1,89962446,QAXA,,RMB,2301,,0.0,0,,,0,0,20221014,0,,,,ALL,,,,,,,,,,,2301,,,,
xx,1,900000000721,对冲B0721,Op0kkeRURWnrIz8dW2IKQw==,RMB,2301,,20221008164158.0,0,,,0,0,20221014,0,,,,ALL,,,,,,,,,,,2301,,,,
NAN,1,95,95,,RMB,2301,333,20221008172542.0,0,,,0,0,20221014,0,,,,ALL,,,,499,,,,,,,2301,95,,,
NAN,1,953,953,,RMB,2301,372,20221008173819.0,3,,,0,0,20221014,0,,,,ALL,,,,541,,,,,,,2301,953,,,
NAN,1,95389,953,,RMB,2301,375,20221008173929.0,0,,,0,0,20221014,0,,,,ALL,,,,544,,,,,,,2301,95389,,,
NAN,1,96,96,,RMB,2301,332,20221008172522.0,0,,,0,0,20221014,0,,,,ALL,,,,498,,,,,,,2301,96,,,
NAN,1,963,963,,RMB,2301,356,20221008173222.0,0,,,0,0,20221014,0,,,,ALL,,,,523,,,,,,,2301,963,,,
8888,1,963852,963852,,RMB,2301,327,20221008172332.0,0,,,0,0,20221014,0,,,,ALL,,,,492,,,,,,,2301,963852,,,
NAN,1,97,97,,RMB,2301,334,20221008172602.0,0,,,0,0,20221014,0,,,,ALL,,,,500,,,,,,,2301,97,,,
NAN,1,98666,65888,,RMB,2301,286,20221008171112.0,0,,,0,0,20221014,0,,,,0^1^2^3^4^5^6^7^8^F^S^D^Z^X^Y^N^H^U^V^W^Q^G^T,,,,414,,,,,,,2301,,,,
NAN,1,988,988,,RMB,2301,348,20221008172942.0,0,,,0,0,20221014,0,,,,ALL,,,,515,,,,,,,2301,988,,,
NAN,1,98888,98888,,RMB,2301,313,20221008171712.0,0,,,0,0,20221014,0,,,,0^1^2^3^4^5^6^7^8^F^S^D^Z^X^Y^N^H^U^B^V^W^Q^G^T,,,,458,,,,,,,2301,,,,
xx,1,990000000729,对冲C,Op0kkeRURWnrIz8dW2IKQw==,RMB,2301,,20221008164258.0,0,,,0,0,20221014,0,,,,ALL,,,,,,,,,,,2301,,,,
0001,1,9999000,99期货,,RMB,2301,369,20221008173709.0,1,,,0,0,20221014,0,,,,ALL,,,,538,,,,,,,2301,9999000,,,
QQZQ,1,999991100,QQZQ,ZHZs6HovMVSHAV4MzJWIFQ==,RMB,2301,,20221008161943.0,0,,,0,0,20221014,0,,,,ALL,,,,,,,,,,,2301,,,,
0001,1,999999,快速回归测试,,RMB,2301,646,20221008183506.0,0,,,0,0,20221014,0,,,,ALL,,,,851,,,,,,,2301,999999,,,
33,1,9999999999,报告下载A账户,,RMB,2301,199,,0,,,0,0,20221014,0,,,,,,,,266,,,,,,,,,,,2301
100,1,CREDIThazelC,CREDIThazelC,,RMB,2301,,0.0,3,,,0,0,20221014,0,,,,ALL,,,,,,,,,,,2301,,,,
0001,1,fll0101,快速现货账号fll,,RMB,2301,353,20221008173122.0,0,,,0,0,20221014,0,,,,ALL,,,,520,,,,,,,2301,fll0101,,,
1043,1,hg2llx1,hg2llx1,,RMB,2301,269^275,,0,,,0,0,20221014,0,,,,,,,,,,,,,,,2301,,,,
0,1,initllx01,initllx01,,RMB,2301,302,20221008171432.0,0,,,0,0,20221014,0,,,,ALL,,,,432,,,,,,,2301,initllx01,,,
0,1,initllx2,initllx22,,RMB,2301,306,20221008171532.0,0,,,0,0,20221014,0,,,,ALL,,,,441,,,,,,,2301,initllx22,,,
0,1,llx2,llx2,,RMB,2301,288,20221008171132.0,0,,,0,0,20221014,0,,,,ALL,,,,416,,,,,,,2301,llx2,,,
0001,1,lzq123,lzq资金账号,,RMB,2301,,,0,,,0,0,20221014,0,,,,,,,,,,,,,,,,,,,2201
0001,1,lzq456,lzq管理端资金账号,,RMB,2301,,0.0,0,,,0,0,20221014,0,,,,0^1^2^3^4^5^6^7^8^F^S^D^Z^X^Y^N^H^U^V^W^Q^G^T,,,,,,,,,,,2301,,,,
NAN,1,na123,na123,,RMB,2301,325,20221008172252.0,0,,,0,0,20221014,0,,,,ALL,,,,490,,,,,,,2301,na123,,,
0001,1,new123,期货,,RMB,2301,248,,1,,,0,0,20221014,0,,,,,,,,,,,,,,,2301,,,,
otcdylcs,1,otcd02,otcd02,,RMB,2301,,20221013113828.0,3,,,0,0,20221014,0,,,,ALL,,,,,,,,,,,2301,,,,
otcdylcs,1,otcd04,otcd04,,RMB,2301,,20221013113858.0,3,,,0,0,20221014,0,,,,ALL,,,,,,,,,,,2301,,,,
otcdylcs,1,otcd06,otcd06,,RMB,2301,,20221013113928.0,3,,,0,0,20221014,0,,,,ALL,,,,,,,,,,,2301,,,,
otcdylcs,1,otcd08,otcd08,,RMB,2301,,20221013113958.0,3,,,0,0,20221014,0,,,,ALL,,,,,,,,,,,2301,,,,
otcdylcs,1,otcd10,otcd10,,RMB,2301,,20221013114028.0,3,,,0,0,20221014,0,,,,ALL,,,,,,,,,,,2301,,,,
NAN,1,qihuo,期货,,RMB,2301,242,20221008165439.0,1,,,0,0,20221014,0,,,,0^1^2^3^4^5^6^7^8^F^S^D^Z^X^Y^N^H^U^B^V^W^Q^G^T,,,,,,,,,,,2301,,,,
314,1,shiyong,期货资金账号,,RMB,2301,505,20221008180624.0,1,,,0,0,20221014,0,,,,ALL,,,,698,,,,,,,2301,shiyong,,,
IN_1,1,TESTPT,直报普通现货,,RMB,2301,,20221001195442.0,0,,,0,0,20221014,0,,,,ALL,,,,,,,,,,,2301,,,,
OTCD,1,TYHA,天宇沪A,,RMB,2301,,20220517212154.0,0,,,0,0,20221014,0,,20220217,,0,,,,,,,,,,,2301,,,,
XMZIYING,1,xmtest,xmtest,,RMB,2301,663,20221008183846.0,0,,,0,0,20221014,0,,xmtest,zgpc2hFf7zrCi3aRGtASEQ==,,,,,,,,,,,,2301,,,,
ylcs01,1,ycfk01,压测风控01,G17gQSm7Kh2jSXp0K3kfQg==,RMB,2301,,20221008163025.0,0,,,0,0,20221014,0,,20220429,PW75q7phZtSIipXmxvjz/w==,ALL,,,,,,,,,,,2301,,,,
ylcs01,1,ylcs2002,压测资金账号02,,RMB,2301,,20221008162725.0,3,,,0,0,20221014,0,,,,ALL,,,,,,,,,,,2301,,,,
ylcs01,1,ylcs2004,压测资金账号04,,RMB,2301,,20220923102508.0,0,,,0,0,20221014,0,,,,ALL,,,,,,,,,,,2301,,,,
ylcs01,1,ylcs2007,压测资金账户07,,RMB,2301,,20221008163145.0,3,,,0,0,20221014,0,,,,ALL,,,,,,,,,,,2301,,,,
ylcs01,1,ylcs2008,压测资金账户08,,RMB,2301,,20220919174607.0,0,,,0,0,20221014,0,,,,ALL,,,,,,,,,,,2301,,,,
ylcs01,1,ylcs2009,压测资金账户09,,RMB,2301,,20220919174638.0,3,,,0,0,20221014,0,,,,ALL,,,,,,,,,,,2301,,,,
ylcs01,1,ylcs2012,压测资金账号12,,RMB,2301,,20221008183305.0,3,,,0,0,20221014,0,,,,ALL,,,,,,,,,,,2301,,,,
ylcs01,1,ylcs2015,压测资金账号15,,RMB,2301,,20221008183646.0,3,,,0,0,20221014,0,,,,ALL,,,,,,,,,,,2301,,,,
ylcs01,1,ylcs2016,压测资金账号16,,RMB,2301,,20221009093137.0,0,,,0,0,20221014,0,,,,ALL,,,,,,,,,,,2301,,,,
0001,1,zijingufen,资金股份test,,RMB,2301,319,20221008172052.0,0,,,0,0,20221014,0,,101178,,,,,,484,,,,,,,2301,,,,
0001,1,zj10117869,zj资金账号test,,RMB,2301,700,20221008184346.0,0,,,0,0,20221014,0,,,,0^1^2^3^4^5^6^7^8^F^S^D^Z^X^Y^N^H^U^B^V^W^Q^G^T,,,,,,,,,,,2301,,,,
0001,1,zj123456,账号资金,,RMB,2301,328,20221008172352.0,0,,,0,0,20221014,0,,,,ALL,,,,493,,,,,,,2301,zj123456,,,
0001,1,zll01888,快速期货002,,RMB,2301,362,20221008173445.0,1,,,0,0,20221014,0,,,,ALL,,,,529,,,,,,,2301,zll01888,,,
0001,1,zll789,zll股份期权账号,,RMB,2301,248,20221008170140.0,2,,,0,0,20221014,0,,,,,,,,,,,,,,,2301,,,,2301
0001,1,zll888,现货资金账号,,RMB,2301,248,20221008170030.0,0,,,0,0,20221014,0,,,,,,,,,,,,,,,2301,,,,
0001,1,zllggqq,zll个股期权账号2,,RMB,2301,248,20221008165949.0,2,,,0,0,20221014,0,,,,,,,,,,,,,,,2301,,,,2301
0001,1,zllqh,zll期货资金账号2,,RMB,2301,248,20221008170010.0,1,,,0,0,20221014,0,,,,,,,,,393,,,,,,2301,,,,
0001,1,zllxh3,zll现货资金账号3,,RMB,2301,248,20221008165859.0,0,,,0,0,20221014,0,,,,,,,,,,,,,,,2301,,,,
0001,1,zllxyzh,zll信用账户2,,RMB,2301,248,20221008165929.0,3,,,0,0,20221014,0,,,,,,,,,,,,,,,2301,,,,2301
0001,1,zs001,快速现货zs,,RMB,2301,354,20221008173142.0,0,,,0,0,20221014,0,,,,ALL,,,,521,,,,,,,2301,zs001,,,
IN_3,5,000000000111,对冲C账号_现货,zT0hkVDpDwtXUpg5re7Jgg==,RMB,2302,,20220930180654.0,0,Y,,0,0,20221014,0,,,,ALL,,,,,,,,,,,2302,,,,
IN_3,5,000000000113,对冲C账号_期货,zT0hkVDpDwtXUpg5re7Jgg==,RMB,2302,,20220930180655.0,1,Y,,0,0,20221014,0,,,,ALL,,,,,,,,,,,2302,,,,
DSSC,5,000000000974,DSS测试现货,uTrTJID5chKTi/CGfL1F4Q==,RMB,2302,,20220930180655.0,0,,,0,0,20221014,0,,000000000974,,0^1^2^3^4^5^6^7^8^F^S^D^Z^X^Y^N^H^U^B^V^W^Q^G^T,,,,,,,,,,,2302,,,,
DSSC,5,000000000976,DSS测试期货,uTrTJID5chKTi/CGfL1F4Q==,RMB,2302,,20220930180656.0,1,,,0,0,20221014,0,,000000000976,,ALL,,,,,,,,,,,2302,,,,
C机构,5,000000000997,C1产品,Wulkke75gLFd6WOVPH1Arg==,RMB,2302,,20220930180657.0,0,,,0,0,20221014,0,,,,ALL,,,,,,,,,,,2302,,,,
C机构,5,000000001026,C2产品,pMT5J2tckMZiogRD6dWDiw==,RMB,2302,,20220930180658.0,0,,,0,0,20221014,0,,,,ALL,,,,,,,,,,,2302,,,,
QSCA,5,000000001135,HXZ,f2fmA1ZwIZ4o6PPzsOQYaw==,RMB,2302,,20220930180658.0,0,Y,,0,0,20221014,0,,,,ALL,,,,,,,,,,,2302,,,,
2022,5,000000001162,wr强制撤单,BwK4R8PhreXwe7WlVm63Hw==,RMB,2302,231,20220930180659.0,0,Y,,0,0,20221014,0,,,,,,,,,,,,,,,2302,,,,
BYCS,5,000000001163,HXZ,Ey9MZNvf50H1LAjKQQtzJw==,RMB,2302,,20221009093554.0,0,,,0,0,20221014,0,,,,ALL,,,,,,,,,,,2302,,,,
0718,5,000000001173,债券,WNCmLSg7fOtV7j5KPUReVQ==,RMB,2302,,20220930180700.0,0,,,0,0,20221014,0,,,,ALL,,,,,,,,,,,2302,,,,
zqh,5,000000008787,stock,,RMB,2302,,0.0,0,,,0,0,20221014,0,,,,ALL,,,,,,,,,,,2302,000000008787,,,
QSCA,5,00000001135,HXZ,,RMB,2302,,0.0,0,,,0,0,20221014,0,,,,ALL,,,,,,,,,,,2302,,,,
JGJG3,5,000000045678,风控C账户,,RMB,2302,,20220929191546.0,3,Y,,0,0,20221014,0,,000000045678,,ALL,,,,,,,,,,,2302,,,,
C机构,5,000000220216,C3产品,9wEhe5xE2upUzWkh2cghYA==,RMB,2302,,20220929191547.0,3,,,0,0,20221014,0,,,,ALL,,,,,,,,,,,2302,,,,
TOC,5,000000220420,TOC,G17gQSm7Kh2jSXp0K3kfQg==,RMB,2302,,20220929191548.0,3,Y,,0,0,20221014,0,,,,ALL,,,,,,,,,,,2301,999991100,,999991100,2301
BYCS,5,000020220819,zjcp4,,RMB,2302,,0.0,0,,,0,0,20221014,0,,zjcp4,,ALL,,,,,,,,,,,2302,,,,
zjhd,5,000020220821,zjhd,T5abhfQaZV2Fa6MKGCDFxQ==,RMB,2302,,0.0,0,,,0,0,20221014,0,,,,ALL,,,,,,,,,,,2302,,,,
ZJ,5,000020220904,zjzj,MzSYS0wAFH8R8X3f3WA/NA==,RMB,2302,,20220930180733.0,0,Y,,0,0,20221014,0,,,,ALL,,,,,,,,,,,2302,,,,
GGTCS,5,000020220906,123,Qpa3QoB37XoR6+WAX5VMBQ==,RMB,2302,,20221012171814.0,0,,,0,0,20221014,0,,,,ALL,,,,,,,,,,,2302,,,,
GGTCS,1,000020221006,123,G17gQSm7Kh2jSXp0K3kfQg==,RMB,2302,,20220906145556.0,0,,,0,0,20221014,0,,,,ALL,,,,,,,,,,,2302,,,,
zyzc,5,002022092701,zyzc,MqTQvIbGiWNkaZpRNwawgQ==,RMB,2302,,20220930180735.0,0,,,0,0,20221014,0,,,,ALL,,,,,,,,,,,2302,,,,
PBY,5,002022092801,PBY,k1SBA8QlX3TnKPEGMXm4+A==,RMB,2302,,20221013185220.0,0,,,0,0,20221014,0,,,,ALL,,,,,,,,,,,2302,,,,
JGJG3,5,100000045678,lisx3,3IA9nRVeR00HDCQz2a/JJg==,RMB,2302,,20220929191552.0,3,,,0,0,20221014,0,,,,ALL,,,,,,,,,,,2301,,,,
ZK000001,5,202204191791,三方期货账户,guWYKQbHyOCXC8gFPFrlGQ==,RMB,2302,,20220930180746.0,1,Y,,0,0,20221014,0,,202204191791,,ALL,,,,,,,,,,,2302,,,,
ZK000001,5,202204191792,三方普通,HVl7eNfnJelwa67oJ8gO7Z3zWHIPJ4wHwCjcyDuVPKI=,RMB,2302,,20220929191553.0,3,Y,,0,0,20221014,0,,202204191792,,ALL,,,,,,,,,,,2302,,,,
ZK000001,5,202204191793,三方普通,guWYKQbHyOCXC8gFPFrlGQ==,RMB,2302,,20220930180758.0,0,Y,,0,0,20221014,0,,202204191793,,ALL,,,,,,,,,,,2302,,,,
ZK000001,5,202206271798,测试01,,RMB,2302,,20220929191554.0,3,,,0,0,20221014,0,,202206271798,,ALL,,,,,,,,,,,2302,,,,
0001,5,89898910,89898910测试,,RMB,2302,256,20220930180809.0,0,,,0,0,20221014,0,,8989891011,,0^1^2^3^4^5^6^7^8^F^S^D^Z^X^Y^N^H^U^B^V^W^Q^G^T,,,,,,,,,,,2302,,,,
8888,5,A202291,wl外挂,,RMB,2302,281,20220930180810.0,0,,,0,0,20221014,0,,,,,,,,403,,,,,,,2302,,,,
POC_JG,8,000000095501,对接GW,,RMB,2303,,20221008162223.0,0,,,0,0,20221014,0,,000000095501,,ALL,,,,,,,,,,,2303,,,,
ZY,8,0ZY000000001,ZY现货,pn8F+57R2j8TEYbw5d5cDA==,RMB,2303,23,20221008162303.0,0,,,0,0,20221014,0,,0ZY000000001,uHwK5TUU/Zzdd95dZtobgw==,ALL,,,,,,,,,,,2303,0ZY000000001,pn8F+57R2j8TEYbw5d5cDA==,,
ZY,8,555111111111,ETF-CTS,wY63qNtUP5EfPBV0KKAQJw==,RMB,2303,64,20220429101103.0,0,,,0,0,20221014,0,,555111111111,uHwK5TUU/Zzdd95dZtobgw==,ALL,,,,,,,,,,,2303,,,,
ZY,8,890111000001,ETF-ZY,TSZKuYxEY18nT3fkjVckLg==,RMB,2303,,20221008162243.0,0,,,0,0,20221014,0,,ETFZY,Y6zXvn04Ne+xpjZpM+hi9w==,ALL,,,,,,,,,,,2303,890111000001,nWyq7/5aMsNHNpvNurPU6g==,,
ZKB,8,890111000002,ETF现货,EX3i4bstkhxJQfkqo5CLUQ==,RMB,2303,57,20220429101023.0,0,,,0,0,20221014,0,,890111000002,Uo6uUwrat4gUpfULGGhMhw==,ALL,,,,,,,,,,,2303,890111000002,EX3i4bstkhxJQfkqo5CLUQ==,,
ZY,8,890111000003,ETF-GW,6c0jB8fvgU809rHLw8f+SQ==,RMB,2303,145,20221008162945.0,0,,,0,0,20221014,0,,890111000003,Wy3wGiAwDNsGoFe0aNIhjA==,ALL,,,,,,,,,,,2303,,,,
0001,8,zj10117869,twozj资金账号test,,RMB,2303,700,20221008184426.0,0,,,0,0,20221014,0,,,,0^1^2^3^4^5^6^7^8^F^S^D^Z^X^Y^N^H^U^B^V^W^Q^G^T,,,,,,,,,,,2303,,,,
VS_CTS,13,000000007329,ETF资产,961cgYzdktzh92zjHODwmg==,RMB,2305,67^69^70,20220701114710.0,0,,,0,0,20221014,0,,000000007329,,ALL,,,,,,,,,,,2305,,,,
VS_CTS,13,000621923342,cts申赎借用,,RMB,2305,81,0.0,0,,,0,0,20221014,0,,000621923342,,ALL,,,,,,,,,,,,,,,
POC_JG,13,199800000000,wjr,HkF39F/l+jz7jgGMPCXSGA==,RMB,2305,,20220708092224.0,0,Y,,0,0,20221014,0,,199800000000,Wy3wGiAwDNsGoFe0aNIhjA==,ALL,,,,,,,,,,,2305,,,,
ZY,13,890111000004,ETF-CTS,vGnBvnCR1nJul/3HnivjQw==,RMB,2305,69,20220706112149.0,0,,,0,0,20221014,0,,890111000004,Wy3wGiAwDNsGoFe0aNIhjA==,ALL,,,,,,,,,,,2305,,,,
A机构,15,000000001120,cremains,,RMB,2306,116,0.0,0,,,0,0,20221014,0,,000000001120,,ALL,,,,,,,,,,,2301,,,,
POC_JG,15,000000007733,连交易所测试,u+7aFccqdfGZcQWIdQEGBA==,RMB,2306,,20220524092915.0,0,Y,,0,0,20221014,0,,000000007733,PW75q7phZtSIipXmxvjz/w==,ALL,,,,,,,,,,,2306,,,,
ZY,15,000000008712,CTS-JYS,wjeKG+S7Axa2VuUQtueXXg==,RMB,2306,76,20220524094325.0,0,,,0,0,20221014,0,,000000008712,PW75q7phZtSIipXmxvjz/w==,ALL,,,,,,,,,,,2306,,,,
ZY,15,000621923342,交易所-CTS,IhdIVkfS/npmfu93MvDAQw==,RMB,2306,83,20220524094326.0,0,,,0,0,20221014,0,,000621923342,PW75q7phZtSIipXmxvjz/w==,ALL,,,,,,,,,,,2306,,,,
VS_CTS,15,A00621923342,借用申赎,2bBg6GpcJNGzlEpEsaFQjg==,RMB,2306,82,0.0,0,,,0,0,20221014,0,,A00621923342,,ALL,,,,,,,,,,,2306,,,,
JGJG,9,000000023456,风控A账户 ,,RMB,2401,,20221008163005.0,0,,,0,0,20221014,0,,,,ALL,,,,,,,,,,,22,,,,
FIXAC,9,000000220278,港股跨境,,RMB,2401,,20221008164238.0,0,,,0,0,20221014,0,,000000220278,,ALL,,,,,,,,,,,2301,,,,
Asbl,9,000000890111,Asbl,vnMglWmSFMZ8+N4Zd6kIug==,RMB,2401,,20221008164058.0,0,,,0,0,20221014,0,,Asbl,fl9qZ8+7S4lqUaawyDprxA==,ALL,,,,,,,,,,,22,000000890111,rATjWZT+FYeyZuSHkEQPgw==,,
A机构,9,000020220223,A1-1产品,,RMB,2401,,20221008162503.0,0,,,0,0,20221014,0,,,,ALL,,,,,,,,,,,22,,,,
A机构,9,000020220224,A1-2产品,,RMB,2401,,20221008162443.0,0,,,0,0,20221014,0,,,,ALL,,,,,,,,,,,22,,,,
A机构,9,000020220225,A2产品,,RMB,2401,,20221008162544.0,0,,,0,0,20221014,0,,,,ALL,,,,,,,,,,,22,,,,
A机构,9,000020220226,A3-1产品,,RMB,2401,,20221008162624.0,0,,,0,0,20221014,0,,,,ALL,,,,,,,,,,,22,,,,
A机构,9,000020220227,A3-2产品,,RMB,2401,,20221008162604.0,0,,,0,0,20221014,0,,,,ALL,,,,,,,,,,,22,,,,
TOA,9,000020220418,TOA1,5STXCKHIAbU601xgefrL9Q==,RMB,2401,,20221013185200.0,0,,,0,0,20221014,0,,,,ALL,,,,,,,,,,,22,,,,
TOA,9,000020220419,TOA2,5STXCKHIAbU601xgefrL9Q==,RMB,2401,,20221008162343.0,0,,,0,0,20221014,0,,,,ALL,,,,,,,,,,,22,,,,
TOA,9,000020220420,TOA3,5STXCKHIAbU601xgefrL9Q==,RMB,2401,,20221008162845.0,0,,,0,0,20221014,0,,,,ALL,,,,,,,,,,,22,,,,
A机构,9,000020220427,A1-1产品(期),,RMB,2401,,20221008162524.0,1,,,0,0,20221014,0,,,,ALL,,,,,,,,,,,22,,,,
TOOA,9,000020220718,融入方A,mMzoGWuPW/quDtD97K5pzg==,RMB,2401,,20221008164038.0,0,,,0,0,20221014,0,,,,ALL,,,,,,,,,,,22,,,,
TOOA,9,000020220719,融入方B,,RMB,2401,,20221008164018.0,0,,,0,0,20221014,0,,,,ALL,,,,,,,,,,,22,,,,
DSSC,9,000020220728,跨境测试,QN4ytALKNBr621NudxgCtg==,RMB,2401,,20221008164218.0,0,,,0,0,20221014,0,,,,ALL,,,,,,,,,,,2301,,,,
ZJCF,9,000020220729,A产品,,RMB,2401,,20221008164318.0,0,,,0,0,20221014,0,,,,ALL,,,,,,,,,,,22,,,,
20228801,9,000020220810,HL融入方,,RMB,2401,183,20221008164420.0,0,,,0,0,20221014,0,,,,ALL,,,,,,,,,,,22,,,,
SEA,9,000020220811,A1,,RMB,2401,,20221008164752.0,0,,,0,0,20221014,0,,,,ALL,,,,,,,,,,,22,,,,
SEA,9,000020220812,A2,,RMB,2401,,20221008164812.0,0,,,0,0,20221014,0,,,,ALL,,,,,,,,,,,22,,,,
SEA,9,000020220813,A3,,RMB,2401,,20221008164832.0,0,,,0,0,20221014,0,,,,ALL,,,,,,,,,,,22,,,,
SEA,9,000020220814,A4,,RMB,2401,,20221008164852.0,0,,,0,0,20221014,0,,,,ALL,,,,,,,,,,,22,,,,
IN_1,9,00020220728,跨境测试,,RMB,2401,,20221001195444.0,0,,,0,0,20221014,0,,,,ALL,,,,,,,,,,,2301,,,,
hl_JiSu,9,00020220928,兴业合约端_hl2416,,RMB,2401,662,20220927134848.0,0,,,0,0,20221014,0,,,,ALL,,,,,,,,,,,2416,,,,
IN_4,9,02-0273469-24,02-0273469-24,,RMB,2401,,0.0,0,,,0,0,20221014,0,,,,ALL,,,,,,,,,,,2702,,,,
FIXAC,9,09222834,压测账号,,RMB,2401,,20221008163818.0,0,,,0,0,20221014,0,,,,ALL,,,,,,,,,,,2301,,,,
JGJG,9,100000023456,lisx1,YCxZOZ3qHym02aWUF1uJVw==,RMB,2401,,20221008163449.0,0,,,0,0,20221014,0,,,,ALL,,,,,,,,,,,22,,,,
ZD,9,100011111,ZD融券账号01,,RMB,2401,177,,0,,,0,0,20221014,0,,,,,,,,235,,,,,,,22,,,,
1111,9,123123,0001,,RMB,2401,,20221008164400.0,0,,,0,0,20221014,0,,,,ALL,,,,,,,,,,,22,,,,
1813,9,138865591900,zhengli,,RMB,2401,,,3,,,0,0,20221014,0,,,FBVr31I9bdbeR0TP6ZWbHA==,,,,,,,,,,,,,,,,2401
ZK000001,9,202205091798,A账户,,RMB,2401,,20221008163205.0,0,,,0,0,20221014,0,,202205091798,,ALL,,,,,,,,,,,22,,,,
ZKA,9,202205101799,A账户,,RMB,2401,,20221011111744.0,0,,,0,0,20221014,0,,202205101799,,ALL,,,,,,,,,,,22,,,,
ZKHTKH,9,2022071800001,ZKA01,,RMB,2401,,20221008164118.0,0,,,0,0,20221014,0,,,,ALL,,,,,,,,,,,22,,,,
ZKHTZY,9,202207180001,ZKA01,,RMB,2401,,0.0,0,,,0,0,20221014,0,,,,ALL,,,,,,,,,,,22,,,,
ZKHTKH,9,202207180002,ZKA02,,RMB,2401,,20221008164138.0,0,,,0,0,20221014,0,,,,ALL,,,,,,,,,,,22,,,,
INTL,9,202208081430,INTLA,,RMB,2401,,0.0,0,,,0,0,20221014,0,,,,ALL,,,,,,,,,,,22,,,,
LLAA,9,202209131311,LLAA,,RMB,2401,,20221008175939.0,0,,,0,0,20221014,0,,,,ALL,,,,,,,,,,,22,,,,
FQAA,9,202209131404,FQAA,,RMB,2401,,0.0,0,,,0,0,20221014,0,,,,ALL,,,,,,,,,,,22,,,,
ANAN,9,202209131420,ANAN,,RMB,2401,,0.0,0,,,0,0,20221014,0,,,,ALL,,,,,,,,,,,22,,,,
20228801,9,20228901,HLA机构资金账号,,RMB,2401,183,0.0,0,,,0,0,20221014,0,,,,ALL,,,,241,,,,,,,22,,,,
20228802,9,20228902,HLB机构资金账号,,RMB,2401,191,20221008164630.0,0,,,0,0,20221014,0,,,,ALL,,,,255,,,,,,,2401,,,,
20228803,9,20228903,HLB机构资金账号,,RMB,2401,192,0.0,0,,,0,0,20221014,0,,,,ALL,,,,256,,,,,,,2401,,,,
FUT,9,60500531,CREDIT,,RMB,2401,2,20221008165214.0,3,,,0,0,20221014,0,,60500531,Wy3wGiAwDNsGoFe0aNIhjA==,ALL,,,,,,,,,,,2401,,,,
0001,9,67890,67890,,RMB,2401,,,1,,,0,0,20221014,0,,,,,,,,,,,,,,,2401,,,,
test01,9,81501,81501,,RMB,2401,,20221008165014.0,0,,,0,0,20221014,0,,,,ALL,,,,,,,,,,,22,,,,
888,9,888888,hazel资金账号,,RMB,2401,,0.0,0,,,0,0,20221014,0,,,,ALL,,,,,,,,,,,22,,,,
SMKH,9,99900004,SMKH4,Mf5+bzW/EC6f4Lb7QL8tlQ==,RMB,2401,,20221008165344.0,3,,,0,0,20221014,0,,,,ALL,,,,,,,,,,,22,,,,
SMKH,9,99900005,SMKH5,,RMB,2401,,20220831094013.0,3,,,0,0,20221014,0,,,,ALL,,,,,,,,,,,22,,,,
IN_10,9,chan000,chan000,,RMB,2401,,20221008174049.0,0,,,0,0,20221014,0,,,,ALL,,,,,,,,,,,22,,,,
FIXAC,9,FIXAC-TEST-ACCTID,FIXAC对接跨境测试,,RMB,2401,,20221008163838.0,0,,,0,0,20221014,0,,,,ALL,,,,,,,,,,,2301,,,,
otcdylcs,9,otcd01,otcd01,,RMB,2401,,20221013113758.0,0,,,0,0,20221014,0,,,,ALL,,,,,,,,,,,22,,,,
otcdylcs,9,otcd03,otcd03,,RMB,2401,,20221013113828.0,0,,,0,0,20221014,0,,,,ALL,,,,,,,,,,,22,,,,
otcdylcs,9,otcd05,otcd05,,RMB,2401,,20221013113858.0,0,,,0,0,20221014,0,,,,ALL,,,,,,,,,,,22,,,,
otcdylcs,9,otcd07,otcd07,,RMB,2401,,20221013113928.0,0,,,0,0,20221014,0,,,,ALL,,,,,,,,,,,22,,,,
otcdylcs,9,otcd09,otcd09,,RMB,2401,,20221013113958.0,0,,,0,0,20221014,0,,,,ALL,,,,,,,,,,,22,,,,
IN_7,9,sbl000,sbl000,,RMB,2401,,20221008174009.0,0,,,0,0,20221014,0,,,,ALL,,,,,,,,,,,22,,,,
sbl开发,9,sblkaifa,sblkaifa,,RMB,2401,,20221008173949.0,0,,,0,0,20221014,0,,,,ALL,,,,,,,,,,,22,,,,
IN_1,9,TESTA,合约A账户_现货,,RMB,2401,,20221001195442.0,0,,,0,0,20221014,0,,,,ALL,,,,,,,,,,,22,,,,
IN_1,9,TESTA1,合约A账户_期货,,RMB,2401,,20221001195443.0,1,,,0,0,20221014,0,,,,ALL,,,,,,,,,,,22,,,,
ylcs01,9,ylcs2001,压测资金账号01,Vi6UUa2r7mIq4cMZq7uhng==,RMB,2401,,20221008162655.0,3,,,0,0,20221014,0,,,,ALL,,,,,,,,,,,22,,,,2401
ylcs01,9,ylcs2003,压测资金账户03,,RMB,2401,,20221008162745.0,0,,,0,0,20221014,0,,,,ALL,,,,,,,,,,,22,,,,
ylcs01,9,ylcs2006,压测资金账户06,,RMB,2401,,20221008163115.0,3,,,0,0,20221014,0,,,,ALL,,,,,,,,,,,22,,,,2401
ylcs01,9,ylcs2010,压测资金账号10,,RMB,2401,,20221008183205.0,0,,,0,0,20221014,0,,,,ALL,,,,,,,,,,,22,,,,
ylcs01,9,ylcs2011,压测资金账号11,,RMB,2401,,20221008183235.0,3,,,0,0,20221014,0,,,,ALL,,,,,,,,,,,22,,,,
ylcs01,9,ylcs2013,压测资金账号13,,RMB,2401,,20221008183546.0,0,,,0,0,20221014,0,,,,ALL,,,,,,,,,,,22,,,,
ylcs01,9,ylcs2014,压测资金账号14,,RMB,2401,,20221008183616.0,3,,,0,0,20221014,0,,,,ALL,,,,,,,,,,,22,,,,
0001,9,zj10117869,threezj资金账号test,,RMB,2401,700,20221008184406.0,0,,,0,0,20221014,0,,,,0^1^2^3^4^5^6^7^8^F^S^D^Z^X^Y^N^H^U^B^V^W^Q^G^T,,,,,,,,,,,2401,,,,
APEY,16,20018505,顶点两融测试资金2,WFZJ+N4N0QnupfsSpGyPcA==,RMB,2403,,20220718223332.0,3,Y,,0,0,20221014,0,,,,ALL,,,,,,,,,,,2403,,,,
apexCdt,16,900200560,顶点两融资金测试,Hada/AGoibgnfpMGja4KEg==,RMB,2403,,20220705173106.0,3,,,0,0,20221014,0,,,,ALL,,,,,,,,,,,2403,,,,
DZCS,4,000000000948,ywn,ormRRW4cBidSe+V8/gqtqg==,RMB,2405,,20220214103923.0,0,,,0,0,20221014,0,,,,ALL,,,,,,,,,,,,,,,2101
YYYY,4,123456,YYY,bOT+El5n+8qcpcUEUf6mKA==,RMB,2405,,0.0,0,,,0,0,20221014,0,,,,ALL,,,,,,,,,,,2405,,,,
DZCS,4,888888,stock,,RMB,2405,,20220214103954.0,0,,,0,0,20221014,0,,,,ALL,,,,,,,,,,,2301,123456555,,,
HSCS,4,888|111,cs,,RMB,2405,,20220729101145.0,0,,,0,0,20221014,0,,,,ALL,,,,,,,,,,,2405,,,,
002,4,89898910,89898910,,RMB,2405,622,,0,,,0,0,20221014,0,,898989101,,0^1^2^3^4^5^6^7^8^F^S^D^Z^X^Y^N^H^U^B^V^W^Q^G^T,,,,,,,,,,,2405,,,,
HSCS,4,99990001|0001,Stock,,RMB,2405,,20220729101125.0,0,,,0,0,20221014,0,,,,ALL,,,,,,,,,,,2405,,,,
0001,4,lzqqihuo,lzqqihuo,,RMB,2405,,,2,,,0,0,20221014,0,,,,,,,,,,,,,,,2202,,,1111111,2406
ZK000001,11,202205181798,恒生测试,rATjWZT+FYeyZuSHkEQPgw==,RMB,2406,,20220729120448.0,3,Y,,0,0,20221014,0,,202205181798,,ALL,,,,,,,,,,,2701,8009176777,kUnpAcDIlhFuwyX61sXLUQ==,,
yyj000,11,8009176777,yyj,kUnpAcDIlhFuwyX61sXLUQ==,RMB,2406,,20220726031834.0,3,Y,,0,0,20221014,0,,,,ALL,,,,,,,,,,,2701,,,,
TOCX,11,TEST2,TOCX,kUnpAcDIlhFuwyX61sXLUQ==,RMB,2406,,20220728201122.0,3,,,0,0,20221014,0,,8009176777,Wy3wGiAwDNsGoFe0aNIhjA==,ALL,,,,,,,,,,,2301,8009176777,kUnpAcDIlhFuwyX61sXLUQ==,,3004
POC_JG,21,20018505,华泰,Aps5Uu3FXwpr1hf+pgP8gA==,RMB,2407,,20220930094445.0,3,Y,,0,0,20221014,0,,20018505203019,,ALL,,,,,,,,,,,2410,,,,
POC_JG,22,22978488,中金财富,VQYyXylS4ANJ+PgeO+dVxg==,RMB,2408,136,20220919142248.0,3,Y,,0,0,20221014,0,,,,0^1^2^3^4^5^6^7^D^F^S^X^Y^Z^N^H^V^Q^8^U,,,,,,,,,,,2408,,,,2408
SMJG,22,66600003,STOPC,tCBw0VBah2ZfySbnFk90rg==,RMB,2408,,0.0,3,,,0,0,20221014,0,,,,ALL,,,,,,,,,,,2408,,,,
ZJCF,22,83997792,C产品,GDSSiGE4Qvtv6L4WdIku1w==,RMB,2408,,20220901140312.0,3,Y,,0,0,20221014,0,,,,ALL,,,,,,,,,,,2408,,,,
0001,32,5698,5698,,RMB,24081,,0.0,3,,,0,0,20221014,0,,,,ALL,,,,,,,,,,,24081,,,,
0001,32,5896,5896,,RMB,24081,,0.0,0,,,0,0,20221014,0,,,,ALL,,,,,,,,,,,24081,,,,
DSSC,27,900020116,华泰约券测试,/itM2Y4Tj8wQlnv8Qs8jTg==,RMB,2409,,0.0,3,,,0,0,20221014,0,,,,ALL,,,,,,,,,,,2409,,,,
DSSC,27,900200560,华泰约券C账户,og1HLmkmWXD3YQLAi/Lb0g==,RMB,2409,,0.0,3,,,0,0,20221014,0,,,,ALL,,,,,,,,,,,2409,,,,
TH,24,1000333331,TH券源账号勿动,,RMB,2410,221,,0,,,0,0,20221014,0,,,,,,,,289,,,,0^1^2^3^4^5^6^7^8^9^A^B^C^D,,,2301,,,,
POC_JG,24,20018505,华泰测试2410,VTfF2XA7AkHEnoyzJ8yICQ==,RMB,2410,,20220930094515.0,3,Y,,0,0,20221014,0,,200185052407,,0^1^2^3^4^5^6^7^8^F^S^D^Z^X^Y^N^H^U^V^W^Q^G^T,,,,,,,,,,,2410,,,,
HUATC,24,900200560,华泰资金,g984OKNO/xn6n/i2hEGMuQ==,RMB,2410,,20220927150421.0,3,,,0,0,20221014,0,,,,ALL,,,,,,,,,,,2410,,,,
TOOC,26,000000220729,cZHANGHU,G17gQSm7Kh2jSXp0K3kfQg==,RMB,2411,,0.0,3,,,0,0,20221014,0,,,,ALL,,,,,,,,,,,2301,,,,
3333,26,123789,0003,,RMB,2411,,0.0,3,,,0,0,20221014,0,,,,ALL,,,,,,,,,,,2301,,,,
DSSC,3,12988881,中金财富C账户,zm2zhkZgQRCUby0aAOK3tw==,RMB,2411,,20220719155440.0,3,,,0,0,20221014,0,,,,ALL,,,,,,,,,,,2411,12988881,,,
DSSC,26,12988883,ZHONGJINCAIFU,1NxI6nW1uH18m+M+cM9izw==,RMB,2411,,0.0,3,,,0,0,20221014,0,,,,ALL,,,,,,,,,,,2411,,,,
test03,26,81503,81503,,RMB,2411,,0.0,3,,,0,0,20221014,0,,,,ALL,,,,,,,,,,,2301,,,,
IN_12,26,chan000,chan000,,RMB,2411,,0.0,3,,,0,0,20221014,0,,,,ALL,,,,,,,,,,,2301,,,,
IN_9,26,sbl000,sbl000,,RMB,2411,,0.0,3,,,0,0,20221014,0,,,,ALL,,,,,,,,,,,2301,,,,
IN_6,26,sblkaifa,sblkaifa,,RMB,2411,,0.0,3,,,0,0,20221014,0,,,,ALL,,,,,,,,,,,2301,,,,
POC_JG,25,800190021025,中金交易,T5abhfQaZV2Fa6MKGCDFxQ==,RMB,2412,,20220927142830.0,3,,,0,0,20221014,0,,,,ALL,,,,,,,,,,,2412,,,,
GWHT,29,0050000845,现货,UZi2j3ONNI8FKCJR0Nk/4A==,RMB,2413,,20220826105848.0,0,,,0,0,20221014,0,,,,ALL,,,,,,,,,,,2413,,,,
GWHT,29,0240000116,HT现货,gMGzKOrPub96YKz38BHT6Q==,RMB,2413,,20220826105848.0,0,,,0,0,20221014,0,,,,ALL,,,,,,,,,,,2413,,,,
0001,29,20220901,管理端现货资金账号,,RMB,2413,,0.0,0,,,0,0,20221014,0,,,,ALL,,,,,,,,,,,2413,,,,
FUT,29,30500531,credit531,,RMB,2413,,0.0,3,,,0,0,20221014,0,,30500531,PW75q7phZtSIipXmxvjz/w==,ALL,,,,,,,,,,,2413,,,,
ZJCS,30,10888609,中金现货,FeHd7+Uv96AQH6IZqS0Ufg==,RMB,2415,,20220921165352.0,0,,,0,0,20221014,0,,,,ALL,,,,,,,,,,,2415,,,,
0001,30,122735,122735资金账号,,RMB,2415,,0.0,0,,,0,0,20221014,0,,,,ALL,,,,,,,,,,,2415,,,,
1043,30,h2333333,h2333333,,RMB,2415,269,0.0,0,,,0,0,20221014,0,,,,ALL,,,,382,,,,,,,2415,,,,
KJMG,18,02-0273469-24,美股账号,,RMB,2501,,20221008163649.0,0,,,0,0,20221014,0,,,,ALL,,,,,,,,,,,2702,,,,
DSSA,18,100020220815,美股A账户,4DUgqG9/yxXcdAjenKTOqA==,RMB,2501,,20221008165114.0,0,,,0,0,20221014,0,,,,ALL,,,,,,,,,,,22,,,,
TEST,18,test,A产品资金账号,,RMB,2501,,20221008163758.0,0,,,0,0,20221014,0,,,,ALL,,,,,,,,,,,2702,,,,
DSSA,19,000020220815,港股A账户,xjcKJfJeQ/+e9eZ1FBpx0Q==,RMB,2502,,20221008165034.0,0,,,0,0,20221014,0,,202208150,,ALL,,,,,,,,,,,22,,,,
KJGG,19,02-0273469-24,跨境港股,,RMB,2502,,20221008163715.0,0,,,0,0,20221014,0,,,,ALL,,,,,,,,,,,2702,,,,
TEST,19,test,B产品下资金账号,,RMB,2502,,0.0,0,,,0,0,20221014,0,,,,ALL,,,,,,,,,,,2702,,,,
KJHS,20,02-0273469-24,跨境沪深,,RMB,2503,,20221008163738.0,0,,,0,0,20221014,0,,,,ALL,,,,,,,,,,,2702,,,,
100,20,9-9-9---9,监控,,RMB,2503,,0.0,0,,,0,0,20221014,0,,,,ALL,,,,,,,,,,,2503,,,,
TEST,20,test,C产品下资金账号,,RMB,2503,,0.0,0,,,0,0,20221014,0,,,,ALL,,,,,,,,,,,2702,,,,
KJRQ,23,02-0273469-24,跨境港股融券交易,,RMB,2504,,20221008163958.0,3,,,0,0,20221014,0,,,,ALL,,,,,,,,,,,2702,,,,
0885,7,3330885,账号名称0885,,RMB,2701,407,,1,,,0,0,20221014,0,,,,,,,,582,582,582,582,,,,22,,,,
14,7,33314,账号名称14,,RMB,2701,483,,1,,,0,0,20221014,0,,,,,,,,668,668,668,668,,,,22,,,,
1555,7,3331555,账号名称1555,,RMB,2701,400,,1,,,0,0,20221014,0,,,,,,,,571,571,571,571,,,,22,,,,
2009,7,3332009,账号名称2009,,RMB,2701,445,,1,,,0,0,20221014,0,,,,,,,,621,621,621,621,,,,22,,,,
2195,7,3332195,账号名称2195,,RMB,2701,393,,1,,,0,0,20221014,0,,,,,,,,,,,,,,,22,,,,
4018,7,3334018,账号名称4018,,RMB,2701,,,1,,,0,0,20221014,0,,,,,,,,,,,,,,,22,,,,
4524,7,3334524,账号名称4524,,RMB,2701,404,,1,,,0,0,20221014,0,,,,,,,,579,579,579,579,,,,22,,,,
4741,7,3334741,账号名称4741,,RMB,2701,396,,1,,,0,0,20221014,0,,,,,,,,566,566,566,566,,,,22,,,,
4997,7,3334997,账号名称4997,,RMB,2701,395,,1,,,0,0,20221014,0,,,,,,,,565,565,565,565,,,,22,,,,
5269,7,3335269,账号名称5269,,RMB,2701,398,,1,,,0,0,20221014,0,,,,,,,,568,568,568,568,,,,22,,,,
5409,7,3335409,账号名称5409,,RMB,2701,401,,1,,,0,0,20221014,0,,,,,,,,572,572,572,572,,,,22,,,,
6197,7,3336197,账号名称6197,,RMB,2701,405,,1,,,0,0,20221014,0,,,,,,,,580,580,580,580,,,,22,,,,
6507,7,3336507,账号名称6507,,RMB,2701,397,,1,,,0,0,20221014,0,,,,,,,,567,567,567,567,,,,22,,,,
6595,7,3336595,账号名称6595,,RMB,2701,406,,1,,,0,0,20221014,0,,,,,,,,581,581,581,581,,,,22,,,,
687,7,333687,账号名称687,,RMB,2701,,,1,,,0,0,20221014,0,,,,,,,,,,,,,,,22,,,,
7797,7,3337797,账号名称7797,,RMB,2701,394,,1,,,0,0,20221014,0,,,,,,,,,,,,,,,22,,,,
8955,7,3338955,账号名称8955,,RMB,2701,482,,1,,,0,0,20221014,0,,,,,,,,,,,,,,,22,,,,
9338,7,3339338,账号名称9338,,RMB,2701,,,1,,,0,0,20221014,0,,,,,,,,,,,,,,,22,,,,
9399,7,3339399,账号名称9399,,RMB,2701,411,,1,,,0,0,20221014,0,,,,,,,,586,586,586,586,,,,22,,,,
ylcs01,14,ylcs2005,压测资金账户05,,RMB,2701,,20220729101259.0,0,,,0,0,20221014,0,,,,ALL,,,,,,,,,,,2701,,,,
PBYC,40,000020220929,PBYC,O2BLKc4tIRvAEIvseKIlZg==,RMB,2900,,20221010115611.0,0,,,0,0,20221014,0,,,,ALL,,,,,,,,,,,2302,,,,
PBYB,40,002022092802,PBYB,1ZDrNuNIqYv2ATOpsvYD1A==,RMB,2900,,20221010115612.0,0,,,0,0,20221014,0,,,,ALL,,,,,,,,,,,2302,,,,
002,40,101056,资金账号测试,,RMB,2900,,0.0,0,,,0,0,20221014,0,,,,ALL,,,,,,,,,,,2900,,,,
2222,40,2222222,222222,,RMB,2900,,0.0,0,,,0,0,20221014,0,,,,ALL,,,,,,,,,,,2302,,,,
2022,2,000000001158,wr交易测试账号,,RMB,2901,231^244,20221008165314.0,0,,,0,0,20221014,0,,,,,,,,301,,,,,,,2901,,,,
314,2,090,888,,RMB,2901,507,20221008180704.0,0,,,0,0,20221014,0,,,,ALL,,,,700,,,,,,,2901,090,,,
0001,2,122735,122735资金账号,,RMB,2901,248,20221008170120.0,0,,,0,0,20221014,0,,,,,,,,387,,,,,,,2901,,,,
0,2,1529986,1529986,,RMB,2901,,,0,,,0,0,20221014,0,,,,,,,,,,,,,,,2901,,,,
888,2,889,hazel测试信用,,RMB,2901,,,3,,,0,0,20221014,0,,,,,,,,,,,,,,,2901,,,,
0001,12,0000,0000,,RMB,3004,140^141,0.0,1,,,0,0,20221014,0,,0000,,0^1^2^3^4^5^6^7^8^F^S^D^Z^X^Y^N^H^U^B^V^W^Q^G^T,,,,,,,,,,,3004,,,,
ZK000001,12,202204251787,测试001,,RMB,3004,,0.0,0,,,0,0,20221014,0,,202204251787,,ALL,,,,,,,,,,,3004,,,,
0001,12,test,测试,ifpkGJxtbe3yKr1cBdtteg==,RMB,3004,,0.0,1,,,0,0,20221014,0,,0001,fl9qZ8+7S4lqUaawyDprxA==,D^F^S^Z,,,,,,,,,,,2201,,,,
