productNum,productAcctNum,portfolioNum,exchId,regId,stkId,bsFlag,F_hedgeFlag,coveredFlag,thirdSystemId,lockQty,lockPendingQty,shortUsableQty,repaymentQty,dueforPaymentQty,shortOpenQty,shortOpenKnockAmt,shortOpenKnockPrice,shortOpenReconAmt,shortOpenReconPrice,longOpenQty,longTDOpenQty,longUsableQty,longOpenKnockAmt,longOpenKnockPrice,longOpenReconAmt,longOpenReconPrice,openExposureQty
2,2,3,0,,000001,B,SPEC,0,,0,0,0,0,0,0,0.0,0.0,0.0,0.0,0,0,0,0.0,0.0,0.0,0.0,0
2,2,317,0,,010108,B,SPEC,0,,1,1,1,0,1,0,0.0,0.0,0.0,0.0,0,1,1,0.0,0.0,0.0,0.0,0
6,6,7,0,0A20220210,600000,B,SPEC,0,2301,20000,0,0,0,0,0,42.92,3.33,8.8,4.44,-100,0,0,32317.37,5.55,-3232316.34,6.66,0
6,6,7,0,0A20220210,600004,B,SPEC,0,2301,10010,10,0,0,0,0,0.0,0.0,0.0,0.0,0,0,0,0.0,0.0,0.0,0.0,0
6,6,7,1,1A20220210,000001,B,SPEC,0,2301,26232,2222,222,222,0,0,7.0,0.0,0.0,0.0,0,2,22,0.0,0.0,0.0,0.0,0
6,6,7,1,1A20220210,000008,B,SPEC,0,2301,1111,0,0,0,0,0,0.0,0.0,0.0,0.0,0,0,0,0.0,0.0,0.0,0.0,0
6,6,7,4,,00001,B,SPEC,0,,111,0,0,0,0,0,0.0,0.0,0.0,0.0,0,0,0,0.0,0.0,0.0,0.0,0
6,1234123,7,0,0A20220210,600000,B,SPEC,0,2301,19900,0,0,0,0,0,42.92,3.33,8.8,4.44,-100,0,0,32317.37,5.55,-3232316.34,6.66,0
8,8,9,0,A207800000,600000,B,SPEC,0,2301,1700,0,1700,3350,900,0,0.0,0.0,0.0,0.0,3200,0,-1500,0.0,0.0,0.0,0.0,0
8,8,9,0,A207800000,600006,B,SPEC,0,2301,8500,0,8500,11000,8500,0,0.0,0.0,0.0,0.0,8500,0,0,0.0,0.0,0.0,0.0,0
8,8,9,0,A207800000,600123,B,SPEC,0,2301,9400,0,9400,9400,9400,0,0.0,0.0,0.0,0.0,6000,0,3400,0.0,0.0,0.0,0.0,0
24,29,31,0,0A20220418,600004,B,SPEC,0,2401,100000,100000,0,0,0,0,0.0,0.0,0.0,0.0,0,0,0,0.0,0.0,0.0,0.0,0
24,29,31,0,0A20220418,600007,B,SPEC,0,2401,1000,0,1000,1300,1000,0,0.0,0.0,0.0,0.0,0,0,1000,0.0,0.0,0.0,0.0,0
24,29,31,0,0A20220418,600008,B,SPEC,0,2401,500,0,500,500,500,0,0.0,0.0,0.0,0.0,0,0,500,0.0,0.0,0.0,0.0,0
24,29,31,0,0A20220418,600110,B,SPEC,0,2401,600,0,600,600,600,0,0.0,0.0,0.0,0.0,0,0,600,0.0,0.0,0.0,0.0,0
24,29,31,1,0B20220418,000001,B,SPEC,0,2401,1800,0,1800,1900,1800,0,0.0,0.0,0.0,0.0,900,0,900,15700.0,14.27,15761.4,14.33,1100
24,29,31,1,0B20220418,000002,B,SPEC,0,2401,200,0,200,400,200,0,0.0,0.0,0.0,0.0,0,0,200,0.0,0.0,0.0,0.0,0
24,29,31,1,0B20220418,000004,B,SPEC,0,2401,5000,0,5000,0,0,0,0.0,0.0,0.0,0.0,200,0,4800,1800.0,9.0,1812.0,9.06,200
24,29,31,1,0B20220418,000009,B,SPEC,0,2401,5000,0,5000,5000,5000,0,0.0,0.0,0.0,0.0,0,0,5000,0.0,0.0,0.0,0.0,0
24,29,31,1,0B20220418,000012,B,SPEC,0,2401,1500,0,1500,2000,1500,0,0.0,0.0,0.0,0.0,1500,0,0,0.0,0.0,0.0,0.0,0
24,29,31,1,0B20220418,000166,B,SPEC,0,2401,1100,0,1100,2700,1100,0,0.0,0.0,0.0,0.0,800,0,300,0.0,0.0,0.0,0.0,0
25,30,32,0,0A00220419,600000,B,SPEC,0,22,0,0,0,300,0,0,0.0,0.0,0.0,0.0,100,0,-100,0.0,0.0,0.0,0.0,0
28,35,37,0,0TESTPT,600000,B,SPEC,0,2301,47,2,45,0,0,23,0.0,0.0,0.0,0.0,0,56,15,0.0,0.0,0.0,0.0,0
29,39,41,1,1A00000002,000421,B,SPEC,0,2302,1000,0,1000,2000,1000,0,0.0,0.0,0.0,0.0,200,0,800,0.0,0.0,0.0,0.0,0
29,40,42,0,2022041901,010109,B,SPEC,0,2301,120,0,0,0,0,0,0.0,0.0,0.0,0.0,0,0,0,0.0,0.0,0.0,0.0,0
29,114,131,0,0Axy000001,600000,B,SPEC,0,2302,10000,100,100,100,100,100,100.0,100.0,100.0,100.0,100,0,100,100.0,100.0,100.0,100.0,100
77,106,123,0,20221794,600000,B,SPEC,0,22,111,112,113,115,116,118,123.0,100.0,124.0,100.0,119,0,114,127.0,100.0,128.0,100.0,120
77,106,123,0,20221794,600001,B,SPEC,0,22,21,12,13,15,16,18,23.0,21.0,24.0,22.0,19,0,14,27.0,25.0,28.0,26.0,20
78,107,124,0,20220001,600000,B,SPEC,0,2401,170,0,170,170,170,0,0.0,0.0,0.0,0.0,0,0,170,0.0,0.0,0.0,0.0,0
78,107,124,1,20220002,301153,B,SPEC,0,2401,1000,0,1000,0,0,0,0.0,0.0,0.0,0.0,0,0,1000,0.0,0.0,0.0,0.0,0
78,107,124,1,20220002,301166,B,SPEC,0,2401,10000,0,1000,0,0,0,0.0,0.0,0.0,0.0,0,0,1000,0.0,0.0,0.0,0.0,0
79,108,125,0,20220003,600000,B,SPEC,0,22,200,0,200,200,200,0,0.0,0.0,0.0,0.0,0,0,200,0.0,0.0,0.0,0.0,0
139,172,189,1,0600108817,000002,B,SPEC,0,2410,2000,0,2000,2000,2000,0,0.0,0.0,0.0,0.0,0,0,2000,0.0,0.0,0.0,0.0,0
144,180,198,0,0A20220718,600060,B,SPEC,0,2401,1000,0,1000,1000,1000,0,0.0,0.0,0.0,0.0,0,0,1000,0.0,0.0,0.0,0.0,0
144,180,198,0,0A20220718,601012,B,SPEC,0,2401,2000,0,2000,0,0,0,0.0,0.0,0.0,0.0,0,0,2000,0.0,0.0,0.0,0.0,0
144,180,198,0,0A20220718,603648,B,SPEC,0,2401,1000,0,1000,0,-1000,-1000,0.0,0.0,0.0,0.0,-1000,0,1000,0.0,0.0,0.0,0.0,0
144,180,198,0,0A20220718,603650,B,SPEC,0,2401,5556,0,5556,5556,5556,0,0.0,0.0,0.0,0.0,0,0,5556,0.0,0.0,0.0,0.0,0
144,180,198,0,0A20220718,688348,B,SPEC,0,2401,2500,0,2500,2500,2500,0,0.0,0.0,0.0,0.0,0,0,2500,0.0,0.0,0.0,0.0,0
144,180,198,0,0A20220718,688660,B,SPEC,0,2401,800,0,800,800,800,0,0.0,0.0,0.0,0.0,0,0,800,0.0,0.0,0.0,0.0,0
144,180,198,1,0B20220718,000001,B,SPEC,0,2401,1111,0,1111,1111,1111,0,0.0,0.0,0.0,0.0,0,0,1111,0.0,0.0,0.0,0.0,0
144,180,198,1,0B20220718,000032,B,SPEC,0,2401,100,0,100,100,100,0,0.0,0.0,0.0,0.0,0,0,100,0.0,0.0,0.0,0.0,0
144,180,198,1,0B20220718,000088,B,SPEC,0,2401,999,0,999,999,999,0,0.0,0.0,0.0,0.0,0,0,999,0.0,0.0,0.0,0.0,0
144,180,198,1,0B20220718,000166,B,SPEC,0,2401,1961,0,1961,1600,1000,0,0.0,0.0,0.0,0.0,0,0,1961,0.0,0.0,0.0,0.0,0
144,180,198,1,0B20220718,300474,B,SPEC,0,2401,999,0,999,999,999,0,0.0,0.0,0.0,0.0,0,0,999,0.0,0.0,0.0,0.0,0
144,189,207,0,0A20220719,601000,B,SPEC,0,2401,22000,2000,1000,0,-2000,-1000,0.0,0.0,0.0,0.0,-1000,0,-1000,0.0,0.0,0.0,0.0,0
144,189,207,0,0A20220719,603000,B,SPEC,0,2401,29200,0,10000,0,-1800,-800,0.0,0.0,0.0,0.0,-800,0,10000,0.0,0.0,0.0,0.0,0
144,189,207,0,0A20220719,603002,B,SPEC,0,2401,20000,0,20000,0,0,0,0.0,0.0,0.0,0.0,0,0,0,0.0,0.0,0.0,0.0,0
144,189,207,0,0A20220719,603648,B,SPEC,0,2401,0,0,0,0,-1000,0,0.0,0.0,0.0,0.0,0,0,0,0.0,0.0,0.0,0.0,0
144,189,207,0,0A20220719,603650,B,SPEC,0,2401,1,0,1,0,-1,0,0.0,0.0,0.0,0.0,0,200,1,0.0,0.0,0.0,0.0,0
144,189,207,0,0A20220719,603656,B,SPEC,0,2401,10,0,10,0,0,0,0.0,0.0,0.0,0.0,0,0,10,0.0,0.0,0.0,0.0,0
144,189,207,0,0A20220719,603657,B,SPEC,0,2401,0,0,101,0,-1999,0,0.0,0.0,0.0,0.0,0,1000,0,0.0,0.0,0.0,0.0,0
144,189,207,0,0A20220719,688656,B,SPEC,0,2401,480,0,480,0,-1020,0,0.0,0.0,0.0,0.0,0,0,480,0.0,0.0,0.0,0.0,0
144,189,207,1,0B20220719,000001,B,SPEC,0,2401,100000,0,99400,0,0,0,0.0,0.0,0.0,0.0,1000,1000,99000,11990.0,11.99,11991.0,11.99,1000
144,189,207,1,0B20220719,000002,B,SPEC,0,2401,2500,0,2399,500,500,101,1762.45,17.45,1763.45,17.46,100,100,2400,1745.0,17.45,1746.0,17.46,-1
144,189,207,1,0B20220719,000017,B,SPEC,0,2401,99999,0,99999,0,0,0,0.0,0.0,0.0,0.0,0,0,99999,0.0,0.0,0.0,0.0,0
144,189,207,1,0B20220719,000423,B,SPEC,0,2401,500,0,398,500,500,102,3163.02,31.01,3164.02,31.02,0,0,500,0.0,0.0,0.0,0.0,-102
144,189,207,1,0B20220719,000425,B,SPEC,0,2401,500,0,400,500,500,100,450.0,4.5,451.0,4.51,0,0,500,0.0,0.0,0.0,0.0,-100
144,189,207,1,0B20220719,000426,B,SPEC,0,2401,500,0,500,500,500,0,0.0,0.0,0.0,0.0,0,0,500,0.0,0.0,0.0,0.0,0
144,189,207,1,0B20220719,000592,B,SPEC,0,2401,400,0,400,500,400,0,0.0,0.0,0.0,0.0,0,0,400,0.0,0.0,0.0,0.0,0
144,189,207,1,0B20220719,000617,B,SPEC,0,2401,500,0,500,1000,500,0,0.0,0.0,0.0,0.0,0,0,500,0.0,0.0,0.0,0.0,0
144,189,207,1,0B20220719,000627,B,SPEC,0,2401,450,0,450,1000,450,0,0.0,0.0,0.0,0.0,0,0,450,0.0,0.0,0.0,0.0,0
144,189,207,1,0B20220719,000630,B,SPEC,0,2401,500,0,500,500,500,0,0.0,0.0,0.0,0.0,0,0,500,0.0,0.0,0.0,0.0,0
144,189,207,1,0B20220719,000650,B,SPEC,0,2401,1000,0,1000,1000,1000,0,0.0,0.0,0.0,0.0,0,0,1000,0.0,0.0,0.0,0.0,0
144,189,207,1,0B20220719,300354,B,SPEC,0,2401,0,0,0,0,-2000,0,0.0,0.0,0.0,0.0,0,0,0,0.0,0.0,0.0,0.0,0
144,189,207,1,0B20220719,300367,B,SPEC,0,2401,2000,1000,2000,0,-1000,-800,0.0,0.0,0.0,0.0,-800,180,-200,0.0,0.0,0.0,0.0,0
148,184,202,0,0A000001,000001,B,SPEC,0,2401,6000,0,6000,0,0,0,0.0,0.0,0.0,0.0,0,0,6000,0.0,0.0,0.0,0.0,0
148,184,202,0,0A000001,000961,B,SPEC,0,2401,1000,0,1000,0,0,0,0.0,0.0,0.0,0.0,0,0,1000,0.0,0.0,0.0,0.0,0
148,184,202,0,0A000001,000972,B,SPEC,0,2401,7700,7700,0,0,0,0,0.0,0.0,0.0,0.0,0,0,0,0.0,0.0,0.0,0.0,0
148,184,202,0,0A000001,000975,B,SPEC,0,2401,70000,0,70000,0,0,0,0.0,0.0,0.0,0.0,0,0,70000,0.0,0.0,0.0,0.0,0
148,184,202,0,0A000001,000977,B,SPEC,0,2401,700,700,0,0,0,0,0.0,0.0,0.0,0.0,0,0,0,0.0,0.0,0.0,0.0,0
148,184,202,0,0A000001,000978,B,SPEC,0,2401,0,0,0,0,-8000,0,0.0,0.0,0.0,0.0,0,0,0,0.0,0.0,0.0,0.0,0
148,184,202,0,0A000001,002262,B,SPEC,0,2401,0,0,0,0,-600,0,0.0,0.0,0.0,0.0,0,0,0,0.0,0.0,0.0,0.0,0
148,184,202,0,0A000001,002332,B,SPEC,0,2401,0,0,0,0,-5000,0,0.0,0.0,0.0,0.0,0,0,0,0.0,0.0,0.0,0.0,0
148,184,202,0,0A000001,300320,B,SPEC,0,2401,5000,0,5000,0,0,0,0.0,0.0,0.0,0.0,0,0,5000,0.0,0.0,0.0,0.0,0
148,184,202,0,0A000001,600000,B,SPEC,0,2401,1323,0,1323,0,0,0,0.0,0.0,0.0,0.0,0,0,1323,0.0,0.0,0.0,0.0,0
148,184,202,0,0A000001,601187,B,SPEC,0,2401,100,0,100,0,0,0,0.0,0.0,0.0,0.0,0,0,100,0.0,0.0,0.0,0.0,0
148,184,202,0,0A000001,603657,B,SPEC,0,2401,500,0,500,0,0,0,0.0,0.0,0.0,0.0,0,0,500,0.0,0.0,0.0,0.0,0
148,184,202,1,0A000002,000006,B,SPEC,0,2401,2000,0,2000,0,0,0,0.0,0.0,0.0,0.0,0,0,2000,0.0,0.0,0.0,0.0,0
148,184,202,1,0A000002,000010,B,SPEC,0,2401,300,0,300,0,0,0,0.0,0.0,0.0,0.0,0,0,300,0.0,0.0,0.0,0.0,0
148,184,202,1,0A000002,000930,B,SPEC,0,2401,600,0,600,0,0,0,0.0,0.0,0.0,0.0,0,0,600,0.0,0.0,0.0,0.0,0
148,184,202,1,0A000002,000963,B,SPEC,0,2401,3000,3000,0,0,0,0,0.0,0.0,0.0,0.0,0,0,0,0.0,0.0,0.0,0.0,0
149,185,203,0,0B000001,600600,B,SPEC,0,22,4,0,4,0,0,0,0.0,0.0,0.0,0.0,0,0,4,0.0,0.0,0.0,0.0,0
151,187,205,0,2022071801,000963,B,SPEC,0,2401,5,5,0,0,0,0,0.0,0.0,0.0,0.0,0,0,0,0.0,0.0,0.0,0.0,0
151,187,205,0,2022071801,000971,B,SPEC,0,2401,5,5,0,0,0,0,0.0,0.0,0.0,0.0,0,0,0,0.0,0.0,0.0,0.0,0
151,187,205,0,2022071801,600000,B,SPEC,0,2401,12200,2000,10200,0,-3345,0,0.0,0.0,0.0,0.0,0,0,10200,0.0,0.0,0.0,0.0,0
151,187,205,0,2022071801,600001,B,SPEC,0,2401,150,150,0,0,0,0,0.0,0.0,0.0,0.0,0,0,0,0.0,0.0,0.0,0.0,0
151,187,205,0,2022071801,600004,B,SPEC,0,2401,100,0,100,0,-1000,0,0.0,0.0,0.0,0.0,0,0,100,0.0,0.0,0.0,0.0,0
151,187,205,0,2022071801,600006,B,SPEC,0,2401,877,0,877,0,-123,0,0.0,0.0,0.0,0.0,0,0,877,0.0,0.0,0.0,0.0,0
151,187,205,0,2022071801,600007,B,SPEC,0,2401,2100,0,2100,0,0,0,0.0,0.0,0.0,0.0,0,0,2100,0.0,0.0,0.0,0.0,0
151,187,205,0,2022071801,600009,B,SPEC,0,2401,2000,1000,1000,0,0,0,0.0,0.0,0.0,0.0,0,0,1000,0.0,0.0,0.0,0.0,0
151,187,205,0,2022071801,600010,B,SPEC,0,2401,99999,99999,0,0,0,0,0.0,0.0,0.0,0.0,0,0,0,0.0,0.0,0.0,0.0,0
151,187,205,0,2022071801,600018,B,SPEC,0,2401,99999,99999,0,0,0,0,0.0,0.0,0.0,0.0,0,0,0,0.0,0.0,0.0,0.0,0
151,187,205,0,2022071801,600655,B,SPEC,0,2401,1235,0,1235,0,-8765,0,0.0,0.0,0.0,0.0,0,0,1235,0.0,0.0,0.0,0.0,0
151,187,205,0,2022071801,603655,B,SPEC,0,2401,27960,12000,15960,0,-40,0,0.0,0.0,0.0,0.0,0,0,15960,0.0,0.0,0.0,0.0,0
151,187,205,0,2022071801,688096,B,SPEC,0,2401,10000,0,10000,0,0,0,0.0,0.0,0.0,0.0,0,0,10000,0.0,0.0,0.0,0.0,0
151,187,205,0,2022071801,688098,B,SPEC,0,2401,10000,0,10000,0,-1000,0,0.0,0.0,0.0,0.0,0,0,10000,0.0,0.0,0.0,0.0,0
151,187,205,1,2022071802,000002,B,SPEC,0,2401,1000,0,1000,0,0,0,0.0,0.0,0.0,0.0,0,0,1000,0.0,0.0,0.0,0.0,0
151,187,205,1,2022071802,000006,B,SPEC,0,2401,9544,0,9544,0,-456,0,0.0,0.0,0.0,0.0,0,0,9544,0.0,0.0,0.0,0.0,0
151,187,205,1,2022071802,000010,B,SPEC,0,2401,1100,100,1000,0,-1010,0,0.0,0.0,0.0,0.0,0,0,1000,0.0,0.0,0.0,0.0,0
151,187,205,1,2022071802,000011,B,SPEC,0,2401,11290,9290,2000,0,0,0,0.0,0.0,0.0,0.0,0,0,2000,0.0,0.0,0.0,0.0,0
151,187,205,1,2022071802,000012,B,SPEC,0,2401,1000,0,1000,0,0,0,0.0,0.0,0.0,0.0,0,0,1000,0.0,0.0,0.0,0.0,0
151,187,205,1,2022071802,000014,B,SPEC,0,2401,1000,1000,0,0,0,0,0.0,0.0,0.0,0.0,0,0,0,0.0,0.0,0.0,0.0,0
151,187,205,1,2022071802,000016,B,SPEC,0,2401,1000,0,1000,0,0,0,0.0,0.0,0.0,0.0,0,0,1000,0.0,0.0,0.0,0.0,0
151,187,205,1,2022071802,000017,B,SPEC,0,2401,2000,0,2000,0,0,0,0.0,0.0,0.0,0.0,0,0,2000,0.0,0.0,0.0,0.0,0
151,187,205,1,2022071802,000019,B,SPEC,0,2401,3000,1000,2000,0,0,0,0.0,0.0,0.0,0.0,0,0,2000,0.0,0.0,0.0,0.0,0
151,187,205,1,2022071802,000020,B,SPEC,0,2401,2000,0,2000,0,-1000,0,0.0,0.0,0.0,0.0,0,0,2000,0.0,0.0,0.0,0.0,0
151,187,205,1,2022071802,000021,B,SPEC,0,2401,1300,150,1150,0,0,0,0.0,0.0,0.0,0.0,0,0,1150,0.0,0.0,0.0,0.0,0
151,187,205,1,2022071802,000023,B,SPEC,0,2401,3390,1100,2290,0,-10,0,0.0,0.0,0.0,0.0,0,0,2290,0.0,0.0,0.0,0.0,0
151,187,205,1,2022071802,000025,B,SPEC,0,2401,2150,0,2150,0,0,0,0.0,0.0,0.0,0.0,0,0,2150,0.0,0.0,0.0,0.0,0
151,187,205,1,2022071802,000026,B,SPEC,0,2401,0,0,0,0,-1000,0,0.0,0.0,0.0,0.0,0,0,0,0.0,0.0,0.0,0.0,0
151,187,205,1,2022071802,000027,B,SPEC,0,2401,1900,1000,900,0,-100,0,0.0,0.0,0.0,0.0,0,0,-100,0.0,0.0,0.0,0.0,0
151,187,205,1,2022071802,000028,B,SPEC,0,2401,2000,0,2000,0,0,0,0.0,0.0,0.0,0.0,0,0,2000,0.0,0.0,0.0,0.0,0
151,187,205,1,2022071802,000029,B,SPEC,0,2401,4000,0,4000,0,0,0,0.0,0.0,0.0,0.0,0,0,4000,0.0,0.0,0.0,0.0,0
151,187,205,1,2022071802,000030,B,SPEC,0,2401,2000,2000,0,0,0,0,0.0,0.0,0.0,0.0,0,0,0,0.0,0.0,0.0,0.0,0
151,187,205,1,2022071802,000031,B,SPEC,0,2401,2000,0,2000,0,0,0,0.0,0.0,0.0,0.0,0,0,2000,0.0,0.0,0.0,0.0,0
151,187,205,1,2022071802,000032,B,SPEC,0,2401,1000,0,1000,0,0,0,0.0,0.0,0.0,0.0,0,0,1000,0.0,0.0,0.0,0.0,0
151,187,205,1,2022071802,000034,B,SPEC,0,2401,1000,1000,0,0,0,0,0.0,0.0,0.0,0.0,0,0,0,0.0,0.0,0.0,0.0,0
151,187,205,1,2022071802,000035,B,SPEC,0,2401,4000,3000,1000,0,0,0,0.0,0.0,0.0,0.0,0,0,1000,0.0,0.0,0.0,0.0,0
151,187,205,1,2022071802,000036,B,SPEC,0,2401,1000,0,1000,0,0,0,0.0,0.0,0.0,0.0,0,0,1000,0.0,0.0,0.0,0.0,0
151,187,205,1,2022071802,000037,B,SPEC,0,2401,1000,1000,0,0,0,0,0.0,0.0,0.0,0.0,0,0,0,0.0,0.0,0.0,0.0,0
151,187,205,1,2022071802,000038,B,SPEC,0,2401,1000,0,1000,0,0,0,0.0,0.0,0.0,0.0,0,0,1000,0.0,0.0,0.0,0.0,0
151,187,205,1,2022071802,000039,B,SPEC,0,2401,1000,0,1000,0,0,0,0.0,0.0,0.0,0.0,0,0,1000,0.0,0.0,0.0,0.0,0
151,187,205,1,2022071802,000042,B,SPEC,0,2401,2000,1000,1000,0,0,0,0.0,0.0,0.0,0.0,0,0,1000,0.0,0.0,0.0,0.0,0
151,187,205,1,2022071802,000045,B,SPEC,0,2401,3000,1000,2000,0,0,0,0.0,0.0,0.0,0.0,0,0,2000,0.0,0.0,0.0,0.0,0
151,187,205,1,2022071802,000046,B,SPEC,0,2401,3000,1000,2000,0,-1000,0,0.0,0.0,0.0,0.0,0,0,2000,0.0,0.0,0.0,0.0,0
151,187,205,1,2022071802,000048,B,SPEC,0,2401,2000,2000,0,0,0,0,0.0,0.0,0.0,0.0,0,0,0,0.0,0.0,0.0,0.0,0
151,187,205,1,2022071802,000049,B,SPEC,0,2401,2000,1000,1000,0,0,0,0.0,0.0,0.0,0.0,0,0,1000,0.0,0.0,0.0,0.0,0
151,187,205,1,2022071802,000050,B,SPEC,0,2401,2000,2000,0,0,-1000,0,0.0,0.0,0.0,0.0,0,0,0,0.0,0.0,0.0,0.0,0
151,187,205,1,2022071802,000055,B,SPEC,0,2401,2000,2000,0,0,0,0,0.0,0.0,0.0,0.0,0,0,0,0.0,0.0,0.0,0.0,0
151,187,205,1,2022071802,000056,B,SPEC,0,2401,2000,0,2000,0,0,0,0.0,0.0,0.0,0.0,0,0,2000,0.0,0.0,0.0,0.0,0
151,187,205,1,2022071802,000058,B,SPEC,0,2401,4000,0,4000,0,0,0,0.0,0.0,0.0,0.0,0,0,4000,0.0,0.0,0.0,0.0,0
151,187,205,1,2022071802,000060,B,SPEC,0,2401,1000,1000,0,0,0,0,0.0,0.0,0.0,0.0,0,0,0,0.0,0.0,0.0,0.0,0
151,187,205,1,2022071802,000061,B,SPEC,0,2401,1000,0,1000,0,0,0,0.0,0.0,0.0,0.0,0,0,1000,0.0,0.0,0.0,0.0,0
151,187,205,1,2022071802,000062,B,SPEC,0,2401,1000,0,1000,0,0,0,0.0,0.0,0.0,0.0,0,0,1000,0.0,0.0,0.0,0.0,0
151,187,205,1,2022071802,000063,B,SPEC,0,2401,1000,1000,0,0,0,0,0.0,0.0,0.0,0.0,0,0,0,0.0,0.0,0.0,0.0,0
151,187,205,1,2022071802,000065,B,SPEC,0,2401,3000,0,3000,0,0,0,0.0,0.0,0.0,0.0,0,0,3000,0.0,0.0,0.0,0.0,0
151,187,205,1,2022071802,000068,B,SPEC,0,2401,3000,1000,2000,0,0,0,0.0,0.0,0.0,0.0,0,0,2000,0.0,0.0,0.0,0.0,0
151,187,205,1,2022071802,000069,B,SPEC,0,2401,1000,0,1000,0,0,0,0.0,0.0,0.0,0.0,0,0,1000,0.0,0.0,0.0,0.0,0
151,187,205,1,2022071802,000070,B,SPEC,0,2401,1000,0,1000,0,0,0,0.0,0.0,0.0,0.0,0,0,1000,0.0,0.0,0.0,0.0,0
151,187,205,1,2022071802,000158,B,SPEC,0,2401,1000,1000,0,0,0,0,0.0,0.0,0.0,0.0,0,0,0,0.0,0.0,0.0,0.0,0
151,187,205,1,2022071802,000333,B,SPEC,0,2401,1000,1000,0,0,-1000,0,0.0,0.0,0.0,0.0,0,0,0,0.0,0.0,0.0,0.0,0
151,187,205,1,2022071802,000400,B,SPEC,0,2401,1000,0,1000,0,0,0,0.0,0.0,0.0,0.0,0,0,1000,0.0,0.0,0.0,0.0,0
151,187,205,1,2022071802,000401,B,SPEC,0,2401,2000,2000,0,0,0,0,0.0,0.0,0.0,0.0,0,0,0,0.0,0.0,0.0,0.0,0
151,187,205,1,2022071802,000402,B,SPEC,0,2401,2000,0,2000,0,0,0,0.0,0.0,0.0,0.0,0,0,2000,0.0,0.0,0.0,0.0,0
151,187,205,1,2022071802,000403,B,SPEC,0,2401,2000,0,2000,0,0,0,0.0,0.0,0.0,0.0,0,0,2000,0.0,0.0,0.0,0.0,0
151,187,205,1,2022071802,000404,B,SPEC,0,2401,2000,2000,0,0,0,0,0.0,0.0,0.0,0.0,0,0,0,0.0,0.0,0.0,0.0,0
151,187,205,1,2022071802,000407,B,SPEC,0,2401,2000,0,2000,0,0,0,0.0,0.0,0.0,0.0,0,0,2000,0.0,0.0,0.0,0.0,0
151,187,205,1,2022071802,000408,B,SPEC,0,2401,3000,1000,2000,0,0,0,0.0,0.0,0.0,0.0,0,0,2000,0.0,0.0,0.0,0.0,0
151,187,205,1,2022071802,000409,B,SPEC,0,2401,2000,2000,0,0,0,0,0.0,0.0,0.0,0.0,0,0,0,0.0,0.0,0.0,0.0,0
151,187,205,1,2022071802,000410,B,SPEC,0,2401,2000,0,2000,0,0,0,0.0,0.0,0.0,0.0,0,0,2000,0.0,0.0,0.0,0.0,0
151,187,205,1,2022071802,000411,B,SPEC,0,2401,2000,0,2000,0,0,0,0.0,0.0,0.0,0.0,0,0,2000,0.0,0.0,0.0,0.0,0
151,187,205,1,2022071802,000413,B,SPEC,0,2401,2000,2000,0,0,0,0,0.0,0.0,0.0,0.0,0,0,0,0.0,0.0,0.0,0.0,0
151,187,205,1,2022071802,000415,B,SPEC,0,2401,2000,0,2000,0,0,0,0.0,0.0,0.0,0.0,0,0,2000,0.0,0.0,0.0,0.0,0
151,187,205,1,2022071802,000416,B,SPEC,0,2401,2000,0,2000,0,0,0,0.0,0.0,0.0,0.0,0,0,2000,0.0,0.0,0.0,0.0,0
151,187,205,1,2022071802,000417,B,SPEC,0,2401,2000,2000,0,0,0,0,0.0,0.0,0.0,0.0,0,0,0,0.0,0.0,0.0,0.0,0
151,187,205,1,2022071802,000419,B,SPEC,0,2401,2000,0,2000,0,0,0,0.0,0.0,0.0,0.0,0,0,2000,0.0,0.0,0.0,0.0,0
151,187,205,1,2022071802,000420,B,SPEC,0,2401,2000,0,2000,0,0,0,0.0,0.0,0.0,0.0,0,0,2000,0.0,0.0,0.0,0.0,0
151,187,205,1,2022071802,000421,B,SPEC,0,2401,2000,2000,0,0,0,0,0.0,0.0,0.0,0.0,0,0,0,0.0,0.0,0.0,0.0,0
151,187,205,1,2022071802,000422,B,SPEC,0,2401,2000,0,2000,0,0,0,0.0,0.0,0.0,0.0,0,0,2000,0.0,0.0,0.0,0.0,0
151,187,205,1,2022071802,000423,B,SPEC,0,2401,2000,0,2000,0,0,0,0.0,0.0,0.0,0.0,0,0,2000,0.0,0.0,0.0,0.0,0
151,187,205,1,2022071802,000425,B,SPEC,0,2401,2000,2000,0,0,0,0,0.0,0.0,0.0,0.0,0,0,0,0.0,0.0,0.0,0.0,0
151,187,205,1,2022071802,000426,B,SPEC,0,2401,2000,0,2000,0,0,0,0.0,0.0,0.0,0.0,0,0,2000,0.0,0.0,0.0,0.0,0
151,187,205,1,2022071802,000428,B,SPEC,0,2401,2000,0,2000,0,0,0,0.0,0.0,0.0,0.0,0,0,2000,0.0,0.0,0.0,0.0,0
151,187,205,1,2022071802,000429,B,SPEC,0,2401,2000,2000,0,0,0,0,0.0,0.0,0.0,0.0,0,0,0,0.0,0.0,0.0,0.0,0
151,187,205,1,2022071802,000559,B,SPEC,0,2401,1000,0,1000,0,0,0,0.0,0.0,0.0,0.0,0,0,1000,0.0,0.0,0.0,0.0,0
151,187,205,1,2022071802,000810,B,SPEC,0,2401,1000,0,1000,0,0,0,0.0,0.0,0.0,0.0,0,0,1000,0.0,0.0,0.0,0.0,0
151,187,205,1,2022071802,000978,B,SPEC,0,2401,5,5,0,0,0,0,0.0,0.0,0.0,0.0,0,0,0,0.0,0.0,0.0,0.0,0
151,187,205,1,2022071802,002038,B,SPEC,0,2401,1000,0,1000,0,0,0,0.0,0.0,0.0,0.0,0,0,1000,0.0,0.0,0.0,0.0,0
151,187,205,1,2022071802,002044,B,SPEC,0,2401,2000,1000,1000,0,0,0,0.0,0.0,0.0,0.0,0,0,1000,0.0,0.0,0.0,0.0,0
151,187,205,1,2022071802,002048,B,SPEC,0,2401,1000,0,1000,0,0,0,0.0,0.0,0.0,0.0,0,0,1000,0.0,0.0,0.0,0.0,0
151,187,205,1,2022071802,002049,B,SPEC,0,2401,2000,1000,1000,0,0,0,0.0,0.0,0.0,0.0,0,0,1000,0.0,0.0,0.0,0.0,0
151,187,205,1,2022071802,002050,B,SPEC,0,2401,1000,0,1000,0,0,0,0.0,0.0,0.0,0.0,0,0,1000,0.0,0.0,0.0,0.0,0
151,187,205,1,2022071802,002051,B,SPEC,0,2401,0,0,0,0,-1000,0,0.0,0.0,0.0,0.0,0,0,0,0.0,0.0,0.0,0.0,0
151,187,205,1,2022071802,002056,B,SPEC,0,2401,2000,1000,1000,0,0,0,0.0,0.0,0.0,0.0,0,0,1000,0.0,0.0,0.0,0.0,0
151,187,205,1,2022071802,002064,B,SPEC,0,2401,1000,1000,0,0,0,0,0.0,0.0,0.0,0.0,0,0,0,0.0,0.0,0.0,0.0,0
151,187,205,1,2022071802,002079,B,SPEC,0,2401,1000,1000,0,0,0,0,0.0,0.0,0.0,0.0,0,0,0,0.0,0.0,0.0,0.0,0
151,187,205,1,2022071802,002080,B,SPEC,0,2401,1000,1000,0,0,-1000,0,0.0,0.0,0.0,0.0,0,0,0,0.0,0.0,0.0,0.0,0
151,187,205,1,2022071802,002085,B,SPEC,0,2401,1000,0,1000,0,0,0,0.0,0.0,0.0,0.0,0,0,1000,0.0,0.0,0.0,0.0,0
151,187,205,1,2022071802,002100,B,SPEC,0,2401,1000,1000,0,0,0,0,0.0,0.0,0.0,0.0,0,0,0,0.0,0.0,0.0,0.0,0
151,187,205,1,2022071802,300865,B,SPEC,0,2401,1000,0,1000,0,0,0,0.0,0.0,0.0,0.0,0,0,1000,0.0,0.0,0.0,0.0,0
151,187,205,1,2022071802,300975,B,SPEC,0,2401,10000,0,10000,0,0,0,0.0,0.0,0.0,0.0,0,0,10000,0.0,0.0,0.0,0.0,0
151,187,205,1,2022071802,300998,B,SPEC,0,2401,9000,0,9000,0,-2000,0,0.0,0.0,0.0,0.0,0,0,9000,0.0,0.0,0.0,0.0,0
151,187,205,1,2022071802,301013,B,SPEC,0,2401,2000,2000,0,0,-1000,0,0.0,0.0,0.0,0.0,0,0,0,0.0,0.0,0.0,0.0,0
151,187,205,1,2022071802,301030,B,SPEC,0,2401,10000,0,10000,0,-1000,0,0.0,0.0,0.0,0.0,0,0,10000,0.0,0.0,0.0,0.0,0
151,187,205,1,2022071802,301116,B,SPEC,0,2401,99999,99999,0,0,0,0,0.0,0.0,0.0,0.0,0,0,0,0.0,0.0,0.0,0.0,0
151,187,205,1,2022071802,301120,B,SPEC,0,2401,1000,0,1000,0,0,0,0.0,0.0,0.0,0.0,0,0,1000,0.0,0.0,0.0,0.0,0
151,187,205,1,2022071802,301123,B,SPEC,0,2401,3000,2000,1000,0,-1000,0,0.0,0.0,0.0,0.0,0,0,1000,0.0,0.0,0.0,0.0,0
151,187,205,1,2022071802,301135,B,SPEC,0,2401,99999,0,99999,0,0,0,0.0,0.0,0.0,0.0,0,0,99999,0.0,0.0,0.0,0.0,0
151,187,205,1,2022071802,301148,B,SPEC,0,2401,0,0,0,0,-99999,0,0.0,0.0,0.0,0.0,0,0,0,0.0,0.0,0.0,0.0,0
151,187,205,1,2022071802,301216,B,SPEC,0,2401,299997,99999,199998,0,0,0,0.0,0.0,0.0,0.0,0,0,199998,0.0,0.0,0.0,0.0,0
151,187,205,1,2022071802,301286,B,SPEC,0,2401,2000,0,2000,0,0,0,0.0,0.0,0.0,0.0,0,0,2000,0.0,0.0,0.0,0.0,0
151,187,205,1,2022071802,301288,B,SPEC,0,2401,1000,0,1000,0,0,0,0.0,0.0,0.0,0.0,0,0,1000,0.0,0.0,0.0,0.0,0
152,188,206,0,2022071803,600001,B,SPEC,0,2401,2000,2000,0,0,0,0,0.0,0.0,0.0,0.0,0,0,0,0.0,0.0,0.0,0.0,0
152,188,206,0,2022071803,600004,B,SPEC,0,2401,100,0,100,0,-2400,0,0.0,0.0,0.0,0.0,0,0,100,0.0,0.0,0.0,0.0,0
152,188,206,0,2022071803,600006,B,SPEC,0,2401,1100,0,2000,0,-900,-900,0.0,0.0,0.0,0.0,-900,0,2000,0.0,0.0,0.0,0.0,0
152,188,206,0,2022071803,600567,B,SPEC,0,2401,10001,0,1000,0,-49,0,0.0,0.0,0.0,0.0,0,0,1000,0.0,0.0,0.0,0.0,0
152,188,206,0,2022071803,600573,B,SPEC,0,2401,10000,0,1000,0,0,0,0.0,0.0,0.0,0.0,0,0,1000,0.0,0.0,0.0,0.0,0
152,188,206,0,2022071803,603633,B,SPEC,0,2401,49,0,49,0,0,0,0.0,0.0,0.0,0.0,0,0,49,0.0,0.0,0.0,0.0,0
152,188,206,0,2022071803,688609,B,SPEC,0,2401,1000,0,1000,0,0,0,0.0,0.0,0.0,0.0,0,0,1000,0.0,0.0,0.0,0.0,0
152,188,206,1,2022071804,000010,B,SPEC,0,2401,1990,0,1990,0,-10,0,0.0,0.0,0.0,0.0,0,0,1990,0.0,0.0,0.0,0.0,0
152,188,206,1,2022071804,000011,B,SPEC,0,2401,1000,1000,0,0,0,0,0.0,0.0,0.0,0.0,0,0,0,0.0,0.0,0.0,0.0,0
152,188,206,1,2022071804,000012,B,SPEC,0,2401,1000,0,600,0,-10,0,0.0,0.0,0.0,0.0,0,0,600,0.0,0.0,0.0,0.0,0
152,188,206,1,2022071804,000014,B,SPEC,0,2401,1000,0,1000,0,0,0,0.0,0.0,0.0,0.0,0,0,1000,0.0,0.0,0.0,0.0,0
152,188,206,1,2022071804,000016,B,SPEC,0,2401,3000,2000,500,0,0,0,0.0,0.0,0.0,0.0,0,0,500,0.0,0.0,0.0,0.0,0
152,188,206,1,2022071804,000017,B,SPEC,0,2401,2000,0,2000,0,0,0,0.0,0.0,0.0,0.0,0,0,2000,0.0,0.0,0.0,0.0,0
152,188,206,1,2022071804,000019,B,SPEC,0,2401,0,0,0,0,-1000,0,0.0,0.0,0.0,0.0,0,0,0,0.0,0.0,0.0,0.0,0
152,188,206,1,2022071804,000020,B,SPEC,0,2401,2000,0,2000,0,0,0,0.0,0.0,0.0,0.0,0,0,2000,0.0,0.0,0.0,0.0,0
152,188,206,1,2022071804,000021,B,SPEC,0,2401,1000,0,1000,0,0,0,0.0,0.0,0.0,0.0,0,0,0,0.0,0.0,0.0,0.0,0
152,188,206,1,2022071804,000023,B,SPEC,0,2401,1000,0,1000,0,0,0,0.0,0.0,0.0,0.0,0,0,1000,0.0,0.0,0.0,0.0,0
152,188,206,1,2022071804,000025,B,SPEC,0,2401,1000,1000,0,0,0,0,0.0,0.0,0.0,0.0,0,0,0,0.0,0.0,0.0,0.0,0
152,188,206,1,2022071804,000026,B,SPEC,0,2401,1000,0,1000,0,0,0,0.0,0.0,0.0,0.0,0,0,1000,0.0,0.0,0.0,0.0,0
152,188,206,1,2022071804,000027,B,SPEC,0,2401,1000,0,1000,0,0,0,0.0,0.0,0.0,0.0,0,0,0,0.0,0.0,0.0,0.0,0
152,188,206,1,2022071804,000028,B,SPEC,0,2401,2000,1000,1000,0,0,0,0.0,0.0,0.0,0.0,0,0,1000,0.0,0.0,0.0,0.0,0
152,188,206,1,2022071804,000029,B,SPEC,0,2401,2000,0,2000,0,0,0,0.0,0.0,0.0,0.0,0,0,2000,0.0,0.0,0.0,0.0,0
152,188,206,1,2022071804,000031,B,SPEC,0,2401,1000,0,1000,0,0,0,0.0,0.0,0.0,0.0,0,0,1000,0.0,0.0,0.0,0.0,0
152,188,206,1,2022071804,000032,B,SPEC,0,2401,2000,1000,1000,0,-1000,0,0.0,0.0,0.0,0.0,0,0,1000,0.0,0.0,0.0,0.0,0
152,188,206,1,2022071804,000034,B,SPEC,0,2401,2000,0,1000,0,0,0,0.0,0.0,0.0,0.0,0,0,1000,0.0,0.0,0.0,0.0,0
152,188,206,1,2022071804,000035,B,SPEC,0,2401,3000,3000,0,0,-2000,0,0.0,0.0,0.0,0.0,0,0,-2000,0.0,0.0,0.0,0.0,0
152,188,206,1,2022071804,000036,B,SPEC,0,2401,2000,600,1400,0,-600,0,0.0,0.0,0.0,0.0,0,0,400,0.0,0.0,0.0,0.0,0
152,188,206,1,2022071804,000037,B,SPEC,0,2401,1000,0,1000,0,0,0,0.0,0.0,0.0,0.0,0,0,0,0.0,0.0,0.0,0.0,0
152,188,206,1,2022071804,000038,B,SPEC,0,2401,1000,0,1000,0,0,0,0.0,0.0,0.0,0.0,0,0,1000,0.0,0.0,0.0,0.0,0
152,188,206,1,2022071804,000039,B,SPEC,0,2401,1000,0,1000,0,0,0,0.0,0.0,0.0,0.0,0,0,0,0.0,0.0,0.0,0.0,0
152,188,206,1,2022071804,000045,B,SPEC,0,2401,1200,900,300,0,-700,0,0.0,0.0,0.0,0.0,0,0,-700,0.0,0.0,0.0,0.0,0
152,188,206,1,2022071804,000048,B,SPEC,0,2401,2000,1000,1000,0,-1000,0,0.0,0.0,0.0,0.0,0,0,-1000,0.0,0.0,0.0,0.0,0
152,188,206,1,2022071804,000049,B,SPEC,0,2401,1000,1000,0,0,0,0,0.0,0.0,0.0,0.0,0,0,0,0.0,0.0,0.0,0.0,0
152,188,206,1,2022071804,000055,B,SPEC,0,2401,5000,0,1000,0,0,0,0.0,0.0,0.0,0.0,0,0,1000,0.0,0.0,0.0,0.0,0
152,188,206,1,2022071804,000056,B,SPEC,0,2401,1000,0,1000,0,0,0,0.0,0.0,0.0,0.0,0,0,1000,0.0,0.0,0.0,0.0,0
152,188,206,1,2022071804,000058,B,SPEC,0,2401,1000,0,1000,0,0,0,0.0,0.0,0.0,0.0,0,0,1000,0.0,0.0,0.0,0.0,0
152,188,206,1,2022071804,000060,B,SPEC,0,2401,11000,10000,1000,0,0,0,0.0,0.0,0.0,0.0,0,0,1000,0.0,0.0,0.0,0.0,0
152,188,206,1,2022071804,000062,B,SPEC,0,2401,2000,1000,1000,0,0,0,0.0,0.0,0.0,0.0,0,0,1000,0.0,0.0,0.0,0.0,0
152,188,206,1,2022071804,000063,B,SPEC,0,2401,1000,0,1000,0,0,0,0.0,0.0,0.0,0.0,0,0,1000,0.0,0.0,0.0,0.0,0
152,188,206,1,2022071804,000069,B,SPEC,0,2401,990,0,1000,0,0,0,0.0,0.0,0.0,0.0,0,0,1000,0.0,0.0,0.0,0.0,0
152,188,206,1,2022071804,000070,B,SPEC,0,2401,1000,0,1000,0,0,0,0.0,0.0,0.0,0.0,0,0,1000,0.0,0.0,0.0,0.0,0
152,188,206,1,2022071804,000078,B,SPEC,0,2401,2000,0,2000,0,0,0,0.0,0.0,0.0,0.0,0,0,2000,0.0,0.0,0.0,0.0,0
152,188,206,1,2022071804,000400,B,SPEC,0,2401,1002,0,1002,0,0,0,0.0,0.0,0.0,0.0,0,0,1000,0.0,0.0,0.0,0.0,0
152,188,206,1,2022071804,300590,B,SPEC,0,2401,900,0,900,0,-100,0,0.0,0.0,0.0,0.0,0,0,900,0.0,0.0,0.0,0.0,0
152,188,206,1,2022071804,301166,B,SPEC,0,2401,10000,0,10000,0,0,0,0.0,0.0,0.0,0.0,0,0,10000,0.0,0.0,0.0,0.0,0
177,216,235,0,ZDSH01,600050,B,SPEC,0,2301,15000,0,14800,0,0,100,356.0,3.56,356.0,3.56,0,0,13200,0.0,0.0,0.0,0.0,-100
177,216,235,1,ZDSZ01,000002,B,SPEC,0,2301,15000,0,14800,0,0,200,3500.0,17.5,3502.0,17.51,0,0,15000,0.0,0.0,0.0,0.0,-200
177,216,235,1,ZDSZ01,000521,B,SPEC,0,2301,10000,0,10000,0,0,0,0.0,0.0,0.0,0.0,0,0,10000,0.0,0.0,0.0,0.0,0
177,235,216,1,,000521,B,SPEC,0,,0,0,0,0,-100000,0,0.0,0.0,0.0,0.0,0,0,0,0.0,0.0,0.0,0.0,0
188,228,249,0,,000975,B,SPEC,0,,10000,12,9988,0,-12,0,0.0,0.0,0.0,0.0,0,0,9988,0.0,0.0,0.0,0.0,0
188,228,249,0,,000976,B,SPEC,0,,18,0,18,0,0,0,0.0,0.0,0.0,0.0,0,0,18,0.0,0.0,0.0,0.0,0
188,228,249,0,,000998,B,SPEC,0,,9,0,9,0,0,0,0.0,0.0,0.0,0.0,0,0,9,0.0,0.0,0.0,0.0,0
188,228,249,0,,600006,B,SPEC,0,,99,0,99,0,0,0,0.0,0.0,0.0,0.0,0,0,99,0.0,0.0,0.0,0.0,0
188,228,249,0,,600007,B,SPEC,0,,99,0,99,0,0,0,0.0,0.0,0.0,0.0,0,0,99,0.0,0.0,0.0,0.0,0
188,228,249,0,,600578,B,SPEC,0,,990,0,990,0,-10,0,0.0,0.0,0.0,0.0,0,0,990,0.0,0.0,0.0,0.0,0
188,228,249,0,,600582,B,SPEC,0,,40,0,40,0,-60,0,0.0,0.0,0.0,0.0,0,0,40,0.0,0.0,0.0,0.0,0
188,228,249,0,,600588,B,SPEC,0,,80,0,80,0,-20,0,0.0,0.0,0.0,0.0,0,0,80,0.0,0.0,0.0,0.0,0
188,228,249,0,,600592,B,SPEC,0,,100,0,100,0,0,0,0.0,0.0,0.0,0.0,0,0,100,0.0,0.0,0.0,0.0,0
188,228,249,0,,600661,B,SPEC,0,,99,0,99,0,0,0,0.0,0.0,0.0,0.0,0,0,99,0.0,0.0,0.0,0.0,0
188,228,249,0,,600663,B,SPEC,0,,99,0,99,0,0,0,0.0,0.0,0.0,0.0,0,0,99,0.0,0.0,0.0,0.0,0
188,228,249,0,,601860,B,SPEC,0,,11090,0,11090,0,-510,0,0.0,0.0,0.0,0.0,0,0,11090,0.0,0.0,0.0,0.0,0
188,228,249,0,,601877,B,SPEC,0,,700,0,700,0,0,0,0.0,0.0,0.0,0.0,0,0,700,0.0,0.0,0.0,0.0,0
188,228,249,0,,601890,B,SPEC,0,,390,0,390,0,-10,0,0.0,0.0,0.0,0.0,0,0,390,0.0,0.0,0.0,0.0,0
188,228,249,0,,603608,B,SPEC,0,,0,0,0,0,-100,0,0.0,0.0,0.0,0.0,0,0,0,0.0,0.0,0.0,0.0,0
188,228,249,0,,603610,B,SPEC,0,,0,0,0,0,-800,0,0.0,0.0,0.0,0.0,0,0,0,0.0,0.0,0.0,0.0,0
188,228,249,0,,603615,B,SPEC,0,,9894,0,9894,0,-710,0,0.0,0.0,0.0,0.0,0,0,9894,0.0,0.0,0.0,0.0,0
188,228,249,0,,603616,B,SPEC,0,,100,0,100,0,0,0,0.0,0.0,0.0,0.0,0,0,100,0.0,0.0,0.0,0.0,0
188,228,249,0,,603617,B,SPEC,0,,700,0,700,0,0,0,0.0,0.0,0.0,0.0,0,0,700,0.0,0.0,0.0,0.0,0
188,228,249,0,,603638,B,SPEC,0,,0,0,0,0,-50,0,0.0,0.0,0.0,0.0,0,0,0,0.0,0.0,0.0,0.0,0
188,228,249,0,,603648,B,SPEC,0,,400,0,400,0,-4,0,0.0,0.0,0.0,0.0,0,0,400,0.0,0.0,0.0,0.0,0
188,228,249,0,,603650,B,SPEC,0,,10,0,10,0,-100,0,0.0,0.0,0.0,0.0,0,0,10,0.0,0.0,0.0,0.0,0
188,228,249,0,,603655,B,SPEC,0,,80,50,30,0,-20,0,0.0,0.0,0.0,0.0,0,0,30,0.0,0.0,0.0,0.0,0
188,228,249,0,,603656,B,SPEC,0,,10,0,10,0,0,0,0.0,0.0,0.0,0.0,0,0,10,0.0,0.0,0.0,0.0,0
188,228,249,0,,603663,B,SPEC,0,,0,0,0,0,-500,0,0.0,0.0,0.0,0.0,0,0,0,0.0,0.0,0.0,0.0,0
188,228,249,0,,603678,B,SPEC,0,,0,0,0,0,-500,0,0.0,0.0,0.0,0.0,0,0,0,0.0,0.0,0.0,0.0,0
188,228,249,0,,688607,B,SPEC,0,,1000,0,1000,0,0,0,0.0,0.0,0.0,0.0,0,0,1000,0.0,0.0,0.0,0.0,0
188,228,249,0,,688626,B,SPEC,0,,0,0,0,0,-800,0,0.0,0.0,0.0,0.0,0,0,0,0.0,0.0,0.0,0.0,0
188,228,249,0,,688737,B,SPEC,0,,9,0,9,0,0,0,0.0,0.0,0.0,0.0,0,0,9,0.0,0.0,0.0,0.0,0
188,228,249,0,,688819,B,SPEC,0,,999,0,999,0,0,0,0.0,0.0,0.0,0.0,0,0,999,0.0,0.0,0.0,0.0,0
188,228,249,0,,688981,B,SPEC,0,,999,999,0,0,0,0,0.0,0.0,0.0,0.0,0,0,0,0.0,0.0,0.0,0.0,0
188,228,249,1,,000001,B,SPEC,0,,25,20,5,0,-15,0,0.0,0.0,0.0,0.0,0,0,5,0.0,0.0,0.0,0.0,0
188,228,249,1,,000006,B,SPEC,0,,10000,0,10000,0,0,0,0.0,0.0,0.0,0.0,0,0,10000,0.0,0.0,0.0,0.0,0
188,228,249,1,,000010,B,SPEC,0,,1090,0,1090,0,-110,0,0.0,0.0,0.0,0.0,0,0,1090,0.0,0.0,0.0,0.0,0
188,228,249,1,,000012,B,SPEC,0,,100,100,0,0,-150,0,0.0,0.0,0.0,0.0,0,0,0,0.0,0.0,0.0,0.0,0
188,228,249,1,,000016,B,SPEC,0,,1200,1200,0,0,0,0,0.0,0.0,0.0,0.0,0,0,0,0.0,0.0,0.0,0.0,0
188,228,249,1,,000017,B,SPEC,0,,0,0,0,0,-12,0,0.0,0.0,0.0,0.0,0,0,0,0.0,0.0,0.0,0.0,0
188,228,249,1,,000021,B,SPEC,0,,10000,0,10000,0,0,0,0.0,0.0,0.0,0.0,0,0,10000,0.0,0.0,0.0,0.0,0
188,228,249,1,,000025,B,SPEC,0,,11000,0,11000,0,0,0,0.0,0.0,0.0,0.0,0,0,11000,0.0,0.0,0.0,0.0,0
188,228,249,1,,000026,B,SPEC,0,,1000,0,1000,0,0,0,0.0,0.0,0.0,0.0,0,0,1000,0.0,0.0,0.0,0.0,0
188,228,249,1,,000027,B,SPEC,0,,10000,0,10000,0,0,0,0.0,0.0,0.0,0.0,0,0,10000,0.0,0.0,0.0,0.0,0
188,228,249,1,,000402,B,SPEC,0,,9999,0,9999,0,0,0,0.0,0.0,0.0,0.0,0,0,9999,0.0,0.0,0.0,0.0,0
188,228,249,1,,000413,B,SPEC,0,,9999,9999,0,0,0,0,0.0,0.0,0.0,0.0,0,0,0,0.0,0.0,0.0,0.0,0
188,228,249,1,,000960,B,SPEC,0,,20,0,20,0,0,0,0.0,0.0,0.0,0.0,0,0,20,0.0,0.0,0.0,0.0,0
188,228,249,1,,000963,B,SPEC,0,,2,0,2,0,0,0,0.0,0.0,0.0,0.0,0,0,2,0.0,0.0,0.0,0.0,0
188,228,249,1,,000967,B,SPEC,0,,9,0,9,0,0,0,0.0,0.0,0.0,0.0,0,0,9,0.0,0.0,0.0,0.0,0
188,228,249,1,,000970,B,SPEC,0,,99,0,99,0,0,0,0.0,0.0,0.0,0.0,0,0,99,0.0,0.0,0.0,0.0,0
188,228,249,1,,000972,B,SPEC,0,,30000,0,30000,0,0,0,0.0,0.0,0.0,0.0,0,0,10000,0.0,0.0,0.0,0.0,0
188,228,249,1,,000978,B,SPEC,0,,0,0,0,0,-10,0,0.0,0.0,0.0,0.0,0,0,0,0.0,0.0,0.0,0.0,0
188,228,249,1,,000998,B,SPEC,0,,2,0,2,0,0,0,0.0,0.0,0.0,0.0,0,0,2,0.0,0.0,0.0,0.0,0
188,228,249,1,,002424,B,SPEC,0,,11164,0,11164,0,-40,0,0.0,0.0,0.0,0.0,0,0,11164,0.0,0.0,0.0,0.0,0
188,228,249,1,,002469,B,SPEC,0,,100,0,100,0,0,0,0.0,0.0,0.0,0.0,0,0,100,0.0,0.0,0.0,0.0,0
188,228,249,1,,300002,B,SPEC,0,,9999,9999,0,0,-9999,0,0.0,0.0,0.0,0.0,0,0,0,0.0,0.0,0.0,0.0,0
188,228,249,1,,300003,B,SPEC,0,,9999,0,9999,0,0,0,0.0,0.0,0.0,0.0,0,0,9999,0.0,0.0,0.0,0.0,0
188,228,249,1,,300017,B,SPEC,0,,9999,9999,0,0,0,0,0.0,0.0,0.0,0.0,0,0,0,0.0,0.0,0.0,0.0,0
188,228,249,1,,300570,B,SPEC,0,,800,0,800,0,0,0,0.0,0.0,0.0,0.0,0,0,800,0.0,0.0,0.0,0.0,0
188,228,249,1,,300576,B,SPEC,0,,0,0,0,0,-1000,0,0.0,0.0,0.0,0.0,0,0,0,0.0,0.0,0.0,0.0,0
188,228,249,1,,300580,B,SPEC,0,,700,0,700,0,0,0,0.0,0.0,0.0,0.0,0,0,700,0.0,0.0,0.0,0.0,0
188,228,249,1,,300594,B,SPEC,0,,700,0,700,0,0,0,0.0,0.0,0.0,0.0,0,0,700,0.0,0.0,0.0,0.0,0
188,228,249,1,,300976,B,SPEC,0,,40,0,40,0,-60,0,0.0,0.0,0.0,0.0,0,0,40,0.0,0.0,0.0,0.0,0
188,228,249,1,,301019,B,SPEC,0,,0,0,0,0,-1000,0,0.0,0.0,0.0,0.0,0,0,0,0.0,0.0,0.0,0.0,0
188,228,249,1,,600547,B,SPEC,0,,99999,99999,50000,50000,50000,50000,50000.0,50000.0,50000.0,50000.0,50000,50000,50000,50000.0,50000.0,0.0,0.0,0
188,228,249,1,,688786,B,SPEC,0,,6,0,6,0,0,0,0.0,0.0,0.0,0.0,0,0,6,0.0,0.0,0.0,0.0,0
189,228,249,1,,000972,B,SPEC,0,,10000,0,10000,0,0,0,0.0,0.0,0.0,0.0,0,0,10000,0.0,0.0,0.0,0.0,0
196,240,263,1,112,000001,B,SPEC,0,2301,100,100,0,0,0,0,0.0,0.0,0.0,0.0,0,0,0,0.0,0.0,0.0,0.0,0
201,246,269,1,1A20220812,000001,B,SPEC,0,2401,9960,0,9960,0,-40,0,0.0,0.0,0.0,0.0,0,0,9960,0.0,0.0,0.0,0.0,0
201,246,269,1,1A20220812,000003,B,SPEC,0,2401,9990,0,9990,0,-10,0,0.0,0.0,0.0,0.0,0,0,9990,0.0,0.0,0.0,0.0,0
201,246,269,1,1A20220812,000010,B,SPEC,0,2401,10000,0,10000,0,0,0,0.0,0.0,0.0,0.0,0,0,10000,0.0,0.0,0.0,0.0,0
201,246,269,1,1A20220812,000011,B,SPEC,0,2401,10000,0,10000,0,0,0,0.0,0.0,0.0,0.0,0,0,10000,0.0,0.0,0.0,0.0,0
203,248,271,1,1A20220814,300001,B,SPEC,0,2401,10000,0,10000,0,0,0,0.0,0.0,0.0,0.0,0,0,10000,0.0,0.0,0.0,0.0,0
203,248,271,1,1A20220814,300002,B,SPEC,0,2401,10000,0,10000,0,0,0,0.0,0.0,0.0,0.0,0,0,10000,0.0,0.0,0.0,0.0,0
204,249,272,0,0A20220811,600004,B,SPEC,0,2401,10000,0,10000,0,0,0,0.0,0.0,0.0,0.0,0,0,10000,0.0,0.0,0.0,0.0,0
204,249,272,0,0A20220811,600900,B,SPEC,0,2401,10000,0,10000,0,0,0,0.0,0.0,0.0,0.0,0,0,10000,0.0,0.0,0.0,0.0,0
204,249,272,0,0A20220811,688001,B,SPEC,0,2401,10000,0,10000,0,0,0,0.0,0.0,0.0,0.0,0,0,10000,0.0,0.0,0.0,0.0,0
204,249,272,0,0A20220815,688003,B,SPEC,0,22,100000,0,100000,0,0,0,0.0,0.0,0.0,0.0,0,0,100000,0.0,0.0,0.0,0.0,0
207,252,275,0,0A20220811,600004,B,SPEC,0,2401,10000,0,10000,0,0,0,0.0,0.0,0.0,0.0,0,0,10000,0.0,0.0,0.0,0.0,0
207,252,275,0,0A20220811,600928,B,SPEC,0,2401,10000,0,10000,0,0,0,0.0,0.0,0.0,0.0,0,0,10000,0.0,0.0,0.0,0.0,0
208,253,276,0,0A20220811,600004,B,SPEC,0,2401,10000,0,10000,0,0,0,0.0,0.0,0.0,0.0,0,0,10000,0.0,0.0,0.0,0.0,0
208,253,276,0,0A20220811,600900,B,SPEC,0,2401,10000,0,10000,0,0,0,0.0,0.0,0.0,0.0,0,0,10000,0.0,0.0,0.0,0.0,0
208,253,276,0,0A20220811,688001,B,SPEC,0,2401,10000,0,10000,0,0,0,0.0,0.0,0.0,0.0,0,0,10000,0.0,0.0,0.0,0.0,0
211,256,279,0,0A20220811,600004,B,SPEC,0,2401,10000,0,10000,0,0,0,0.0,0.0,0.0,0.0,0,0,10000,0.0,0.0,0.0,0.0,0
211,256,279,0,0A20220811,600928,B,SPEC,0,2401,10000,0,10000,0,0,0,0.0,0.0,0.0,0.0,0,0,10000,0.0,0.0,0.0,0.0,0
212,257,280,0,0A20220811,600004,B,SPEC,0,2401,10000,0,10000,0,0,0,0.0,0.0,0.0,0.0,0,0,10000,0.0,0.0,0.0,0.0,0
212,257,280,0,0A20220811,600900,B,SPEC,0,2401,10000,0,10000,0,0,0,0.0,0.0,0.0,0.0,0,0,10000,0.0,0.0,0.0,0.0,0
212,257,280,0,0A20220811,688001,B,SPEC,0,2401,10000,0,10000,0,0,0,0.0,0.0,0.0,0.0,0,0,10000,0.0,0.0,0.0,0.0,0
214,259,282,0,0001,603657,B,SPEC,0,2401,8,4,4,0,-1,0,0.0,0.0,0.0,0.0,0,0,4,0.0,0.0,0.0,0.0,0
214,259,282,1,0002,000031,B,SPEC,0,2401,1,0,1,0,0,0,0.0,0.0,0.0,0.0,0,0,1,0.0,0.0,0.0,0.0,0
231,309,712,1,,000001,B,SPEC,0,,0,0,0,0,0,0,0.0,0.0,0.0,0.0,0,0,0,0.0,0.0,0.0,0.0,0
253,326,362,0,830,000001,B,SPEC,0,2301,143,0,822,0,0,0,0.0,0.0,0.0,0.0,0,0,0,0.0,0.0,0.0,0.0,0
253,326,362,4,,00004,B,SPEC,0,,2100,2000,2000,0,0,0,0.0,0.0,0.0,0.0,0,0,0,0.0,0.0,0.0,0.0,0
269,345,382,0,,000001,B,SPEC,0,,6,6,7,101106060,5,5,5.0,1.0,5.0,1.0,5,5,6,5.0,1.0,5.0,1.0,5
305,403,440,0,,600000,B,SPEC,0,,0,0,0,0,0,0,0.0,0.0,0.0,0.0,0,0,0,0.0,0.0,0.0,0.0,0
323,451,488,0,8965741230,000001,B,SPEC,0,2301,0,0,0,0,0,0,0.0,0.0,0.0,0.0,0,0,0,0.0,0.0,0.0,0.0,0
323,451,488,0,,000003,B,SPEC,0,,0,0,0,0,0,0,0.0,0.0,0.0,0.0,0,0,0,0.0,0.0,0.0,0.0,0
323,451,488,0,8965741230,600008,B,SPEC,0,2301,100000,100000,1000000,0,0,0,0.0,0.0,0.0,0.0,0,0,0,0.0,0.0,0.0,0.0,0
323,451,488,4,,02600,B,SPEC,0,,100200,1000000,2000,0,0,0,0.0,0.0,0.0,0.0,0,0,0,0.0,0.0,0.0,0.0,0
327,455,492,0,963852,600004,B,SPEC,0,2301,2600,1100,1200,0,0,0,0.0,0.0,0.0,0.0,0,0,0,0.0,0.0,0.0,0.0,0
428,565,603,1,1A2022711,000001,B,SPEC,0,2301,10000,0,0,0,0,0,0.0,0.0,0.0,0.0,0,0,0,0.0,0.0,0.0,0.0,0
443,580,619,1,1A2022760,000001,B,SPEC,0,2301,10000,0,0,0,0,0,0.0,0.0,0.0,0.0,0,0,0,0.0,0.0,0.0,0.0,0
463,601,641,0,020220909,600000,B,SPEC,0,2301,100000000,0,100000000,0,0,0,0.0,0.0,0.0,0.0,0,0,100000000,0.0,0.0,0.0,0.0,0
508,659,701,0,,000001,B,SPEC,0,,1,1,1,1,1,1,1.0,1.0,1.0,1.0,1,1,1,1.0,1.0,1.0,1.0,1
508,659,701,0,,600000,B,SPEC,0,,10000,0,0,0,0,0,0.0,0.0,0.0,0.0,0,0,0,0.0,0.0,0.0,0.0,0
508,659,701,0,,600001,B,SPEC,0,,10000,0,0,0,0,0,0.0,0.0,0.0,0.0,0,0,0,0.0,0.0,0.0,0.0,0
520,580,619,1,,000001,B,SPEC,0,,10000,0,0,0,0,0,0.0,0.0,0.0,0.0,0,0,0,0.0,0.0,0.0,0.0,0
521,580,619,1,,000001,B,SPEC,0,,10000,0,0,0,0,0,0.0,0.0,0.0,0.0,0,0,0,0.0,0.0,0.0,0.0,0
525,677,720,1,,000001,B,SPEC,0,,10000,0,0,0,0,0,0.0,0.0,0.0,0.0,0,0,0,0.0,0.0,0.0,0.0,0
532,677,720,1,,000001,B,SPEC,0,,10000,0,0,0,0,0,0.0,0.0,0.0,0.0,0,0,0,0.0,0.0,0.0,0.0,0
534,686,729,1,,000001,B,SPEC,0,,10000,0,0,0,0,0,0.0,0.0,0.0,0.0,0,0,0,0.0,0.0,0.0,0.0,0
536,688,731,1,,000001,B,SPEC,0,,10002,0,0,0,0,0,0.0,0.0,0.0,0.0,0,0,0,0.0,0.0,0.0,0.0,0
569,726,772,1,,000001,B,SPEC,0,,10000,0,0,0,0,0,0.0,0.0,0.0,0.0,0,0,0,0.0,0.0,0.0,0.0,0
603,761,808,1,,000001,B,SPEC,0,,10000,0,0,0,0,0,0.0,0.0,0.0,0.0,0,0,0,0.0,0.0,0.0,0.0,0
624,782,829,1,,000001,B,SPEC,0,,10000,0,0,0,0,0,0.0,0.0,0.0,0.0,0,0,0,0.0,0.0,0.0,0.0,0
634,792,839,0,shyc10,010108,B,SPEC,0,2401,100000,0,0,0,0,0,0.0,0.0,0.0,0.0,0,0,0,0.0,0.0,0.0,0.0,0
635,793,840,0,shyc11,010113,B,SPEC,0,2401,10000000,0,0,0,0,0,0.0,0.0,0.0,0.0,0,0,0,0.0,0.0,0.0,0.0,0
636,794,841,0,shyc12,010108,B,SPEC,0,2301,110000000,0,0,0,0,0,0.0,0.0,0.0,0.0,0,0,0,0.0,0.0,0.0,0.0,0
640,798,845,1,,000001,B,SPEC,0,,10000,0,0,0,0,0,0.0,0.0,0.0,0.0,0,0,0,0.0,0.0,0.0,0.0,0
648,806,853,0,shyc13,603648,B,SPEC,0,2401,20000,10000,10000,0,0,0,0.0,0.0,0.0,0.0,0,0,10000,0.0,0.0,0.0,0.0,0
648,806,853,0,shyc13,603650,B,SPEC,0,2401,10100,10010,90,0,-9910,0,0.0,0.0,0.0,0.0,0,0,90,0.0,0.0,0.0,0.0,0
648,806,853,0,shyc13,603656,B,SPEC,0,2401,20000,10000,10000,0,0,0,0.0,0.0,0.0,0.0,0,0,10000,0.0,0.0,0.0,0.0,0
648,806,853,1,szyc13,002476,B,SPEC,0,2401,1000,0,1000,0,0,0,0.0,0.0,0.0,0.0,0,0,1000,0.0,0.0,0.0,0.0,0
648,806,853,1,szyc13,002484,B,SPEC,0,2401,20000,10000,10000,0,0,0,0.0,0.0,0.0,0.0,0,0,10000,0.0,0.0,0.0,0.0,0
648,806,853,1,szyc13,002486,B,SPEC,0,2401,10000,10000,0,0,-10000,0,0.0,0.0,0.0,0.0,0,0,0,0.0,0.0,0.0,0.0,0
648,806,853,1,szyc13,002487,B,SPEC,0,2401,20000,10000,10000,0,0,0,0.0,0.0,0.0,0.0,0,0,10000,0.0,0.0,0.0,0.0,0
648,806,853,1,szyc13,300577,B,SPEC,0,2401,10000,0,10000,0,0,0,0.0,0.0,0.0,0.0,0,0,10000,0.0,0.0,0.0,0.0,0
648,806,853,1,szyc13,300978,B,SPEC,0,2401,9891,0,9891,0,-109,0,0.0,0.0,0.0,0.0,0,0,9891,0.0,0.0,0.0,0.0,0
648,806,853,1,szyc13,301005,B,SPEC,0,2401,0,0,0,0,-10000,0,0.0,0.0,0.0,0.0,0,0,0,0.0,0.0,0.0,0.0,0
648,806,853,1,szyc13,301015,B,SPEC,0,2401,100,0,100,0,0,0,0.0,0.0,0.0,0.0,0,0,100,0.0,0.0,0.0,0.0,0
655,813,860,1,,000001,B,SPEC,0,,10000,0,0,0,0,0,0.0,0.0,0.0,0.0,0,0,0,0.0,0.0,0.0,0.0,0
658,816,863,0,,600001,B,SPEC,0,,50453,374,225,4,4,446,124.0,1.0,15.0,1.0,15,325,256,26.0,1.0,15.0,1.0,15
658,816,863,1,101758,600000,B,SPEC,0,2301,895623,6,212,26,6,6,6.0,6.0,6.0,6.0,6,6,6,6.0,6.0,6.0,6.0,6
669,829,876,1,,000001,B,SPEC,0,,10000,0,0,0,0,0,0.0,0.0,0.0,0.0,0,0,0,0.0,0.0,0.0,0.0,0
683,843,890,1,,000001,B,SPEC,0,,10000,0,0,0,0,0,0.0,0.0,0.0,0.0,0,0,0,0.0,0.0,0.0,0.0,0
695,856,903,1,,000001,B,SPEC,0,,10000,0,0,0,0,0,0.0,0.0,0.0,0.0,0,0,0,0.0,0.0,0.0,0.0,0
706,869,916,1,,000001,B,SPEC,0,,10000,0,0,0,0,0,0.0,0.0,0.0,0.0,0,0,0,0.0,0.0,0.0,0.0,0
714,877,924,1,,000001,B,SPEC,0,,10000,0,0,0,0,0,0.0,0.0,0.0,0.0,0,0,0,0.0,0.0,0.0,0.0,0
721,884,931,1,,000001,B,SPEC,0,,10000,0,0,0,0,0,0.0,0.0,0.0,0.0,0,0,0,0.0,0.0,0.0,0.0,0
740,903,950,1,,000001,B,SPEC,0,,10000,0,0,0,0,0,0.0,0.0,0.0,0.0,0,0,0,0.0,0.0,0.0,0.0,0
748,911,958,1,,000001,B,SPEC,0,,10000,0,0,0,0,0,0.0,0.0,0.0,0.0,0,0,0,0.0,0.0,0.0,0.0,0
776,961,1008,1,,000001,B,SPEC,0,,10000,0,0,0,0,0,0.0,0.0,0.0,0.0,0,0,0,0.0,0.0,0.0,0.0,0
797,983,1033,1,,000001,B,SPEC,0,,10000,0,0,0,0,0,0.0,0.0,0.0,0.0,0,0,0,0.0,0.0,0.0,0.0,0
