instituTionId,inStituTionName,contactor,telephone,email,address,postCode,memo,openDate,optId,predix,IsMac,OPTIDCount,Status,StkTypeList,IsAuto,ProdAcctTypeList,isSupportALGO,isSupportInterALGO,isDSAOrderFlag,isWorkOrderFlag
0,风控机构,,,,,,风控使用机构,20220928145402.0,99990,init,N,9999,0,,N,0^1^2^3,Y,Y,N,N
0001,测试机构,,,,,,1,20220930112235.0,99990,gscf,N,9999,0,,N,0^1^2^3,Y,Y,N,N
002,002开户流程验证,,,,,,,20220923091600.0,99990,A002,N,9999,0,,N,0^1^2^3,N,N,N,N
009,009,,,,,,,20221012193246.0,99990,oppp,N,9999,0,,N,0^1^2^3,N,N,N,N
010,010开户流程验证,,,,,,,20220922182249.0,99990,A010,N,9999,0,,N,0^1^2^3,N,N,N,N
012,012开户流程验证,,,,,,,20220905165419.0,99990,A012,N,9999,0,,N,0^1^2^3,N,N,N,N
016,016开户流程验证,,,,,,,20220907181309.0,99990,A016,N,9999,0,,N,0^1^2^3,N,N,N,N
018,018开户流程验证,,,,,,,20220908103628.0,99990,A018,N,9999,0,,N,0^1^2^3,N,N,N,N
02,02自动,,,,,,,20220907112455.0,99990,RL02,N,9999,0,,N,0^1^2^3,N,N,N,N
020,020开户流程验证,,,,,,,20220907155820.0,99990,A020,N,9999,0,,N,0^1^2^3,N,N,N,N
021,021开户流程验证,,,,,,,20220923111600.0,99990,A021,N,9999,0,,N,0^1^2^3,N,N,N,N
022,022开户流程验证,,,,,,,20220907132100.0,99990,A022,N,9999,0,,N,0^1^2^3,N,N,N,N
024,024开户流程验证,,,,,,,20220907144649.0,99990,A024,N,9999,0,,N,0^1^2^3,N,N,N,N
027,027开户流程验证,,,,,,,20220907160030.0,99990,A027,N,9999,0,,N,0^1^2^3,N,N,N,N
029,029开户流程验证,,,,,,,20220926095200.0,99990,A029,N,9999,0,,N,0^1^2^3,N,N,N,N
03,03自动,,,,,,,20220908104028.0,99990,RL03,N,9999,0,,N,0^1^2^3,N,N,N,N
033,033开户流程验证,,,,,,,20220922163000.0,99990,A033,N,9999,0,,N,0^1^2^3,N,N,N,N
034,034自动,,,,,,,20221011075300.0,99990,z034,N,9999,0,,N,0^1^2^3,N,N,N,N
035,035开户流程验证,,,,,,,20220921154000.0,99990,A035,N,9999,0,,N,0^1^2^3,N,N,N,N
038,038自动,,,,,,,20220927075300.0,99990,z038,N,9999,0,,N,0^1^2^3,N,N,N,N
039,039自动,,,,,,,20220922075300.0,99990,z039,N,9999,0,,N,0^1^2^3,N,N,N,N
04,04机构全称,,,,,,,20220919132824.0,99990,zff04,N,9999,0,,N,0^1^2^3,N,N,N,N
040,040开户流程验证,,,,,,,20221013141503.0,99990,A040,N,9999,0,,N,0^1^2^3,N,N,N,N
043,043开户流程验证,,,,,,,20220922092900.0,99990,A043,N,9999,0,,N,0^1^2^3,N,N,N,N
046,046开户流程验证,,,,,,,20220921092323.0,99990,A046,N,9999,0,,N,0^1^2^3,N,N,N,N
048,048开户流程验证,,,,,,,20220920113330.0,99990,A048,N,9999,0,,N,0^1^2^3,N,N,N,N
050,050开户流程验证,,,,,,,20220907114310.0,99990,A050,N,9999,0,,N,0^1^2^3,N,N,N,N
053,053自动,,,,,,,20220921153018.0,99990,z053,N,9999,0,,N,0^1^2^3,N,N,N,N
054,054开户流程验证,,,,,,,20220926091600.0,99990,A054,N,9999,0,,N,0^1^2^3,N,N,N,N
055,055开户流程验证,,,,,,,20221011143345.0,99990,A055,N,9999,0,,N,0^1^2^3,N,N,N,N
057,057开户流程验证,,,,,,,20221011093150.0,99990,A057,N,9999,0,,N,0^1^2^3,N,N,N,N
06,06自动,,,,,,,20220907112505.0,99990,RL06,N,9999,0,,N,0^1^2^3,N,N,N,N
060,060自动,,,,,,,20220926075300.0,99990,z060,N,9999,0,,N,0^1^2^3,N,N,N,N
061,061开户流程验证,,,,,,,20220908151330.0,99990,A061,N,9999,0,,N,0^1^2^3,N,N,N,N
062,062开户流程验证,,,,,,,20220906140310.0,99990,A062,N,9999,0,,N,0^1^2^3,N,N,N,N
070,070自动,,,,,,,20220922093909.0,99990,z070,N,9999,0,,N,0^1^2^3,N,N,N,N
071,071自动,,,,,,,20220923075300.0,99990,z071,N,9999,0,,N,0^1^2^3,N,N,N,N
0712,测试,,,,,,,20220712145541.0,99990,qwer,N,9999,0,,N,F,Y,Y,N,N
0718,测试-0718,,,,,,,20220718101752.0,99990,TESS,N,9999,0,,N,S^F,Y,Y,N,N
073,073开户流程验证,,,,,,,20220920113850.0,99990,A073,N,9999,0,,N,0^1^2^3,N,N,N,N
074,074机构全称,,,,,,,20221011104850.0,99990,zf074,N,9999,0,,N,0^1^2^3,N,N,N,N
077,077开户流程验证,,,,,,,20220908150920.0,99990,A077,N,9999,0,,N,0^1^2^3,N,N,N,N
079,079开户流程验证,,,,,,,20220907172020.0,99990,A079,N,9999,0,,N,0^1^2^3,N,N,N,N
08,08自动,,,,,,,20220921140530.0,99990,RL08,N,9999,0,,N,0^1^2^3,N,N,N,N
080,080机构全称,,,,,,,20220920134147.0,99990,zf080,N,9999,0,,N,0^1^2^3,N,N,N,N
0809,0809jigou,,,,,,,20220817192241.0,IMShisdata,89,N,9999,0,,N,0^1^2^3,N,N,N,N
081,081自动,,,,,,,20220927075300.0,99990,z081,N,9999,0,,N,0^1^2^3,N,N,N,N
086,086开户流程验证,,,,,,,20220921145329.0,99990,A086,N,9999,0,,N,0^1^2^3,N,N,N,N
087,087开户流程验证,,,,,,,20221006093150.0,99990,A087,N,9999,0,,N,0^1^2^3,N,N,N,N
088,088开户流程验证,,,,,,,20220921092007.0,99990,A088,N,9999,0,,N,0^1^2^3,N,N,N,N
0885,0885机构全称,,,,,,,20220906144647.0,99990,zff0885,N,9999,0,,N,0^1^2^3,N,N,N,N
091,091自动,,,,,,,20220922075300.0,99990,z091,N,9999,0,,N,0^1^2^3,N,N,N,N
096,096开户流程验证,,,,,,,20220926093201.0,99990,A096,N,9999,0,,N,0^1^2^3,N,N,N,N
098,098开户流程验证,,,,,,,20221006092851.0,99990,A098,N,9999,0,,N,0^1^2^3,N,N,N,N
10,10自动,,,,,,,20221003094153.0,99990,RL10,N,9999,0,,N,0^1^2^3,N,N,N,N
100,hazel测试C,,,,,,,20220606141550.0,99990,hazc,N,9999,0,,N,S^F,Y,Y,N,N
101725,资金调整测试用机构,,,,,,,20220906142742.0,99990,fund,N,9999,0,,N,0^1^2^3,N,N,N,N
102,102自动,,,,,,,20220922093751.0,99990,z102,N,9999,0,,N,0^1^2^3,N,N,N,N
1042,全部权限,,,,,,,20220812104707.0,IMShisdata,hg,N,9999,0,,N,0^1^2^3,N,N,N,N
1043,权限为空,,,,,,,20220803104748.0,99990,hg2,N,9999,0,,N,0^1^2^3,N,N,N,N
1044,全部权限3,,,,,,,20220803104902.0,99990,hg3,N,9999,0,,N,0^1^2^3,N,N,N,N
1045,全部权限4,,,,,,,20220803105016.0,99990,hg4,N,9999,0,,N,0^1^2^3,N,N,N,N
1046,全部权限5,,,,,,,20220803105317.0,99990,hg5,N,9999,0,,N,0^1^2^3,N,N,N,N
1047,全部权限6,,,,,,,20220803105427.0,99990,hg6,N,9999,0,,N,0^1^2^3,N,N,N,N
1048,部分权限,,,,,,,20220808162656.0,IMShisdata,hg8,N,9999,0,,N,0^1^2^3,N,N,N,N
105,105自动,,,,,,,20220922093910.0,99990,z105,N,9999,0,,N,0^1^2^3,N,N,N,N
109,109开户流程验证,,,,,,,20220919090101.0,99990,A109,N,9999,0,,N,0^1^2^3,N,N,N,N
11,11自动,,,,,,,20220907103835.0,99990,RL11,N,9999,0,,N,0^1^2^3,N,N,N,N
111,111开户流程验证,,,,,,,20220922164400.0,99990,A111,N,9999,0,,N,0^1^2^3,N,N,N,N
1111,1111,,,,,,,20220817192241.0,IMShisdata,hhtx,N,9999,0,,N,0^1^2^3,N,N,N,N
115,115开户流程验证,,,,,,,20220923095201.0,99990,A115,N,9999,0,,N,0^1^2^3,N,N,N,N
116,116自动,,,,,,,20220921075301.0,99990,z116,N,9999,0,,N,0^1^2^3,N,N,N,N
12,12自动,,,,,,,20220908104205.0,99990,RL12,N,9999,0,,N,0^1^2^3,N,N,N,N
128,128开户流程验证,,,,,,,20221005093151.0,99990,A128,N,9999,0,,N,0^1^2^3,N,N,N,N
131,131开户流程验证,,,,,,,20220927092301.0,99990,A131,N,9999,0,,N,0^1^2^3,N,N,N,N
133,133自动,,,,,,,20220919075301.0,99990,z133,N,9999,0,,N,0^1^2^3,N,N,N,N
1346,同步验证1,,,,,,,20220817192241.0,IMShisdata,TBCS,N,9999,0,,N,0^1^2^3,N,N,N,N
14,14机构全称,,,,,,,20220914151819.0,99990,zff14,N,9999,0,,N,0^1^2^3,N,N,N,N
141,141开户流程验证,,,,,,,20220921180520.0,99990,A141,N,9999,0,,N,0^1^2^3,N,N,N,N
143,143开户流程验证,,,,,,,20221005095151.0,99990,A143,N,9999,0,,N,0^1^2^3,N,N,N,N
145,145开户流程验证,,,,,,,20220919182446.0,99990,A145,N,9999,0,,N,0^1^2^3,N,N,N,N
146,146开户流程验证,,,,,,,20220920134321.0,99990,A146,N,9999,0,,N,0^1^2^3,N,N,N,N
148,148自动,,,,,,,20220929075301.0,99990,z148,N,9999,0,,N,0^1^2^3,N,N,N,N
15,15自动,,,,,,,20220907141518.0,99990,RL15,N,9999,0,,N,0^1^2^3,N,N,N,N
150,150自动,,,,,,,20220914104830.0,99990,z150,N,9999,0,,N,0^1^2^3,N,N,N,N
153,153开户流程验证,,,,,,,20221011144106.0,99990,A153,N,9999,0,,N,0^1^2^3,N,N,N,N
155,155开户流程验证,,,,,,,20220920181835.0,99990,A155,N,9999,0,,N,0^1^2^3,N,N,N,N
1555,1555机构全称,,,,,,,20220906113334.0,99990,zff1555,N,9999,0,,N,0^1^2^3,N,N,N,N
156,156开户流程验证,,,,,,,20220907173751.0,99990,A156,N,9999,0,,N,0^1^2^3,N,N,N,N
157,157开户流程验证,,,,,,,20220927095221.0,99990,A157,N,9999,0,,N,0^1^2^3,N,N,N,N
159,159开户流程验证,,,,,,,20220906150431.0,99990,A159,N,9999,0,,N,0^1^2^3,N,N,N,N
161,161开户流程验证,,,,,,,20220907173211.0,99990,A161,N,9999,0,,N,0^1^2^3,N,N,N,N
165,165开户流程验证,,,,,,,20220916095201.0,99990,A165,N,9999,0,,N,0^1^2^3,N,N,N,N
170,170开户流程验证,,,,,,,20220919181301.0,99990,A170,N,9999,0,,N,0^1^2^3,N,N,N,N
171,171开户流程验证,,,,,,,20220920150516.0,99990,A171,N,9999,0,,N,0^1^2^3,N,N,N,N
172,172开户流程验证,,,,,,,20221013092251.0,99990,A172,N,9999,0,,N,0^1^2^3,N,N,N,N
174,174开户流程验证,,,,,,,20220921154401.0,99990,A174,N,9999,0,,N,0^1^2^3,N,N,N,N
176,176自动,,,,,,,20220914104830.0,99990,z176,N,9999,0,,N,0^1^2^3,N,N,N,N
177,177开户流程验证,,,,,,,20221004093151.0,99990,A177,N,9999,0,,N,0^1^2^3,N,N,N,N
180,180自动,,,,,,,20220926075301.0,99990,z180,N,9999,0,,N,0^1^2^3,N,N,N,N
1813,zhengli,,,,,,,20220819095306.0,99990,zhengli,N,9999,0,,N,0^1^2^3,N,N,N,N
182,182开户流程验证,,,,,,,20220920095351.0,99990,A182,N,9999,0,,N,0^1^2^3,N,N,N,N
184,184开户流程验证,,,,,,,20220923092301.0,99990,A184,N,9999,0,,N,0^1^2^3,N,N,N,N
185,185开户流程验证,,,,,,,20220919173957.0,99990,A185,N,9999,0,,N,0^1^2^3,N,N,N,N
189,189开户流程验证,,,,,,,20220908111040.0,99990,A189,N,9999,0,,N,0^1^2^3,N,N,N,N
19,19自动,,,,,,,20220918094200.0,99990,RL19,N,9999,0,,N,0^1^2^3,N,N,N,N
190,190开户流程验证,,,,,,,20220921093159.0,99990,A190,N,9999,0,,N,0^1^2^3,N,N,N,N
192,192开户流程验证,,,,,,,20221013141339.0,99990,A192,N,9999,0,,N,0^1^2^3,N,N,N,N
193,193自动,,,,,,,20221011075301.0,99990,z193,N,9999,0,,N,0^1^2^3,N,N,N,N
198,198开户流程验证,,,,,,,20220905155521.0,99990,A198,N,9999,0,,N,0^1^2^3,N,N,N,N
2009,2009机构全称,,,,,,,20220908100838.0,99990,zff2009,N,9999,0,,N,0^1^2^3,N,N,N,N
2022,交易测试机构,,,,,,,,A000,A,N,9999,0,,N,0^1^2^3,N,N,N,N
20220803,权限回归,,,,,,,20220803102425.0,99990,83,N,9999,0,,N,0^1^2^3,N,N,N,N
20228801,HLA机构,,,,,,,20220808141504.0,99990,HL,N,9999,0,,N,0^1^2^3,N,N,N,N
20228802,HLB机构,,,,,,,20220808141737.0,99990,HL2,N,9999,0,,N,0^1^2^3,N,N,N,N
20228803,HLC机构,,,,,,,20220808141841.0,99990,HL3,N,9999,0,,N,0^1^2^3,N,N,N,N
2022927,27回归测试,,,,,,,20220927112304.0,99990,258,N,9999,0,,N,0^1^2^3,N,N,N,N
2023,开户流程验证,,,,,,,20220905154008.0,99990,K,N,9999,0,,N,0^1^2^3,N,N,N,N
205,205开户流程验证,,,,,,,20220926092902.0,99990,A205,N,9999,0,,N,0^1^2^3,N,N,N,N
208,208自动,,,,,,,20220927075302.0,99990,z208,N,9999,0,,N,0^1^2^3,N,N,N,N
21,21自动,,,,,,,20220907173004.0,99990,RL21,N,9999,0,,N,0^1^2^3,N,N,N,N
212,212开户流程验证,,,,,,,20220920095721.0,99990,A212,N,9999,0,,N,0^1^2^3,N,N,N,N
217,217开户流程验证,,,,,,,20221003092852.0,99990,A217,N,9999,0,,N,0^1^2^3,N,N,N,N
2195,2195机构全称,,,,,,,20220905175202.0,99990,zff2195,N,9999,0,,N,0^1^2^3,N,N,N,N
22,22自动,,,,,,,20220921143338.0,99990,RL22,N,9999,0,,N,0^1^2^3,N,N,N,N
221,221开户流程验证,,,,,,,20220920101342.0,99990,A221,N,9999,0,,N,0^1^2^3,N,N,N,N
222,222开户流程验证,,,,,,,20220920095256.0,99990,A222,N,9999,0,,N,0^1^2^3,N,N,N,N
2222,2222,,,,,,,20220808141425.0,99990,hhtz,N,9999,0,,N,S^F,Y,Y,N,N
230,230自动,,,,,,,20221005075252.0,99990,z230,N,9999,0,,N,0^1^2^3,N,N,N,N
233,233开户流程验证,,,,,,,20221013141703.0,99990,A233,N,9999,0,,N,0^1^2^3,N,N,N,N
236,236开户流程验证,,,,,,,20220919180611.0,99990,A236,N,9999,0,,N,0^1^2^3,N,N,N,N
238,238机构全称,,,,,,,20220919133343.0,99990,zff238,N,9999,0,,N,0^1^2^3,N,N,N,N
239,239机构全称,,,,,,,20221011110542.0,99990,zf239,N,9999,0,,N,0^1^2^3,N,N,N,N
24,24自动,,,,,,,20220907175712.0,99990,RL24,N,9999,0,,N,0^1^2^3,N,N,N,N
240,240开户流程验证,,,,,,,20220914095202.0,99990,A240,N,9999,0,,N,0^1^2^3,N,N,N,N
244,244开户流程验证,,,,,,,20221007092852.0,99990,A244,N,9999,0,,N,0^1^2^3,N,N,N,N
245,245开户流程验证,,,,,,,20220920131612.0,99990,A245,N,9999,0,,N,0^1^2^3,N,N,N,N
246,246开户流程验证,,,,,,,20221004092852.0,99990,A246,N,9999,0,,N,0^1^2^3,N,N,N,N
249,249自动,,,,,,,20220922075302.0,99990,z249,N,9999,0,,N,0^1^2^3,N,N,N,N
252,252自动,,,,,,,20220920132812.0,99990,z252,N,9999,0,,N,0^1^2^3,N,N,N,N
254,254自动,,,,,,,20220921102231.0,99990,z254,N,9999,0,,N,0^1^2^3,N,N,N,N
257,257自动,,,,,,,20220921075302.0,99990,z257,N,9999,0,,N,0^1^2^3,N,N,N,N
259,259开户流程验证,,,,,,,20220916090102.0,99990,A259,N,9999,0,,N,0^1^2^3,N,N,N,N
26,26自动,,,,,,,20220805175824.0,99990,RL26,N,9999,0,,N,0^1^2^3,N,N,N,N
261,261开户流程验证,,,,,,,20220907114242.0,99990,A261,N,9999,0,,N,0^1^2^3,N,N,N,N
262,262开户流程验证,,,,,,,20220921095206.0,99990,A262,N,9999,0,,N,0^1^2^3,N,N,N,N
269,269自动,,,,,,,20221005075252.0,99990,z269,N,9999,0,,N,0^1^2^3,N,N,N,N
27,27自动,,,,,,,20220921135518.0,99990,RL27,N,9999,0,,N,0^1^2^3,N,N,N,N
271,271开户流程验证,,,,,,,20221005092852.0,99990,A271,N,9999,0,,N,0^1^2^3,N,N,N,N
273,273自动,,,,,,,20220920132812.0,99990,z273,N,9999,0,,N,0^1^2^3,N,N,N,N
274,274开户流程验证,,,,,,,20220907181232.0,99990,A274,N,9999,0,,N,0^1^2^3,N,N,N,N
278,278开户流程验证,,,,,,,20220923095222.0,99990,A278,N,9999,0,,N,0^1^2^3,N,N,N,N
279,279自动,,,,,,,20220920075302.0,99990,z279,N,9999,0,,N,0^1^2^3,N,N,N,N
280,280开户流程验证,,,,,,,20220908111131.0,99990,A280,N,9999,0,,N,0^1^2^3,N,N,N,N
281,281开户流程验证,,,,,,,20221003093152.0,99990,A281,N,9999,0,,N,0^1^2^3,N,N,N,N
289,289开户流程验证,,,,,,,20221007092642.0,99990,A289,N,9999,0,,N,0^1^2^3,N,N,N,N
293,293开户流程验证,,,,,,,20220913090103.0,99990,A293,N,9999,0,,N,0^1^2^3,N,N,N,N
294,294开户流程验证,,,,,,,20220907134732.0,99990,A294,N,9999,0,,N,0^1^2^3,N,N,N,N
296,296机构全称,,,,,,,20220920100208.0,99990,zf296,N,9999,0,,N,0^1^2^3,N,N,N,N
30,30自动,,,,,,,20220805175811.0,99990,RL30,N,9999,0,,N,0^1^2^3,N,N,N,N
302,302自动,,,,,,,20220920075303.0,99990,z302,N,9999,0,,N,0^1^2^3,N,N,N,N
305,305开户流程验证,,,,,,,20220920181530.0,99990,A305,N,9999,0,,N,0^1^2^3,N,N,N,N
306,306自动,,,,,,,20220914104832.0,99990,z306,N,9999,0,,N,0^1^2^3,N,N,N,N
308,308开户流程验证,,,,,,,20220907153501.0,99990,A308,N,9999,0,,N,0^1^2^3,N,N,N,N
309,309开户流程验证,,,,,,,20221004091553.0,99990,A309,N,9999,0,,N,0^1^2^3,N,N,N,N
31,31自动,,,,,,,20220908104428.0,99990,RL31,N,9999,0,,N,0^1^2^3,N,N,N,N
311,311自动,,,,,,,20220922093912.0,99990,z311,N,9999,0,,N,0^1^2^3,N,N,N,N
312,312开户流程验证,,,,,,,20220906172522.0,99990,A312,N,9999,0,,N,0^1^2^3,N,N,N,N
313,313开户流程验证,,,,,,,20221007091636.0,99990,A313,N,9999,0,,N,0^1^2^3,N,N,N,N
314,314机构全称,,,,,,,20220919133351.0,99990,zff314,N,9999,0,,N,0^1^2^3,N,N,N,N
319,319开户流程验证,,,,,,,20220929091603.0,99990,A319,N,9999,0,,N,0^1^2^3,N,N,N,N
32,32机构全称,,,,,,,20220914153806.0,99990,zff32,N,9999,0,,N,0^1^2^3,N,N,N,N
324,324自动,,,,,,,20221004075253.0,99990,z324,N,9999,0,,N,0^1^2^3,N,N,N,N
328,328开户流程验证,,,,,,,20220920114103.0,99990,A328,N,9999,0,,N,0^1^2^3,N,N,N,N
33,报告下载,,,,,,,20220811135458.0,99990,bgxz,N,9999,0,,N,0^1^2^3,N,N,N,N
331,331开户流程验证,,,,,,,20220921153833.0,99990,A331,N,9999,0,,N,0^1^2^3,N,N,N,N
333,333开户流程验证,,,,,,,20221014105033.0,99990,A333,N,9999,0,,N,0^1^2^3,N,N,N,N
3333,3333,,,,,,,20220808141501.0,99990,hhtc,N,9999,0,,N,S^F,Y,Y,N,N
3344,222,,,,,,,20220921161214.0,99990,wr,N,9999,0,,N,0^1^2^3,N,N,N,N
336,336开户流程验证,,,,,,,20220921153213.0,99990,A336,N,9999,0,,N,0^1^2^3,N,N,N,N
337,337自动,,,,,,,20221007075253.0,99990,z337,N,9999,0,,N,0^1^2^3,N,N,N,N
339,339开户流程验证,,,,,,,20221004090053.0,99990,A339,N,9999,0,,N,0^1^2^3,N,N,N,N
34,34自动,,,,,,,20220908161544.0,99990,RL34,N,9999,0,,N,0^1^2^3,N,N,N,N
342,342开户流程验证,,,,,,,20221003095213.0,99990,A342,N,9999,0,,N,0^1^2^3,N,N,N,N
345,345自动,,,,,,,20221004075253.0,99990,z345,N,9999,0,,N,0^1^2^3,N,N,N,N
348,348机构全称,,,,,,,20220920140354.0,99990,zf348,N,9999,0,,N,0^1^2^3,N,N,N,N
349,349开户流程验证,,,,,,,20220914090103.0,99990,A349,N,9999,0,,N,0^1^2^3,N,N,N,N
355,355开户流程验证,,,,,,,20220920095203.0,99990,A355,N,9999,0,,N,0^1^2^3,N,N,N,N
356,356自动,,,,,,,20221007075253.0,99990,z356,N,9999,0,,N,0^1^2^3,N,N,N,N
360,360开户流程验证,,,,,,,20220922095203.0,99990,A360,N,9999,0,,N,0^1^2^3,N,N,N,N
364,364开户流程验证,,,,,,,20220914105903.0,99990,A364,N,9999,0,,N,0^1^2^3,N,N,N,N
37,37自动,,,,,,,20220908104517.0,99990,RL37,N,9999,0,,N,0^1^2^3,N,N,N,N
38,38自动,,,,,,,20221001094154.0,99990,RL38,N,9999,0,,N,0^1^2^3,N,N,N,N
381,381自动,,,,,,,20221005075253.0,99990,z381,N,9999,0,,N,0^1^2^3,N,N,N,N
383,383开户流程验证,,,,,,,20220921092858.0,99990,A383,N,9999,0,,N,0^1^2^3,N,N,N,N
385,385开户流程验证,,,,,,,20220907152743.0,99990,A385,N,9999,0,,N,0^1^2^3,N,N,N,N
39,39自动,,,,,,,20220907175356.0,99990,RL39,N,9999,0,,N,0^1^2^3,N,N,N,N
390,390开户流程验证,,,,,,,20221006090054.0,99990,A390,N,9999,0,,N,0^1^2^3,N,N,N,N
393,393开户流程验证,,,,,,,20221003090054.0,99990,A393,N,9999,0,,N,0^1^2^3,N,N,N,N
394,394开户流程验证,,,,,,,20220922095224.0,99990,A394,N,9999,0,,N,0^1^2^3,N,N,N,N
395,395开户流程验证,,,,,,,20220908112502.0,99990,A395,N,9999,0,,N,0^1^2^3,N,N,N,N
396,396自动,,,,,,,20220920075303.0,99990,z396,N,9999,0,,N,0^1^2^3,N,N,N,N
397,397机构全称,,,,,,,20221011130623.0,99990,zf397,N,9999,0,,N,0^1^2^3,N,N,N,N
398,398自动,,,,,,,20220920132814.0,99990,z398,N,9999,0,,N,0^1^2^3,N,N,N,N
4,5,,,,,,,20220927140234.0,99990,tyyu,N,9999,0,,N,S^F^C,Y,Y,N,N
40,40自动,,,,,,,20221005094151.0,99990,RL40,N,9999,0,,N,0^1^2^3,N,N,N,N
400,400开户流程验证,,,,,,,20221004095214.0,99990,A400,N,9999,0,,N,0^1^2^3,N,N,N,N
4018,4018机构全称,,,,,,,20220905174900.0,99990,zff4018,N,9999,0,,N,0^1^2^3,N,N,N,N
402,402自动,,,,,,,20221006075254.0,99990,z402,N,9999,0,,N,0^1^2^3,N,N,N,N
403,403开户流程验证,,,,,,,20220920113034.0,99990,A403,N,9999,0,,N,0^1^2^3,N,N,N,N
405,405开户流程验证,,,,,,,20220907112433.0,99990,A405,N,9999,0,,N,0^1^2^3,N,N,N,N
406,406开户流程验证,,,,,,,20220919180953.0,99990,A406,N,9999,0,,N,0^1^2^3,N,N,N,N
41,41自动,,,,,,,20221008094150.0,99990,RL41,N,9999,0,,N,0^1^2^3,N,N,N,N
412,412开户流程验证,,,,,,,20220919105629.0,99990,A412,N,9999,0,,N,0^1^2^3,N,N,N,N
417,417开户流程验证,,,,,,,20220919182519.0,99990,A417,N,9999,0,,N,0^1^2^3,N,N,N,N
418,418开户流程验证,,,,,,,20220928091604.0,99990,A418,N,9999,0,,N,0^1^2^3,N,N,N,N
421,421开户流程验证,,,,,,,20220920150721.0,99990,A421,N,9999,0,,N,0^1^2^3,N,N,N,N
422,422自动,,,,,,,20221006075254.0,99990,z422,N,9999,0,,N,0^1^2^3,N,N,N,N
429,429开户流程验证,,,,,,,20221011095154.0,99990,A429,N,9999,0,,N,0^1^2^3,N,N,N,N
43,43自动,,,,,,,20220907111415.0,99990,RL43,N,9999,0,,N,0^1^2^3,N,N,N,N
431,431自动,,,,,,,20220914104833.0,99990,z431,N,9999,0,,N,0^1^2^3,N,N,N,N
432,432开户流程验证,,,,,,,20220930092854.0,99990,A432,N,9999,0,,N,0^1^2^3,N,N,N,N
438,438开户流程验证,,,,,,,20221013143723.0,99990,A438,N,9999,0,,N,0^1^2^3,N,N,N,N
44,44自动,,,,,,,20221006094150.0,99990,RL44,N,9999,0,,N,0^1^2^3,N,N,N,N
441,441开户流程验证,,,,,,,20220921155735.0,99990,A441,N,9999,0,,N,0^1^2^3,N,N,N,N
442,442开户流程验证,,,,,,,20220908112633.0,99990,A442,N,9999,0,,N,0^1^2^3,N,N,N,N
445,445自动,,,,,,,20221007075254.0,99990,z445,N,9999,0,,N,0^1^2^3,N,N,N,N
446,446自动,,,,,,,20220914133843.0,99990,z446,N,9999,0,,N,0^1^2^3,N,N,N,N
448,448自动,,,,,,,20221010075254.0,99990,z448,N,9999,0,,N,0^1^2^3,N,N,N,N
45,45自动,,,,,,,20220921094200.0,99990,RL45,N,9999,0,,N,0^1^2^3,N,N,N,N
4524,4524机构全称,,,,,,,20220906142544.0,99990,zff4524,N,9999,0,,N,0^1^2^3,N,N,N,N
453,453自动,,,,,,,20221004075254.0,99990,z453,N,9999,0,,N,0^1^2^3,N,N,N,N
454,454开户流程验证,,,,,,,20220922092304.0,99990,A454,N,9999,0,,N,0^1^2^3,N,N,N,N
46,46自动,,,,,,,20220920141343.0,99990,RL46,N,9999,0,,N,0^1^2^3,N,N,N,N
464,464开户流程验证,,,,,,,20220923111724.0,99990,A464,N,9999,0,,N,0^1^2^3,N,N,N,N
467,467开户流程验证,,,,,,,20220929093154.0,99990,A467,N,9999,0,,N,0^1^2^3,N,N,N,N
470,470自动,,,,,,,20221010075254.0,99990,z470,N,9999,0,,N,0^1^2^3,N,N,N,N
471,471自动,,,,,,,20220914133843.0,99990,z471,N,9999,0,,N,0^1^2^3,N,N,N,N
472,472自动,,,,,,,20220922093913.0,99990,z472,N,9999,0,,N,0^1^2^3,N,N,N,N
4741,4741机构全称,,,,,,,20220905182047.0,99990,zff4741,N,9999,0,,N,0^1^2^3,N,N,N,N
477,477开户流程验证,,,,,,,20220922112034.0,99990,A477,N,9999,0,,N,0^1^2^3,N,N,N,N
48,48自动,,,,,,,20220908103232.0,99990,RL48,N,9999,0,,N,0^1^2^3,N,N,N,N
482,482开户流程验证,,,,,,,20220930095214.0,99990,A482,N,9999,0,,N,0^1^2^3,N,N,N,N
487,487自动,,,,,,,20220916075304.0,99990,z487,N,9999,0,,N,0^1^2^3,N,N,N,N
493,493机构全称,,,,,,,20221011105914.0,99990,zf493,N,9999,0,,N,0^1^2^3,N,N,N,N
495,495开户流程验证,,,,,,,20220919180344.0,99990,A495,N,9999,0,,N,0^1^2^3,N,N,N,N
497,497机构全称,,,,,,,20221011110834.0,99990,zf497,N,9999,0,,N,0^1^2^3,N,N,N,N
498,498开户流程验证,,,,,,,20220921153355.0,99990,A498,N,9999,0,,N,0^1^2^3,N,N,N,N
4997,4997机构全称,,,,,,,20220905175910.0,99990,zff4997,N,9999,0,,N,0^1^2^3,N,N,N,N
50,50自动,,,,,,,20221011094150.0,99990,RL50,N,9999,0,,N,0^1^2^3,N,N,N,N
503,503开户流程验证,,,,,,,20220929092855.0,99990,A503,N,9999,0,,N,0^1^2^3,N,N,N,N
507,507开户流程验证,,,,,,,20220930090055.0,99990,A507,N,9999,0,,N,0^1^2^3,N,N,N,N
508,508开户流程验证,,,,,,,20221003091555.0,99990,A508,N,9999,0,,N,0^1^2^3,N,N,N,N
51,51自动,,,,,,,20220908104518.0,99990,RL51,N,9999,0,,N,0^1^2^3,N,N,N,N
512,512自动,,,,,,,20220916075305.0,99990,z512,N,9999,0,,N,0^1^2^3,N,N,N,N
517,517开户流程验证,,,,,,,20220907181005.0,99990,A517,N,9999,0,,N,0^1^2^3,N,N,N,N
519,519开户流程验证,,,,,,,20221003095155.0,99990,A519,N,9999,0,,N,0^1^2^3,N,N,N,N
520,520自动,,,,,,,20221006075255.0,99990,z520,N,9999,0,,N,0^1^2^3,N,N,N,N
521,521开户流程验证,,,,,,,20221013140912.0,99990,A521,N,9999,0,,N,0^1^2^3,N,N,N,N
522,522开户流程验证,,,,,,,20220921154125.0,99990,A522,N,9999,0,,N,0^1^2^3,N,N,N,N
526,526开户流程验证,,,,,,,20220907131545.0,99990,A526,N,9999,0,,N,0^1^2^3,N,N,N,N
5269,5269机构全称,,,,,,,20220905182552.0,99990,zff5269,N,9999,0,,N,0^1^2^3,N,N,N,N
53,53自动,,,,,,,20220907112525.0,99990,RL53,N,9999,0,,N,0^1^2^3,N,N,N,N
530,530自动,,,,,,,20220914105215.0,99990,z530,N,9999,0,,N,0^1^2^3,N,N,N,N
532,532开户流程验证,,,,,,,20220907173005.0,99990,A532,N,9999,0,,N,0^1^2^3,N,N,N,N
536,536自动,,,,,,,20220920132815.0,99990,z536,N,9999,0,,N,0^1^2^3,N,N,N,N
54,54自动,,,,,,,20220908155643.0,99990,RL54,N,9999,0,,N,0^1^2^3,N,N,N,N
5409,5409机构全称,,,,,,,20220906113733.0,99990,zff5409,N,9999,0,,N,0^1^2^3,N,N,N,N
541,541开户流程验证,,,,,,,20220930093155.0,99990,A541,N,9999,0,,N,0^1^2^3,N,N,N,N
542,542开户流程验证,,,,,,,20220920180553.0,99990,A542,N,9999,0,,N,0^1^2^3,N,N,N,N
543,543开户流程验证,,,,,,,20220914110005.0,99990,A543,N,9999,0,,N,0^1^2^3,N,N,N,N
546,546开户流程验证,,,,,,,20220928095155.0,99990,A546,N,9999,0,,N,0^1^2^3,N,N,N,N
550,550开户流程验证,,,,,,,20220908102324.0,99990,A550,N,9999,0,,N,0^1^2^3,N,N,N,N
553,553自动,,,,,,,20220914105215.0,99990,z553,N,9999,0,,N,0^1^2^3,N,N,N,N
558,558开户流程验证,,,,,,,20220928093155.0,99990,A558,N,9999,0,,N,0^1^2^3,N,N,N,N
563,563开户流程验证,,,,,,,20220928092855.0,99990,A563,N,9999,0,,N,0^1^2^3,N,N,N,N
567,567自动,,,,,,,20221007075255.0,99990,z567,N,9999,0,,N,0^1^2^3,N,N,N,N
568,568机构全称,,,,,,,20221011104835.0,99990,zf568,N,9999,0,,N,0^1^2^3,N,N,N,N
57,57自动,,,,,,,20220908104729.0,99990,RL57,N,9999,0,,N,0^1^2^3,N,N,N,N
571,571开户流程验证,,,,,,,20221010095155.0,99990,A571,N,9999,0,,N,0^1^2^3,N,N,N,N
572,572开户流程验证,,,,,,,20221005092255.0,99990,A572,N,9999,0,,N,0^1^2^3,N,N,N,N
574,574开户流程验证,,,,,,,20220927092855.0,99990,A574,N,9999,0,,N,0^1^2^3,N,N,N,N
575,575开户流程验证,,,,,,,20220922162815.0,99990,A575,N,9999,0,,N,0^1^2^3,N,N,N,N
576,576开户流程验证,,,,,,,20220907113855.0,99990,A576,N,9999,0,,N,0^1^2^3,N,N,N,N
582,582自动,,,,,,,20220914105104.0,99990,z582,N,9999,0,,N,0^1^2^3,N,N,N,N
583,583开户流程验证,,,,,,,20220921163205.0,99990,A583,N,9999,0,,N,0^1^2^3,N,N,N,N
585,585自动,,,,,,,20220928075255.0,99990,z585,N,9999,0,,N,0^1^2^3,N,N,N,N
587,587开户流程验证,,,,,,,20220922102835.0,99990,A587,N,9999,0,,N,0^1^2^3,N,N,N,N
59,59自动,,,,,,,20220907175824.0,99990,RL59,N,9999,0,,N,0^1^2^3,N,N,N,N
592,592开户流程验证,,,,,,,20220927090056.0,99990,A592,N,9999,0,,N,0^1^2^3,N,N,N,N
595,595开户流程验证,,,,,,,20220908112704.0,99990,A595,N,9999,0,,N,0^1^2^3,N,N,N,N
597,597开户流程验证,,,,,,,20220921090059.0,99990,A597,N,9999,0,,N,0^1^2^3,N,N,N,N
598,598开户流程验证,,,,,,,20220921151240.0,99990,A598,N,9999,0,,N,0^1^2^3,N,N,N,N
599,599开户流程验证,,,,,,,20221006092256.0,99990,A599,N,9999,0,,N,0^1^2^3,N,N,N,N
601,601开户流程验证,,,,,,,20220920113526.0,99990,A601,N,9999,0,,N,0^1^2^3,N,N,N,N
604,604自动,,,,,,,20220928075256.0,99990,z604,N,9999,0,,N,0^1^2^3,N,N,N,N
605,605开户流程验证,,,,,,,20220919180945.0,99990,A605,N,9999,0,,N,0^1^2^3,N,N,N,N
607,607自动,,,,,,,20220914105016.0,99990,z607,N,9999,0,,N,0^1^2^3,N,N,N,N
61,61自动,,,,,,,20220926094156.0,99990,RL61,N,9999,0,,N,0^1^2^3,N,N,N,N
611,611自动,,,,,,,20220914105105.0,99990,z611,N,9999,0,,N,0^1^2^3,N,N,N,N
613,613自动,,,,,,,20220916075306.0,99990,z613,N,9999,0,,N,0^1^2^3,N,N,N,N
617,617开户流程验证,,,,,,,20220919110222.0,99990,A617,N,9999,0,,N,0^1^2^3,N,N,N,N
618,618开户流程验证,,,,,,,20220928090056.0,99990,A618,N,9999,0,,N,0^1^2^3,N,N,N,N
6197,6197机构全称,,,,,,,20220906142600.0,99990,zff6197,N,9999,0,,N,0^1^2^3,N,N,N,N
62,62自动,,,,,,,20220908103948.0,99990,RL62,N,9999,0,,N,0^1^2^3,N,N,N,N
623,623开户流程验证,,,,,,,20220905172805.0,99990,A623,N,9999,0,,N,0^1^2^3,N,N,N,N
625,625开户流程验证,,,,,,,20220928095216.0,99990,A625,N,9999,0,,N,0^1^2^3,N,N,N,N
626,626开户流程验证,,,,,,,20220907181555.0,99990,A626,N,9999,0,,N,0^1^2^3,N,N,N,N
63,63自动,,,,,,,20220907111812.0,99990,RL63,N,9999,0,,N,0^1^2^3,N,N,N,N
630,630自动,,,,,,,20220914105016.0,99990,z630,N,9999,0,,N,0^1^2^3,N,N,N,N
633,633开户流程验证,,,,,,,20220907175616.0,99990,A633,N,9999,0,,N,0^1^2^3,N,N,N,N
636,636自动,,,,,,,20221006075256.0,99990,z636,N,9999,0,,N,0^1^2^3,N,N,N,N
639,639开户流程验证,,,,,,,20220908111916.0,99990,A639,N,9999,0,,N,0^1^2^3,N,N,N,N
64,64自动,,,,,,,20220907111247.0,99990,RL64,N,9999,0,,N,0^1^2^3,N,N,N,N
640,640开户流程验证,,,,,,,20221004095156.0,99990,A640,N,9999,0,,N,0^1^2^3,N,N,N,N
648,648开户流程验证,,,,,,,20220919095206.0,99990,A648,N,9999,0,,N,0^1^2^3,N,N,N,N
65,65自动,,,,,,,20220907111033.0,99990,RL65,N,9999,0,,N,0^1^2^3,N,N,N,N
650,650开户流程验证,,,,,,,20220908145316.0,99990,A650,N,9999,0,,N,0^1^2^3,N,N,N,N
6507,6507机构全称,,,,,,,20220905182425.0,99990,zff6507,N,9999,0,,N,0^1^2^3,N,N,N,N
652,652开户流程验证,,,,,,,20220929090056.0,99990,A652,N,9999,0,,N,0^1^2^3,N,N,N,N
653,653机构全称,,,,,,,20220919143245.0,99990,zf653,N,9999,0,,N,0^1^2^3,N,N,N,N
654,654开户流程验证,,,,,,,20220905160446.0,99990,A654,N,9999,0,,N,0^1^2^3,N,N,N,N
6565,5555,,,,,,,20220927155832.0,99990,asdf,N,9999,0,,N,S^F^C,Y,Y,N,N
659,659开户流程验证,,,,,,,20220907134636.0,99990,A659,N,9999,0,,N,0^1^2^3,N,N,N,N
6595,6595机构全称,,,,,,,20220906144244.0,99990,zff6595,N,9999,0,,N,0^1^2^3,N,N,N,N
66,66自动,,,,,,,20220907111932.0,99990,RL66,N,9999,0,,N,0^1^2^3,N,N,N,N
667,667开户流程验证,,,,,,,20221004092256.0,99990,A667,N,9999,0,,N,0^1^2^3,N,N,N,N
67,67自动,,,,,,,20220907111132.0,99990,RL67,N,9999,0,,N,0^1^2^3,N,N,N,N
673,673机构全称,,,,,,,20221011113906.0,99990,zf673,N,9999,0,,N,0^1^2^3,N,N,N,N
676,676自动,,,,,,,20220920132754.0,99990,z676,N,9999,0,,N,0^1^2^3,N,N,N,N
677,677自动,,,,,,,20220930075256.0,99990,z677,N,9999,0,,N,0^1^2^3,N,N,N,N
679,679自动,,,,,,,20220919075316.0,99990,z679,N,9999,0,,N,0^1^2^3,N,N,N,N
68,68自动,,,,,,,20220923094158.0,99990,RL68,N,9999,0,,N,0^1^2^3,N,N,N,N
681,681开户流程验证,,,,,,,20220926090056.0,99990,A681,N,9999,0,,N,0^1^2^3,N,N,N,N
683,683开户流程验证,,,,,,,20220908112645.0,99990,A683,N,9999,0,,N,0^1^2^3,N,N,N,N
686,686开户流程验证,,,,,,,20220907134656.0,99990,A686,N,9999,0,,N,0^1^2^3,N,N,N,N
69,69自动,,,,,,,20220921133343.0,99990,RL69,N,9999,0,,N,0^1^2^3,N,N,N,N
693,693开户流程验证,,,,,,,20220907134736.0,99990,A693,N,9999,0,,N,0^1^2^3,N,N,N,N
694,694开户流程验证,,,,,,,20220908110745.0,99990,A694,N,9999,0,,N,0^1^2^3,N,N,N,N
695,695开户流程验证,,,,,,,20221014105127.0,99990,A695,N,9999,0,,N,0^1^2^3,N,N,N,N
699,699开户流程验证,,,,,,,20221011092257.0,99990,A699,N,9999,0,,N,0^1^2^3,N,N,N,N
70,70自动,,,,,,,20220908161650.0,99990,RL70,N,9999,0,,N,0^1^2^3,N,N,N,N
700,700-全部权限,,,,,,,20220816100742.0,99990,bb,N,9999,0,,N,0^1^2^3,N,N,N,N
702,702自动,,,,,,,20220920132754.0,99990,z702,N,9999,0,,N,0^1^2^3,N,N,N,N
703,703开户流程验证,,,,,,,20220927093157.0,99990,A703,N,9999,0,,N,0^1^2^3,N,N,N,N
707,707开户流程验证,,,,,,,20220908111725.0,99990,A707,N,9999,0,,N,0^1^2^3,N,N,N,N
709,709自动,,,,,,,20221003075257.0,99990,z709,N,9999,0,,N,0^1^2^3,N,N,N,N
711,711开户流程验证,,,,,,,20220907134746.0,99990,A711,N,9999,0,,N,0^1^2^3,N,N,N,N
713,713开户流程验证,,,,,,,20220906172436.0,99990,A713,N,9999,0,,N,0^1^2^3,N,N,N,N
717,717自动,,,,,,,20220916075307.0,99990,z717,N,9999,0,,N,0^1^2^3,N,N,N,N
718,718开户流程验证,,,,,,,20220921160027.0,99990,A718,N,9999,0,,N,0^1^2^3,N,N,N,N
724,724开户流程验证,,,,,,,20221013093147.0,99990,A724,N,9999,0,,N,0^1^2^3,N,N,N,N
726,726开户流程验证,,,,,,,20220922164046.0,99990,A726,N,9999,0,,N,0^1^2^3,N,N,N,N
727,727自动,,,,,,,20220914105217.0,99990,z727,N,9999,0,,N,0^1^2^3,N,N,N,N
729,729自动,,,,,,,20221014075247.0,99990,z729,N,9999,0,,N,0^1^2^3,N,N,N,N
73,73自动,,,,,,,20220908104730.0,99990,RL73,N,9999,0,,N,0^1^2^3,N,N,N,N
730,730开户流程验证,,,,,,,20221003092257.0,99990,A730,N,9999,0,,N,0^1^2^3,N,N,N,N
731,731自动,,,,,,,20221003075257.0,99990,z731,N,9999,0,,N,0^1^2^3,N,N,N,N
734,734开户流程验证,,,,,,,20220906150916.0,99990,A734,N,9999,0,,N,0^1^2^3,N,N,N,N
739,739自动,,,,,,,20221013075247.0,99990,z739,N,9999,0,,N,0^1^2^3,N,N,N,N
743,743开户流程验证,,,,,,,20220929095207.0,99990,A743,N,9999,0,,N,0^1^2^3,N,N,N,N
7432,张永吉机构,,,,,,,20220908134032.0,99990,CROO,N,9999,0,,N,S^F,Y,Y,N,N
746,746开户流程验证,,,,,,,20220907112706.0,99990,A746,N,9999,0,,N,0^1^2^3,N,N,N,N
748,748开户流程验证,,,,,,,20220906150547.0,99990,A748,N,9999,0,,N,0^1^2^3,N,N,N,N
75,75自动,,,,,,,20220921141222.0,99990,RL75,N,9999,0,,N,0^1^2^3,N,N,N,N
753,753开户流程验证,,,,,,,20220908111827.0,99990,A753,N,9999,0,,N,0^1^2^3,N,N,N,N
757,757开户流程验证,,,,,,,20221011143322.0,99990,A757,N,9999,0,,N,0^1^2^3,N,N,N,N
759,759自动,,,,,,,20220921153016.0,99990,z759,N,9999,0,,N,0^1^2^3,N,N,N,N
76,76自动,,,,,,,20220921141742.0,99990,RL76,N,9999,0,,N,0^1^2^3,N,N,N,N
760,760开户流程验证,,,,,,,20220907181717.0,99990,A760,N,9999,0,,N,0^1^2^3,N,N,N,N
761,761开户流程验证,,,,,,,20221010095217.0,99990,A761,N,9999,0,,N,0^1^2^3,N,N,N,N
762,762开户流程验证,,,,,,,20220908150347.0,99990,A762,N,9999,0,,N,0^1^2^3,N,N,N,N
766,766开户流程验证,,,,,,,20220921154357.0,99990,A766,N,9999,0,,N,0^1^2^3,N,N,N,N
77,77自动,,,,,,,20220921135559.0,99990,RL77,N,9999,0,,N,0^1^2^3,N,N,N,N
770,770自动,,,,,,,20220919075307.0,99990,z770,N,9999,0,,N,0^1^2^3,N,N,N,N
771,771开户流程验证,,,,,,,20220927095157.0,99990,A771,N,9999,0,,N,0^1^2^3,N,N,N,N
775,775自动,,,,,,,20220914105106.0,99990,z775,N,9999,0,,N,0^1^2^3,N,N,N,N
777,777,,,,,,,20220927200408.0,99990,asda,N,9999,0,,N,0^1^2^3,N,N,N,N
7777,7777,,,,,,,20220930112850.0,99990,7777,N,9999,0,,N,0^1^2^3,N,N,N,N
7797,7797机构全称,,,,,,,20220905175258.0,99990,zff7797,N,9999,0,,N,0^1^2^3,N,N,N,N
78,78自动,,,,,,,20220908104426.0,99990,RL78,N,9999,0,,N,0^1^2^3,N,N,N,N
780,780自动,,,,,,,20221013075247.0,99990,z780,N,9999,0,,N,0^1^2^3,N,N,N,N
781,781开户流程验证,,,,,,,20220923092857.0,99990,A781,N,9999,0,,N,0^1^2^3,N,N,N,N
783,783开户流程验证,,,,,,,20220907133557.0,99990,A783,N,9999,0,,N,0^1^2^3,N,N,N,N
785,785开户流程验证,,,,,,,20220907175417.0,99990,A785,N,9999,0,,N,0^1^2^3,N,N,N,N
786,786开户流程验证,,,,,,,20220922174837.0,99990,A786,N,9999,0,,N,0^1^2^3,N,N,N,N
787878,同步机构,,,,,,,20220801190527.0,99990,YYUI,N,9999,0,,N,S^F,Y,Y,N,N
789,789开户流程验证,,,,,,,20221013090047.0,99990,A789,N,9999,0,,N,0^1^2^3,N,N,N,N
79,79自动,,,,,,,20220919153946.0,99990,RL79,N,9999,0,,N,0^1^2^3,N,N,N,N
792,792开户流程验证,,,,,,,20220920105312.0,99990,A792,N,9999,0,,N,0^1^2^3,N,N,N,N
793,793自动,,,,,,,20220929075257.0,99990,z793,N,9999,0,,N,0^1^2^3,N,N,N,N
797,797自动,,,,,,,20220921153016.0,99990,z797,N,9999,0,,N,0^1^2^3,N,N,N,N
80,80自动,,,,,,,20220908153442.0,99990,RL80,N,9999,0,,N,0^1^2^3,N,N,N,N
800,800自动,,,,,,,20220914105148.0,99990,z800,N,9999,0,,N,0^1^2^3,N,N,N,N
801,801开户流程验证,,,,,,,20220923090058.0,99990,A801,N,9999,0,,N,0^1^2^3,N,N,N,N
803,803开户流程验证,,,,,,,20220927091558.0,99990,A803,N,9999,0,,N,0^1^2^3,N,N,N,N
804,804开户流程验证,,,,,,,20221007093158.0,99990,A804,N,9999,0,,N,0^1^2^3,N,N,N,N
81,81自动,,,,,,,20220907112423.0,99990,RL81,N,9999,0,,N,0^1^2^3,N,N,N,N
810,810开户流程验证,,,,,,,20220919181847.0,99990,A810,N,9999,0,,N,0^1^2^3,N,N,N,N
811,811开户流程验证,,,,,,,20220907150557.0,99990,A811,N,9999,0,,N,0^1^2^3,N,N,N,N
814,814开户流程验证,,,,,,,20220908095208.0,99990,A814,N,9999,0,,N,0^1^2^3,N,N,N,N
815,815权限测试,,,,,,,20220815164701.0,IMShisdata,815,N,9999,0,,N,0^1^2^3,N,N,N,N
815csjg,IMStongbu,,,,,,,20220816171220.0,IMShisdata,csjg,N,9999,0,,N,0^1^2^3,N,N,N,N
816,816自动,,,,,,,20221011075258.0,99990,z816,N,9999,0,,N,0^1^2^3,N,N,N,N
818,818开户流程验证,,,,,,,20220920144817.0,99990,A818,N,9999,0,,N,0^1^2^3,N,N,N,N
819,819自动,,,,,,,20220929075258.0,99990,z819,N,9999,0,,N,0^1^2^3,N,N,N,N
82,82自动,,,,,,,20220921134153.0,99990,RL82,N,9999,0,,N,0^1^2^3,N,N,N,N
824,824自动,,,,,,,20220914105148.0,99990,z824,N,9999,0,,N,0^1^2^3,N,N,N,N
826,826jigou,,,,,,,20220826112931.0,99990,uwtG,N,9999,0,,N,S^F,Y,Y,N,N
827,827自动,,,,,,,20220914105018.0,99990,z827,N,9999,0,,N,0^1^2^3,N,N,N,N
829,829开户流程验证,,,,,,,20220908150538.0,99990,A829,N,9999,0,,N,0^1^2^3,N,N,N,N
831cs,831测试机构,,,,,,,20220831134208.0,99990,popo,N,9999,0,,N,S^F,Y,Y,N,N
833,833开户流程验证,,,,,,,20220921180747.0,99990,A833,N,9999,0,,N,0^1^2^3,N,N,N,N
835,835开户流程验证,,,,,,,20220922163837.0,99990,A835,N,9999,0,,N,0^1^2^3,N,N,N,N
837,837开户流程验证,,,,,,,20220920150943.0,99990,A837,N,9999,0,,N,0^1^2^3,N,N,N,N
839,839自动,,,,,,,20220920132756.0,99990,z839,N,9999,0,,N,0^1^2^3,N,N,N,N
840,840自动,,,,,,,20221014075248.0,99990,z840,N,9999,0,,N,0^1^2^3,N,N,N,N
841,841机构全称,,,,,,,20220920134443.0,99990,zf841,N,9999,0,,N,0^1^2^3,N,N,N,N
849,849开户流程验证,,,,,,,20220907172828.0,99990,A849,N,9999,0,,N,0^1^2^3,N,N,N,N
85,85自动,,,,,,,20220908104207.0,99990,RL85,N,9999,0,,N,0^1^2^3,N,N,N,N
851,851开户流程验证,,,,,,,20220919182603.0,99990,A851,N,9999,0,,N,0^1^2^3,N,N,N,N
852,852开户流程验证,,,,,,,20220923093158.0,99990,A852,N,9999,0,,N,0^1^2^3,N,N,N,N
853,853开户流程验证,,,,,,,20220929095228.0,99990,A853,N,9999,0,,N,0^1^2^3,N,N,N,N
855,855机构全称,,,,,,,20220920134805.0,99990,zf855,N,9999,0,,N,0^1^2^3,N,N,N,N
8569,8569,,,,,,,20221008102854.0,99990,WSXC,N,9999,0,,N,S^F^C,Y,Y,N,N
86,86自动,,,,,,,20221010094148.0,99990,RL86,N,9999,0,,N,0^1^2^3,N,N,N,N
860,860开户流程验证,,,,,,,20220922135918.0,99990,A860,N,9999,0,,N,0^1^2^3,N,N,N,N
862,862开户流程验证,,,,,,,20220907181658.0,99990,A862,N,9999,0,,N,0^1^2^3,N,N,N,N
86386,5任trtby,,,,,,,20220908161617.0,99990,41444,N,9999,0,,N,0^1^2^3,N,N,N,N
873,873开户流程验证,,,,,,,20220920132618.0,99990,A873,N,9999,0,,N,0^1^2^3,N,N,N,N
878,878自动,,,,,,,20220923075258.0,99990,z878,N,9999,0,,N,0^1^2^3,N,N,N,N
886,886开户流程验证,,,,,,,20220907135458.0,99990,A886,N,9999,0,,N,0^1^2^3,N,N,N,N
888,hazel测试机构A,,,,,,,20220605154710.0,99990,haze,N,9999,0,,N,S^F,Y,Y,N,N
8888,88测试机构,,,,,,,20220926150503.0,IMShisdata,88,N,9999,0,,N,0^1^2^3,N,N,N,N
889,889开户流程验证,,,,,,,20220920145358.0,99990,A889,N,9999,0,,N,0^1^2^3,N,N,N,N
893,893自动,,,,,,,20221003075258.0,99990,z893,N,9999,0,,N,0^1^2^3,N,N,N,N
8955,8955机构全称,,,,,,,20220914142949.0,99990,zff8955,N,9999,0,,N,0^1^2^3,N,N,N,N
897,897开户流程验证,,,,,,,20221013091549.0,99990,A897,N,9999,0,,N,0^1^2^3,N,N,N,N
899,899自动,,,,,,,20220923075259.0,99990,z899,N,9999,0,,N,0^1^2^3,N,N,N,N
89ceshi,89测试,,,,,,,20220817192241.0,IMShisdata,cshi,N,9999,0,,N,0^1^2^3,N,N,N,N
90,90自动,,,,,,,20220921141624.0,99990,RL90,N,9999,0,,N,0^1^2^3,N,N,N,N
904,904自动,,,,,,,20220922093749.0,99990,z904,N,9999,0,,N,0^1^2^3,N,N,N,N
907,907开户流程验证,,,,,,,20220922093159.0,99990,A907,N,9999,0,,N,0^1^2^3,N,N,N,N
909,909开户流程验证,,,,,,,20220907172338.0,99990,A909,N,9999,0,,N,0^1^2^3,N,N,N,N
9090,场外融券机构,,,,,,,20220811193443.0,IMShisdata,YYUO,N,9999,0,,N,0^1^2^3,N,N,N,N
911,911开户流程验证,,,,,,,20220930091559.0,99990,A911,N,9999,0,,N,0^1^2^3,N,N,N,N
916,916开户流程验证,,,,,,,20220907153248.0,99990,A916,N,9999,0,,N,0^1^2^3,N,N,N,N
919,919机构全称,,,,,,,20221011105159.0,99990,zf919,N,9999,0,,N,0^1^2^3,N,N,N,N
92,92机构全称,,,,,,,20220914154758.0,99990,zff92,N,9999,0,,N,0^1^2^3,N,N,N,N
920,920自动,,,,,,,20220914105219.0,99990,z920,N,9999,0,,N,0^1^2^3,N,N,N,N
923,923开户流程验证,,,,,,,20221011092849.0,99990,A923,N,9999,0,,N,0^1^2^3,N,N,N,N
925,925开户流程验证,,,,,,,20220926095219.0,99990,A925,N,9999,0,,N,0^1^2^3,N,N,N,N
927,927开户流程验证,,,,,,,20220908145619.0,99990,A927,N,9999,0,,N,0^1^2^3,N,N,N,N
928,928开户流程验证,,,,,,,20221010093149.0,99990,A928,N,9999,0,,N,0^1^2^3,N,N,N,N
93,93自动,,,,,,,20220907111118.0,99990,RL93,N,9999,0,,N,0^1^2^3,N,N,N,N
930,930开户流程验证,,,,,,,20221010092849.0,99990,A930,N,9999,0,,N,0^1^2^3,N,N,N,N
932,932自动,,,,,,,20220914105108.0,99990,z932,N,9999,0,,N,0^1^2^3,N,N,N,N
9338,9338机构全称,,,,,,,20220905175133.0,99990,zff9338,N,9999,0,,N,0^1^2^3,N,N,N,N
934,934开户流程验证,,,,,,,20220922111859.0,99990,A934,N,9999,0,,N,0^1^2^3,N,N,N,N
938,938开户流程验证,,,,,,,20220929092259.0,99990,A938,N,9999,0,,N,0^1^2^3,N,N,N,N
9399,9399机构全称,,,,,,,20220906150952.0,99990,zff9399,N,9999,0,,N,0^1^2^3,N,N,N,N
940,940开户流程验证,,,,,,,20220920095658.0,99990,A940,N,9999,0,,N,0^1^2^3,N,N,N,N
944,944开户流程验证,,,,,,,20221011090049.0,99990,A944,N,9999,0,,N,0^1^2^3,N,N,N,N
945,945自动,,,,,,,20220921153017.0,99990,z945,N,9999,0,,N,0^1^2^3,N,N,N,N
948,948开户流程验证,,,,,,,20220930092259.0,99990,A948,N,9999,0,,N,0^1^2^3,N,N,N,N
95,95自动,,,,,,,20220907111906.0,99990,RL95,N,9999,0,,N,0^1^2^3,N,N,N,N
952,952自动,,,,,,,20220922093749.0,99990,z952,N,9999,0,,N,0^1^2^3,N,N,N,N
954,954自动,,,,,,,20220926075259.0,99990,z954,N,9999,0,,N,0^1^2^3,N,N,N,N
955,955开户流程验证,,,,,,,20220907132509.0,99990,A955,N,9999,0,,N,0^1^2^3,N,N,N,N
956,956机构全称,,,,,,,20220919143315.0,99990,zf956,N,9999,0,,N,0^1^2^3,N,N,N,N
957,957开户流程验证,,,,,,,20220907114229.0,99990,A957,N,9999,0,,N,0^1^2^3,N,N,N,N
96,96自动,,,,,,,20221004094153.0,99990,RL96,N,9999,0,,N,0^1^2^3,N,N,N,N
962,962开户流程验证,,,,,,,20220922174638.0,99990,A962,N,9999,0,,N,0^1^2^3,N,N,N,N
965,965开户流程验证,,,,,,,20220906151129.0,99990,A965,N,9999,0,,N,0^1^2^3,N,N,N,N
966,966开户流程验证,,,,,,,20220914100458.0,99990,A966,N,9999,0,,N,0^1^2^3,N,N,N,N
969,969开户流程验证,,,,,,,20220908145849.0,99990,A969,N,9999,0,,N,0^1^2^3,N,N,N,N
97,97自动,,,,,,,20220921140615.0,99990,RL97,N,9999,0,,N,0^1^2^3,N,N,N,N
973,973自动,,,,,,,20220921075259.0,99990,z973,N,9999,0,,N,0^1^2^3,N,N,N,N
976,976机构全称,,,,,,,20221011105519.0,99990,zf976,N,9999,0,,N,0^1^2^3,N,N,N,N
979,979自动,,,,,,,20220920132757.0,99990,z979,N,9999,1,,N,0^1^2^3,N,N,N,N
98,98自动,,,,,,,20220907111327.0,99990,RL98,N,9999,0,,N,0^1^2^3,N,N,N,N
980,980机构全称,,,,,,,20221011130909.0,99990,zf980,N,9999,0,,N,0^1^2^3,N,N,N,N
982,982自动,,,,,,,20220929075259.0,99990,z982,N,9999,0,,N,0^1^2^3,N,N,N,N
983,983开户流程验证,,,,,,,20220907135129.0,99990,A983,N,9999,0,,N,0^1^2^3,N,N,N,N
9846,9846机构全称,,,,,,,20220905174958.0,99990,zff9846,N,9999,0,,N,0^1^2^3,N,N,N,N
985,985开户流程验证,,,,,,,20220920090059.0,99990,A985,N,9999,0,,N,0^1^2^3,N,N,N,N
9869,9869,,,,,,,20221012194248.0,99990,llkj,N,9999,0,,N,S^F^C,Y,Y,N,N
987,987自动,,,,,,,20220914105149.0,99990,z987,N,9999,0,,N,0^1^2^3,N,N,N,N
99,99自动,,,,,,,20220907111441.0,99990,RL99,N,9999,0,,N,0^1^2^3,N,N,N,N
991,991机构全称,,,,,,,20221011150749.0,99990,zf991,N,9999,0,,N,0^1^2^3,N,N,N,N
994,994自动,,,,,,,20220921075259.0,99990,z994,N,9999,0,,N,0^1^2^3,N,N,N,N
997,997开户流程验证,,,,,,,20220921151000.0,99990,A997,N,9999,0,,N,0^1^2^3,N,N,N,N
999,hazel测试B,,,,,,,20220606100029.0,99990,hazb,N,9999,0,,N,S^F,Y,Y,N,N
999333,999333,,,,,,,20220908162416.0,99990,llloo,N,9999,0,,N,0^1^2^3,N,N,N,N
99966,888555,,,,,,,20220908161921.0,99990,opop,N,9999,0,,N,0^1^2^3,N,N,N,N
999666,888,,,,,,,20220908161735.0,99990,888,N,9999,0,,N,0^1^2^3,N,N,N,N
ANAN,ANAN,,,,,,,20220913142004.0,99990,ANAN,N,9999,0,,N,S^F,Y,Y,N,N
apexCdt,顶点两融测试,,,,,,,20220526135054.0,99990,APEX,N,9999,0,,N,S^F,Y,Y,N,N
APEY,顶点两融测试2,,,,,,,20220701095234.0,99990,APEY,N,9999,0,,N,S^F,Y,Y,N,N
Asbl,Asbl,,17600119999,,,,,20220829164504.0,IMShisdata,Asbl,N,9999,0,,N,0^1^2^3,N,N,N,N
A机构,A机构,,,,,,,20220419180454.0,99990,SEAA,N,9999,0,,N,S^F,Y,Y,N,N
Bsbl,Bsbl,,,,,,,20220718145544.0,99990,Bsbl,N,9999,0,,N,0^1^2^3,N,N,N,N
BYCS,BYCS,,,,,,,20220831102652.0,IMShisdata,BYCS,N,9999,0,,N,0^1^2^3,N,N,N,N
B机构,B机构,,,,,,,20220419180625.0,99990,SEBB,N,9999,0,,N,S^F,Y,Y,N,N
COLO,COLO123,,,,,,,20220929143403.0,99990,COLO,N,9999,0,,N,S^F^C,Y,Y,N,N
CPSQ000,产品授权测试,,,,,,,20220831112003.0,99990,CPSQ,N,9999,0,,N,S^F,Y,Y,N,N
CS,测试机构全称,,,,,,,20220824151201.0,99990,CS,N,9999,0,,N,0^1^2^3,N,N,N,N
CS2,cs2,,,,,,,20220824162216.0,99990,cs2,N,9999,0,,N,0^1^2^3,N,N,N,N
Csbl,Csbl,,,,,,,20220718145611.0,99990,Csbl,N,9999,0,,N,0^1^2^3,N,N,N,N
C机构,C机构,,,,,,,20220419180703.0,99990,SECC,N,9999,0,,N,S^F,Y,Y,N,N
DEMO,DEMO,,,,,,,20220430111230.0,99990,DEMO,N,9999,0,,N,S^F,Y,Y,N,N
DSSA,DSSAA,,,,,,,20220815145414.0,99990,DSSA,N,9999,0,,N,S^F,Y,Y,N,N
DSSB,DSSBB,,,,,,,20220815145449.0,99990,DSSB,N,9999,0,,N,S^F,Y,Y,N,N
DSSC,DSSTEST,,,,,,,20220418181403.0,99990,DSSC,N,9999,0,,N,S^F,Y,Y,N,N
DSST,DSSTEST123,,,,,,,20220526163102.0,99990,DSST,N,9999,0,,N,S^F,Y,Y,N,N
DZCS,DZCS,,,,,,,20220128180840.0,99990,DZCS,N,9999,0,,N,S^F,Y,Y,N,N
FAST,极速四代直报,,,,,,,20220927152206.0,99990,FAST,N,9999,0,,N,S^F^C,Y,Y,N,N
FIXAC,FIXAC跨境测试,,,,,,,20220629173655.0,99990,FIXA,N,9999,0,,N,S^F,Y,Y,N,N
fjx,fjx测试,,,,,,,20220721101129.0,99990,fjxt,N,9999,0,,N,S^F,Y,Y,N,N
FQAA,FQAA,,,,,,,20220913140412.0,99990,FQAA,N,9999,0,,N,S^F,Y,Y,N,N
FUT,FUT,,,,,,,20220127170222.0,99990,FUTU,N,9999,0,,N,S^F,Y,Y,N,N
G33,33机构,,,,,,,20220902141518.0,99990,33,N,9999,0,,N,0^1^2^3,N,N,N,N
GGTCS,GGTCS123,,,,,,,20220906142443.0,99990,GGTT,N,9999,0,,N,S^F,Y,Y,N,N
GWHT,GWHT,,,,,,,20220802133051.0,99990,HTCS,N,9999,0,,N,S^F,Y,Y,N,N
haha,haha000,,,,,,,20220607101631.0,99990,haha,N,9999,0,,N,S^F,Y,Y,N,N
hl_JiSu,hl_JiSu,,,,,,,20220919175422.0,99990,hejs,N,9999,0,,N,S^F^C,Y,Y,N,N
HSCS,HSCS,,,,,,,20220127171052.0,99990,HSCS,N,9999,0,,N,S,Y,Y,N,N
HTCSZQ01,HTCSZQ01,,,,,,,20220927155207.0,99990,kkll,N,9999,0,,N,0^1^2^3,N,N,N,N
HTGW,海通测试,,,,,,,20220906095223.0,99990,HTGW,N,9999,0,,N,0^1^2^3,N,N,N,N
HTHI,HTHI,,,,,,,20220731174021.0,99990,HTHI,N,9999,0,,N,S^F,Y,Y,N,N
HTHT,HTHT,,,,,,,20220731161945.0,IMShisdata,HTHT,N,9999,0,,N,0^1^2^3,N,N,N,N
HTPB,海通国际,,,,,,,20220827194524.0,99990,HTPB,N,9999,0,,N,0^1^2^3,N,N,N,N
HUATC,华泰两融-1,,,,,,,20220921152715.0,99990,HUTC,N,9999,0,,N,S^F^C,Y,Y,N,N
INTL,INTL,,,,,,,20220808142943.0,99990,INTL,N,1,0,,N,S^F,Y,Y,N,N
IN_1,JG,,,,,,,20220419151433.0,99990,ZXQA,N,9999,0,,N,S^F,Y,Y,N,N
IN_10,sbl产品,,,,,,,20220914113142.0,IMShisdata,chan,N,9999,0,,N,0^1^2^3,N,N,N,N
IN_11,sbl产品2,,,,,,,20220905152652.0,99990,pian,N,9999,0,,N,S^F,Y,Y,N,N
IN_12,sbl产品3,,,,,,,20220905152814.0,99990,choo,N,9999,0,,N,S^F,Y,Y,N,N
IN_2,JG,,,,,,,20220420110235.0,99990,ZXQB,N,9999,0,,N,S^F,Y,Y,N,N
IN_3,JG,,,,,,,20220420111132.0,99990,ZXQC,N,9999,0,,N,S^F,Y,Y,N,N
IN_4,qqq,,,,,,,20220809144445.0,99990,qqqq,N,9999,0,,N,S^F,Y,Y,N,N
IN_5,sbl开发2,,,,,,,20220905141307.0,99990,sbla,N,9999,0,,N,S^F,Y,Y,N,N
IN_6,sbl开发3,,,,,,,20220905141557.0,99990,sblf,N,9999,0,,N,S^F,Y,Y,N,N
IN_7,sbl开发二01,,,,,,,20220905150637.0,99990,libo,N,9999,0,,N,S^F,Y,Y,N,N
IN_8,sbl开发二02,,,,,,,20220905150748.0,99990,looo,N,9999,0,,N,S^F,Y,Y,N,N
IN_9,sbl开发二03,,,,,,,20220905150854.0,99990,booo,N,9999,0,,N,S^F,Y,Y,N,N
IUL,IUL,,,,,,,20220808145047.0,99990,IULG,N,9999,0,,N,S^F,Y,Y,N,N
JGJG,JGJG1,,,,,,,20220427104015.0,99990,JGJG,N,9999,0,,N,S^F,Y,Y,N,N
JGJG2,JGJG2,,,,,,,20220427104415.0,99990,FKJB,N,9999,0,,N,S^F,Y,Y,N,N
JGJG3,JGJG3,,,,,,,20220427104450.0,99990,FKJC,N,9999,0,,N,S^F,Y,Y,N,N
JIAA,JIAA,,,,,,,20220808162656.0,IMShisdata,JIAA,N,3,0,,N,0^1^2^3,N,N,N,N
JIBB,JIBB,,,,,,,20220808162656.0,IMShisdata,JIBB,N,9999,0,,N,0^1^2^3,N,N,N,N
JICC,JICC,,,,,,,20220808162656.0,IMShisdata,JICC,N,9999,0,,N,0^1^2^3,N,N,N,N
JS40,极速4.0SWAP,,,,,,,20220926221710.0,99990,JSSD,N,9999,0,,N,S^F^C,Y,Y,N,N
KFCS,KFCS,,,,,,,20220210131115.0,99990,KFCS,N,9999,0,,N,S^F,Y,Y,N,N
kimitest,kimitest,,,,,,,20220922152720.0,99990,kimi,N,9999,0,,N,S^F^C,Y,Y,N,N
KJGG,KJGG,,,,,,,20220624193932.0,99990,KJGG,N,9999,0,,N,S^F,Y,Y,N,N
KJHS,KJHS,,,,,,,20220624194320.0,99990,KJHS,N,9999,0,,N,S^F,Y,Y,N,N
KJMG,KJMG,,,,,,,20220624192635.0,99990,KJMG,N,9999,0,,N,S^F,Y,Y,N,N
KJRQ,KJRQ,,,,,,,20220706175155.0,99990,KJRQ,N,9999,0,,N,S^F,Y,Y,N,N
LLAA,LLAA,,,,,,,20220913130913.0,99990,LLAA,N,9999,0,,N,S^F,Y,Y,N,N
LLAB,LLAB,,,,,,,20220913135753.0,99990,LLAB,N,9999,0,,N,S^F,Y,Y,N,N
LLBB,LLBB,,,,,,,20220913134529.0,99990,LLBB,N,9999,0,,N,S^F,Y,Y,N,N
LWH,LWH,,,,,,,20220718143825.0,99990,LWH,N,9999,0,,N,0^1^2^3,N,N,N,N
MI,MI中间商全称,,,,,,,20220815152428.0,99990,MI,N,9999,0,,N,0^1^2^3,N,N,N,N
NACS,不同3pABC-A机构,,,,,,,20220524133128.0,99990,NACS,N,9999,0,,N,S^F,Y,Y,N,N
NAJG,不同3pAB-A机构,,,,,,,20220524120551.0,99990,NAJG,N,9999,0,,N,S^F,Y,Y,N,N
NAN,交易test,,,,,,,20220914113142.0,IMShisdata,NANA,N,9999,0,,N,0^1^2^3,N,N,N,N
NBCS,不同3pABC-B机构,,,,,,,20220524133208.0,99990,NBCS,N,9999,0,,N,S^F,Y,Y,N,N
NBJG,不同3pAB-B机构,,,,,,,20220524120700.0,99990,NBJG,N,9999,0,,N,S^F,Y,Y,N,N
NCCS,不同3pABC-C机构,,,,,,,20220524133302.0,99990,NCCS,N,9999,0,,N,S^F,Y,Y,N,N
OTCD,OTCD,,,,,,,20220211180407.0,99990,OTCD,N,9999,0,,N,S^F,Y,Y,N,N
otcdylcs,otcd压力测试,,,,,,,20221013104853.0,99990,otyl,N,9999,0,,N,S^F^C,Y,Y,N,N
PBY,PBY,,,,,,,20220928155544.0,99990,PBYA,N,9999,0,,N,S^F^C,Y,Y,N,N
PBYB,PBYB,,,,,,,20220928162304.0,99990,PBYB,N,9999,0,,N,S^F^C,Y,Y,N,N
PBYC,PBYC,,,,,,,20220929142723.0,99990,PBYC,N,9999,0,,N,S^F^C,Y,Y,N,N
POC_JG,poc测试机构,,,,,,,20220210155506.0,99990,ychf,N,9999,0,,N,S^F,Y,Y,N,N
QAX,QAX,,,,,,,20220808145323.0,99990,QAXA,N,9999,0,,N,S^F,Y,Y,N,N
QH,QH,,,,,,,20220215102528.0,99990,QHQH,N,9999,0,,N,S^F,Y,Y,N,N
QQZQ,QQZQ,,,,,,,20220210143003.0,99990,QQZQ,N,9999,0,,N,S^F,Y,Y,N,N
QS001,清算测试账号,,,,,,,20220624133557.0,99990,QSCS,N,9999,0,,N,S^F,Y,Y,N,N
QSCA,QSCA,,,,,,,20220906110108.0,99990,QSCA,N,9999,0,,N,S^F,Y,Y,N,N
SACS,同3pABC-A机构,,,,,,,20220524113126.0,99990,SACS,N,9999,0,,N,S^F,Y,Y,N,N
SAJG,同3pAB-A机构,,,,,,,20220524110657.0,99990,SAJG,N,9999,0,,N,S^F,Y,Y,N,N
SBCS,同3pABC-B机构,,,,,,,20220524113306.0,99990,SBCS,N,9999,0,,N,S^F,Y,Y,N,N
SBJG,同3pAB-B机构,,,,,,,20220524110825.0,99990,SBJG,N,9999,0,,N,S^F,Y,Y,N,N
SBL20,SBL2.0,,,,,,,20220718102543.0,99990,RRFA,N,9999,0,,N,S^F,Y,Y,N,N
sbl开发,sbl开发1,,,,,,,20220905141813.0,99990,sblk,N,9999,0,,N,S^F,Y,Y,N,N
SCCS,同3pABC-C机构,,,,,,,20220524113358.0,99990,SCCS,N,9999,0,,N,S^F,Y,Y,N,N
sd,sd,,,,,,,20220420111016.0,99990,sdsd,N,9999,0,,N,S^F,Y,Y,N,N
SEA,SE-A机构,,,,,,,20220811151825.0,99990,SEAC,N,9999,0,,N,S^F,Y,Y,N,N
SEB,SE-B机构,,,,,,,20220811152014.0,99990,SEBC,N,9999,0,,N,S^F,Y,Y,N,N
SEC,SE-C机构,,,,,,,20220811152207.0,99990,SECD,N,9999,0,,N,S^F,Y,Y,N,N
SED,SE-D机构,,,,,,,20220811152256.0,99990,SEDC,N,9999,0,,N,S^F,Y,Y,N,N
SMJG,私募机构2,,,,,,,20220827194715.0,99990,SMJG,N,9999,0,,N,0^1^2^3,N,N,N,N
SMKH,私募客户机构,,,,,,,20220827194357.0,99990,SMKH,N,9999,0,,N,0^1^2^3,N,N,N,N
TEST,TEST,,,,,,,20220628152823.0,99990,TEST,N,9999,0,,N,S^F,Y,Y,N,N
test01,815测试,,,,,,,20220919154229.0,IMShisdata,syht,N,9999,0,,N,0^1^2^3,N,N,N,N
test02,815测试2,,,,,,,20220815110241.0,99990,shht,N,9999,0,,N,S^F,Y,Y,N,N
test03,815测试3,,,,,,,20220815110717.0,99990,syhh,N,9999,0,,N,S^F,Y,Y,N,N
test123455555,test123455555,,,,,,,20220927134046.0,99990,test1,N,9999,0,,N,0^1^2^3,N,N,N,N
TH,TH第三方的全称,,,,,,,20220815154046.0,99990,TH,N,9999,0,,N,0^1^2^3,N,N,N,N
times,times机构全称,,,,,,,20220919142910.0,99990,zftimes,N,9999,0,,N,0^1^2^3,N,N,N,N
TOA,TOA,,,,,,,20220801151417.0,99990,IMS,N,9999,0,,N,S^F,Y,Y,N,N
TOB,TOB,,,,,,,20220812104515.0,IMShisdata,TOBB,N,9999,0,,N,0^1^2^3,N,N,N,N
TOC,TOC,,,,,,,20220419150012.0,99990,TOCC,N,9999,0,,N,S^F,Y,Y,N,N
TOCX,TOCX,,,,,,,20220426130738.0,99990,TOCX,N,9999,0,,N,S^F,Y,Y,N,N
TODD,TODD,,,,,,,20220729175307.0,99990,TODD,N,9999,0,,N,0^1^2^3,N,N,N,N
TOOA,SBL2.0,,,,,,,20220811193443.0,IMShisdata,TOOA,N,9999,0,,N,0^1^2^3,N,N,N,N
TOOB,TOOB,,,,,,,20220718143238.0,99990,TOOB,N,9999,0,,N,0^1^2^3,N,N,N,N
TOOC,TOOC,,,,,,,20220718143415.0,99990,TOOC,N,9999,0,,N,0^1^2^3,N,N,N,N
TOOD,TOOD,,,,,,,20220718143722.0,99990,TOOD,N,9999,0,,N,0^1^2^3,N,N,N,N
VS_CTS,Roonet柜台,,,,,,,20220428165501.0,99990,pvrt,N,9999,0,,N,S^F,Y,Y,N,N
wr001,同步测试机构,,,,,,,20220720141032.0,99990,wang,N,9999,0,,N,S^F,Y,Y,N,N
WWZQ,WWZQ,,,,,,,20220511153637.0,99990,WWZQ,N,9999,0,,N,S^F,Y,Y,N,N
XMZIYING,小明自营,,,,,,,20220927134149.0,99990,xm,N,9999,0,,N,0^1^2^3,N,N,N,N
xx,xxtest,,,,,,,20220422173051.0,99990,xxxx,N,9999,0,,N,S^F,Y,Y,N,N
ylcs01,压力测试01,,,,,,,20220420111024.0,99990,ylcs,N,9999,0,,N,S^F,Y,Y,N,N
ytre1234,ytre1234,,,,,,,20220927135300.0,99990,iuyt,N,9999,0,,N,S^F^C,Y,Y,N,N
yyj000,yyj,,,,,,,20220719131748.0,99990,yyjc,N,9999,0,,N,S^F,Y,Y,N,N
YYYY,YYYYY,,,,,,,20220608101940.0,99990,YYYY,N,9999,0,,N,S^F,Y,Y,N,N
ZD,ZD小私募的全称,,,,,,,20220812104707.0,IMShisdata,ZD,N,9999,0,,N,0^1^2^3,N,N,N,N
ZDHC,自动化测试,,,,,,,20220215195223.0,99990,zdhc,N,9999,0,,N,S^F,Y,Y,N,N
zhang,zhangjm,,,,,,,20220718132104.0,99990,zj,N,9999,0,,N,0^1^2^3,N,N,N,N
zhangjmJG,zhangjm机构,,,,,,,20220927133137.0,99990,zjm,N,9999,0,,N,0^1^2^3,N,N,N,N
zhangjmTest,张建明测试,,,,,,,20220718100900.0,99990,zhangjm,N,9999,0,,N,0^1^2^3,N,N,N,N
zhengli,zhengli,,,,,,,20220818155850.0,99990,zhli,N,9999,0,,N,S^F,Y,Y,N,N
ZJ,ZJ,,,,,,,20220905162040.0,99990,ZJZJ,N,9999,0,,N,S^F,Y,Y,N,N
ZJCF,中金财富-T0,,,,,,,20220729115644.0,99990,ZJCF,N,9999,0,,N,S^F,Y,Y,N,N
ZJCFCS,中金财富测试,,,,,,,20220830112908.0,99990,ZJLT,N,9999,0,,N,S^F,Y,Y,N,N
ZJCS,中金现货,,,,,,,20220823140828.0,99990,ZJCS,N,9999,0,,N,S^F,Y,Y,N,N
zjhd,zjhd,,,,,,,20220902201833.0,99990,zjhd,N,9999,0,,N,S^F,Y,Y,N,N
ZJMT,zjmt,,,,,,,20220731175726.0,99990,ZJMT,N,9999,0,,N,S^F,Y,Y,N,N
ZK000001,ZK000001,,,,,,,20220419182127.0,99990,CESH,N,9999,0,,N,S^F,Y,Y,N,N
ZKA,ZKA机构,,,,,,,20220914113142.0,IMShisdata,CEAA,N,9999,0,,N,0^1^2^3,N,N,N,N
ZKB,ZKB机构,,,,,,,20220914113142.0,IMShisdata,CEBB,N,9999,0,,N,0^1^2^3,N,N,N,N
ZKC,ZKC机构,,,,,,,20220811135051.0,IMShisdata,CECC,N,9999,0,,N,0^1^2^3,N,N,N,N
ZKHTKH,ZK海通客户,,,,,,,20220811135051.0,IMShisdata,ZKHTKH,N,9999,0,,N,0^1^2^3,N,N,N,N
ZKHTZY,ZK海通自营,,,,,,,20220812104707.0,IMShisdata,ZKHTZY,N,9999,0,,N,0^1^2^3,N,N,N,N
ZKZGTD,ZK资管通道,,,,,,,20220812104707.0,IMShisdata,ZKZGTD,N,9999,0,,N,0^1^2^3,N,N,N,N
zqh,zqh,,,,,,,20220421110740.0,99990,root,N,9999,0,,N,S^F,Y,Y,N,N
ZSSH,ZSSH,,,,,,,20220831135907.0,99990,ZSSH,N,9999,0,,N,S^F,Y,Y,N,N
ZSSZ,ZSSZ,,,,,,,20220831143040.0,99990,ZSSZ,N,9999,0,,N,S^F,Y,Y,N,N
ZY,ZY机构,,,,,,,20220419150052.0,99990,ZYZB,N,9999,0,,N,S^F,Y,Y,N,N
zyzc,末端账户,,,,,,,20220812104921.0,99990,zyzc,N,9999,0,,N,S^F,Y,Y,N,N
ZZTT,zztt,,,,,,,20220903192917.0,IMShisdata,zztt,N,9999,0,,N,0^1^2^3,N,N,N,N
