productNum,productAcctNum,prodAcctType,acctid,acctPwd,branchNum,memo,openDate,optId,Flag,AttachAcctId,ThirdSystemId,AttachThirdSystemId,ChannelNum,isSupportALGO,isSupportInterALGO,isDSAOrderFlag,isWorkOrderFlag,StrategyTypeList
2,2,1,10500531,G+ah6zJ/hz9GSmZOS3KRjA==,2,,20220927000000,99990,1,,2201,,0,Y,Y,N,N,
3,3,0,99990001|0001,,4,,20220127172145,99990,1,,2405,,1,N,N,N,N,
5,5,0,888|111,,4,,20220128184355,99990,1,,2405,,1,N,N,N,N,
6,6,0,000020220210,G17gQSm7Kh2jSXp0K3kfQg==,1,,20220210000000,99990,0,,2301,,0,Y,Y,N,N,
7,7,0,999991100,ZHZs6HovMVSHAV4MzJWIFQ==,1,,20220210000000,99990,0,,2301,,0,Y,Y,N,N,
8,8,0,000000002078,G17gQSm7Kh2jSXp0K3kfQg==,1,,20220210155904,99990,1,,2301,,1,N,N,N,N,
9,9,1,000000002079,jRzV05v6a9UMOfdqdQMW3Q==,2,,20220210165900,99990,1,,2201,,1,N,N,N,N,
10,10,0,000020220211,Js5DDz8x5EYN7GfEXD+GHw==,1,,20220211000000,99990,0,,2301,,0,Y,Y,N,N,
11,12,0,33441,,1,,20220211000000,99990,0,,2301,,0,Y,Y,N,N,
11,13,0,33443,,1,,20220211000000,99990,0,,2301,,0,Y,Y,N,N,
11,14,1,33444,,2,,20220211000000,99990,0,,2201,,0,Y,Y,N,N,
11,14,0,33442,,1,,20220211000000,99990,0,,2301,,0,Y,Y,N,N,
12,15,0,888888,,4,,20220212110135,99990,1,,2405,,1,N,N,N,N,
4,16,0,000000000948,ormRRW4cBidSe+V8/gqtqg==,4,,20220212000000,99990,0,,2405,,0,Y,Y,N,N,
4,17,0,000000000948,,1,,20220212000000,99990,0,,2301,,0,Y,Y,N,N,
14,18,1,000020220212,Ukt8kbE5YveMLn47YiBykQ==,2,,20220215000000,99990,0,,2201,,0,Y,Y,N,N,
15,19,1,000000054323,,2,,20220215000000,99990,0,,2201,,0,Y,Y,N,N,
9,20,1,000000002030,jRzV05v6a9UMOfdqdQMW3Q==,6,,20220215000000,99990,0,,2202,,0,Y,Y,N,N,
16,21,0,000000220215,G17gQSm7Kh2jSXp0K3kfQg==,1,,20220215195553,99990,1,,2301,,1,N,N,N,N,
17,22,0,000000220215,G17gQSm7Kh2jSXp0K3kfQg==,1,,20220216165615,99990,1,,2301,,1,N,N,N,N,
18,23,0,000000220215,G17gQSm7Kh2jSXp0K3kfQg==,1,,20220216165643,99990,1,,2301,,1,N,N,N,N,
19,24,0,TYHA,,1,,20220217104330,99990,1,,2301,,1,N,N,N,N,
20,25,1,100000000418,G+ah6zJ/hz9GSmZOS3KRjA==,2,,20220814000000,99990,0,,2201,,0,Y,Y,N,N,
20,25,2,200000000418,G17gQSm7Kh2jSXp0K3kfQg==,2,,20220814000000,99990,0,,2201,2201,0,Y,Y,N,N,
20,25,0,000000000418,,1,,20220814000000,99990,0,,2301,,0,Y,Y,N,N,
21,26,1,199545,06b38Zl2LAs80jNZkLCFTw==,2,,20220419000000,99990,0,,2201,,0,Y,Y,N,N,
22,27,0,000000095501,,8,,20220419141136,99990,1,,2303,,1,N,N,N,N,
23,28,0,0ZY000000001,pn8F+57R2j8TEYbw5d5cDA==,8,,20220419150242,99990,1,,2303,,1,N,N,N,N,
24,29,0,000020220418,5STXCKHIAbU601xgefrL9Q==,9,,20221011000000,99990,0,,2401,,0,Y,Y,N,N,
25,30,3,000000220419,Y3h9DWbUjCLdlBydkEVNRw==,3,,20220419000000,99990,0,,22,,0,Y,Y,N,N,
26,31,3,000000220420,G17gQSm7Kh2jSXp0K3kfQg==,5,,20220419000000,99990,0,999991100,2302,2301,0,Y,Y,N,N,
24,32,0,000020220419,5STXCKHIAbU601xgefrL9Q==,9,,20220801000000,99990,0,,2401,,0,Y,Y,N,N,
24,33,0,000020220420,5STXCKHIAbU601xgefrL9Q==,9,,20220801000000,99990,0,,2401,,0,Y,Y,N,N,
27,34,0,000020220415,,1,,20220419000000,99990,0,,2301,,0,Y,Y,N,N,
28,35,1,TESTFUT,lGkIh6JV+OpexSB41hzp8g==,2,,20220906000000,99990,0,,2201,,0,Y,Y,N,N,
28,35,0,TESTPT,,1,,20220906000000,99990,0,,2301,,0,Y,Y,N,N,
29,39,1,202204191791,guWYKQbHyOCXC8gFPFrlGQ==,5,,20220516000000,99990,1,,2302,,0,Y,Y,N,N,
29,39,0,202204191793,guWYKQbHyOCXC8gFPFrlGQ==,5,,20220516000000,99990,1,,2302,,0,Y,Y,N,N,
29,40,1,202204191789,,2,,20220419000000,99990,0,,2201,,0,Y,Y,N,N,
29,40,0,202204191790,,1,,20220419000000,99990,0,,2301,,0,Y,Y,N,N,
30,41,0,TESTA,,9,,20220907000000,99990,0,,2401,,0,Y,Y,N,N,
30,41,1,TESTA1,,9,,20220907000000,99990,0,,2401,,0,Y,Y,N,N,
31,42,0,000020220223,,9,,20220427000000,99990,0,,2401,,0,Y,Y,N,N,
31,42,1,000020220427,,9,,20220427000000,99990,0,,2401,,0,Y,Y,N,N,
32,43,0,000020220225,,9,,20220420000000,99990,0,,2401,,0,Y,Y,N,N,
33,44,0,000020220226,,9,,20220420000000,99990,0,,2401,,0,Y,Y,N,N,
34,45,0,000020220228,,3,,20220420000000,99990,0,,22,,0,Y,Y,N,N,
35,46,0,000020220229,,3,,20220420000000,99990,0,,22,,0,Y,Y,N,N,
36,47,3,000020220230,,3,,20220420000000,99990,0,,22,2401,0,Y,Y,N,N,
37,48,0,000000000997,Wulkke75gLFd6WOVPH1Arg==,5,,20220420000000,99990,0,,2302,,0,Y,Y,N,N,
38,49,0,000000001026,pMT5J2tckMZiogRD6dWDiw==,5,,20220420000000,99990,0,,2302,,0,Y,Y,N,N,
39,50,3,000000220216,9wEhe5xE2upUzWkh2cghYA==,5,,20220420000000,99990,0,,2302,,0,Y,Y,N,N,
40,51,0,TESTB,,3,,20220616000000,99990,0,,22,,0,Y,Y,N,N,
40,51,1,TESTB1,,3,,20220616000000,99990,0,,22,,0,Y,Y,N,N,
31,53,0,000020220224,,9,,20220628000000,99990,0,,2401,,0,Y,Y,N,N,
33,54,0,000020220227,,9,,20220420000000,99990,0,,2401,,0,Y,Y,N,N,
42,56,3,ylcs2001,Vi6UUa2r7mIq4cMZq7uhng==,9,,20220420000000,99990,0,,2401,2401,0,Y,Y,N,N,
43,58,3,ylcs2002,,1,,20220420000000,99990,0,,2301,,0,Y,Y,N,N,
44,59,0,000000000111,zT0hkVDpDwtXUpg5re7Jgg==,5,,20220425000000,99990,0,,2302,,0,Y,Y,N,N,
44,59,1,000000000113,zT0hkVDpDwtXUpg5re7Jgg==,5,,20220425000000,99990,0,,2302,,0,Y,Y,N,N,
45,60,1,000020220416,,2,,20220420000000,99990,0,,2201,,0,Y,Y,N,N,
46,62,0,000000000974,uTrTJID5chKTi/CGfL1F4Q==,5,,20220420000000,99990,0,,2302,,0,Y,Y,N,N,
46,62,1,000000000976,uTrTJID5chKTi/CGfL1F4Q==,5,,20220420000000,99990,0,,2302,,0,Y,Y,N,N,
47,64,0,ylcs2003,,9,,20220420000000,99990,0,,2401,,0,Y,Y,N,N,
48,66,0,ylcs2004,,1,,20220929000000,99990,0,,2301,,0,Y,Y,N,N,
49,67,3,202205181798,rATjWZT+FYeyZuSHkEQPgw==,11,,20220518000000,99990,0,,2406,,0,Y,Y,N,N,
50,68,0,7700000421,,1,,20220421102639,99990,1,,2301,,1,N,N,N,N,
51,69,1,000000008686,,2,,20220421000000,99990,0,,2201,,0,Y,Y,N,N,
52,70,0,000000001998,G17gQSm7Kh2jSXp0K3kfQg==,1,,20220421111800,99990,1,,2301,,1,N,N,N,N,
53,71,0,000020220420,DcC60AKReclNg4GHbvfjZg==,9,,20220801000000,99990,0,,2401,,0,Y,Y,N,N,
15,72,1,000000054323,,2,,20220422000000,99990,0,,2201,,0,Y,Y,N,N,
54,74,1,000000054321,,2,,20220422000000,99990,0,,2201,,0,Y,Y,N,N,
54,74,0,000000012345,,1,,20220422000000,99990,0,,2301,,0,Y,Y,N,N,
23,79,0,890111000001,TSZKuYxEY18nT3fkjVckLg==,8,,20220424000000,99990,0,,2303,,0,Y,Y,N,N,
58,81,0,7700000424,haFdRNU4jKGzJ2EpiaCTIg==,1,,20220424135825,99990,1,,2301,,1,N,N,N,N,
59,82,0,890111000003,6c0jB8fvgU809rHLw8f+SQ==,8,,20220425164428,99990,1,,2303,,1,N,N,N,N,
60,83,3,TEST2,kUnpAcDIlhFuwyX61sXLUQ==,11,,20220426000000,99990,0,,2406,3004,0,Y,Y,N,N,
61,84,0,000000023456,,9,,20220427000000,99990,0,,2401,,0,Y,Y,N,N,
62,85,3,000000034567,,3,,20220427000000,99990,0,,22,,0,Y,Y,N,N,
63,86,3,000000045678,,5,,20220427000000,99990,0,,2302,,0,Y,Y,N,N,
65,88,0,100000012345,,3,,20220428000000,99990,0,,22,,0,Y,Y,N,N,
66,89,0,199800000000,HkF39F/l+jz7jgGMPCXSGA==,13,,20220428145416,99990,1,,2305,,1,N,N,N,N,
67,90,0,000000007329,961cgYzdktzh92zjHODwmg==,13,,20220428170023,99990,1,,2305,,1,N,N,N,N,
68,91,0,ycfk01,G17gQSm7Kh2jSXp0K3kfQg==,1,,20220429102259,99990,1,,2301,,1,N,N,N,N,
69,92,0,890111000004,vGnBvnCR1nJul/3HnivjQw==,13,,20220705000000,99990,1,,2305,,0,Y,Y,N,N,
70,93,1,194978,Z/tz6kEqoGYP+jQ8hO8AWaxvMjMrRUR3a+B0PVNGdME=,6,,20220429000000,99990,0,,2202,,0,Y,Y,N,N,
71,95,0,112233445566,zUmLjxj/mWrPl1jErEWjfQ==,1,,20220430000000,99990,0,,2301,,0,Y,Y,N,N,
72,97,0,ylcs2005,,14,,20220504000000,99990,0,,2701,,0,Y,Y,N,N,
73,99,3,ylcs2006,,9,,20220504000000,99990,0,,2401,2401,0,Y,Y,N,N,
74,101,3,ylcs2007,,1,,20220504000000,99990,0,,2301,,0,Y,Y,N,N,
75,102,0,000000007733,u+7aFccqdfGZcQWIdQEGBA==,15,,20220506181152,99990,1,,2306,,1,N,N,N,N,
76,103,0,000000008712,wjeKG+S7Axa2VuUQtueXXg==,15,,20220506181741,99990,1,,2306,,1,N,N,N,N,
77,104,3,202205091797,,3,,20220509000000,99990,0,,22,,0,Y,Y,N,N,
77,105,0,202205091798,,9,,20220509000000,99990,0,,2401,,0,Y,Y,N,N,
77,106,3,202205091796,,3,,20220509000000,99990,0,,22,,0,Y,Y,N,N,
78,107,0,202205101799,,9,,20220510000000,99990,0,,2401,,0,Y,Y,N,N,
79,108,3,202205101798,,3,,20220510000000,99990,0,,22,,0,Y,Y,N,N,
80,109,3,202205101797,,3,,20220510000000,99990,0,,22,,0,Y,Y,N,N,
81,110,0,000621923342,,13,,20220511140230,99990,1,,2305,,1,N,N,N,N,
82,111,0,A00621923342,2bBg6GpcJNGzlEpEsaFQjg==,15,,20220511140604,99990,1,,2306,,1,N,N,N,N,
83,112,0,000621923342,IhdIVkfS/npmfu93MvDAQw==,15,,20220511140810,99990,1,,2306,,1,N,N,N,N,
84,113,0,000020220511,Y3dfPCzFKNLSZptjJdSJSw==,1,,20220511000000,99990,0,,2301,,0,Y,Y,N,N,
29,114,3,202204191792,HVl7eNfnJelwa67oJ8gO7Z3zWHIPJ4wHwCjcyDuVPKI=,5,,20220516000000,99990,0,,2302,,0,Y,Y,N,N,
85,115,0,000020220517,,3,,20220524000000,99990,0,,22,,0,Y,Y,N,N,
85,115,1,000020220518,,3,,20220524000000,99990,0,,22,,0,Y,Y,N,N,
86,116,1,000020220520,,2,,20220524000000,99990,0,,2201,,0,Y,Y,N,N,
86,116,0,000020220519,,1,,20220524000000,99990,0,,2301,,0,Y,Y,N,N,
87,117,0,000020220521,,3,,20221011000000,99990,0,,22,,0,Y,Y,N,N,
87,117,1,000020220522,,3,,20221011000000,99990,0,,22,,0,Y,Y,N,N,
88,118,3,000020220523,,3,,20220524000000,99990,0,,22,,0,Y,Y,N,N,
88,118,1,000020220524,,3,,20220524000000,99990,0,,22,,0,Y,Y,N,N,
89,119,1,000020220526,,2,,20220524000000,99990,0,,2201,,0,Y,Y,N,N,
89,119,3,000020220525,,1,,20220524000000,99990,0,,2301,,0,Y,Y,N,N,
90,120,0,000020220527,Op0kkeRURWnrIz8dW2IKQw==,3,,20220524000000,99990,0,,22,,0,Y,Y,N,N,
91,121,1,000020220528,,3,,20220524000000,99990,0,,22,,0,Y,Y,N,N,
92,122,0,000020220529,,1,,20220524000000,99990,0,,2301,,0,Y,Y,N,N,
93,123,1,000020220530,,2,,20220524000000,99990,0,,2201,,0,Y,Y,N,N,
94,124,0,000020220531,,3,,20220524000000,99990,0,,22,,0,Y,Y,N,N,
95,125,3,000020220532,,3,,20220524000000,99990,0,,22,,0,Y,Y,N,N,
96,126,3,000020220533,,1,,20220524000000,99990,0,,2301,,0,Y,Y,N,N,
97,127,0,100000023456,YCxZOZ3qHym02aWUF1uJVw==,9,,20220525000000,99990,0,,2401,,0,Y,Y,N,N,
98,128,3,100000034567,Cuzci1tx83ttiTxRNr9XjQ==,3,,20220525000000,99990,0,,22,,0,Y,Y,N,N,
99,129,3,100000045678,3IA9nRVeR00HDCQz2a/JJg==,5,,20220525000000,99990,0,,2302,,0,Y,Y,N,N,
100,130,3,900200560,Hada/AGoibgnfpMGja4KEg==,16,,20220526000000,99990,0,,2403,,0,Y,Y,N,N,
100,131,3,900200560,Hada/AGoibgnfpMGja4KEg==,16,,20220526000000,99990,0,,2403,,0,Y,Y,N,N,
101,132,0,77000000526,sB9ugMiwSIDsCLXlyY57aA==,1,,20220722000000,99990,1,,2301,,0,Y,Y,N,N,
102,133,0,12344555556666666,,1,,20220527000000,99990,0,,2301,,0,Y,Y,N,N,
103,134,1,202860,zoNHsQ3tXKTVly8w7KrG6XYLKNW2ZxXTj6hoXTvNZIE=,6,,20220527150137,99990,1,,2202,,1,N,N,N,N,
105,135,1,77000000526,haFdRNU4jKGzJ2EpiaCTIg==,2,,20220601162229,99990,1,,2201,,1,N,N,N,N,
107,137,1,990000006015,8g92v6qcf//g7KJcPP9fmQ==,2,,20220601000000,99990,0,,2201,,0,Y,Y,N,N,
107,137,0,88000000601,8g92v6qcf//g7KJcPP9fmQ==,1,,20220601000000,99990,1,,2301,,0,Y,Y,N,N,
109,140,0,888888,,4,,20220605000000,99990,0,,2405,,0,Y,Y,N,N,
110,141,0,999hazelB,,3,,20220606000000,99990,0,,22,,0,Y,Y,N,N,
113,144,1,770000000607,haFdRNU4jKGzJ2EpiaCTIg==,2,,20220607102520,haha000,1,,2201,,1,N,N,N,N,
115,146,1,880000000066,,2,,20220607000000,99990,0,,2201,,0,Y,Y,N,N,
115,146,0,770000000066,,1,,20220607000000,99990,1,,2301,,0,Y,Y,N,N,
116,147,0,000000001120,,15,,20220607212228,99990,1,,2306,,1,N,N,N,N,
117,148,0,123456,bOT+El5n+8qcpcUEUf6mKA==,4,,20220608000000,99990,0,,2405,,0,Y,Y,N,N,
118,149,0,1120,,1,,20220608163520,99990,1,,2301,,1,N,N,N,N,
121,152,3,CREDIThazelC,,1,,20220609000000,99990,0,,2301,,0,Y,Y,N,N,
110,153,3,CREDIThazelB,,3,,20220609000000,99990,0,,22,,0,Y,Y,N,N,
125,157,0,02-0273469-24,,18,,20220628000000,99990,0,,2501,,0,Y,Y,N,N,
126,158,0,02-0273469-24,,19,,20220627000000,99990,0,,2502,,0,Y,Y,N,N,
127,159,0,02-0273469-24,,20,,20220630000000,99990,0,,2503,,0,Y,Y,N,N,
128,160,3,202206271798,,5,,20220627000000,99990,0,,2302,,0,Y,Y,N,N,
129,161,0,test,,18,,20220628000000,99990,0,,2501,,0,Y,Y,N,N,
130,162,0,test,,18,,20220628000000,99990,0,,2501,,0,Y,Y,N,N,
131,163,0,test,,18,,20220628000000,99990,0,,2501,,0,Y,Y,N,N,
132,164,0,FIXAC-TEST-ACCTID,,9,,20220802000000,99990,0,,2401,,0,Y,Y,N,N,
133,165,0,000000006300,,1,,20220630000000,99990,1,,2301,,0,Y,Y,N,N,
134,166,3,20018505,WFZJ+N4N0QnupfsSpGyPcA==,16,,20220701000000,99990,0,,2403,,0,Y,Y,N,N,
135,167,3,20018505,Aps5Uu3FXwpr1hf+pgP8gA==,21,,20220701175713,99990,1,,2407,,1,N,N,N,N,
136,168,3,22978488,VQYyXylS4ANJ+PgeO+dVxg==,22,,20220915000000,99990,1,,2408,,0,Y,Y,N,N,
132,169,0,09222834,,9,,20220706000000,99990,0,,2401,,0,Y,Y,N,N,
137,170,3,02-0273469-24,,23,,20220706000000,99990,0,,2504,,0,Y,Y,N,N,
138,171,0,,,0,,20220707165221,99990,1,,,,1,N,N,N,N,
139,172,3,20018505,VTfF2XA7AkHEnoyzJ8yICQ==,24,,20220711175249,99990,1,,2410,,1,N,N,N,N,
140,173,2,4444,,31,,20220916000000,gscfskk,1,,2201,,1,N,N,N,N,
140,173,1,0000,,12,,20220712102034,99990,1,,3004,,1,N,N,N,N,
140,174,0,20220901,,29,,20220916000000,gscfskk,1,,2413,,1,N,N,N,N,
141,176,1,0001,,2,,20220712000000,99990,0,,2201,,0,Y,Y,N,N,
142,177,1,0712,,2,,20220718000000,99990,0,,2201,,0,Y,Y,N,N,
143,178,1,0718,,2,,20220718102636,99990,1,,2201,,1,N,N,N,N,
143,179,1,0718,,2,,20220718000000,99990,1,,2201,,0,Y,Y,N,N,
144,180,0,000020220718,mMzoGWuPW/quDtD97K5pzg==,9,,20220718000000,99990,0,,2401,,0,Y,Y,N,N,
146,182,3,000000220718,74rHzTnV+ETZTJbLz568Vg==,3,,20220728000000,99990,0,,22,,0,Y,Y,N,N,
147,183,3,000000220719,G17gQSm7Kh2jSXp0K3kfQg==,3,,20220718000000,99990,0,,22,,0,Y,Y,N,N,
148,184,0,000000890111,vnMglWmSFMZ8+N4Zd6kIug==,9,,20220718000000,99990,0,,2401,,0,Y,Y,N,N,
149,185,3,000000890112,xJg9TOQ/xthLxrOy8KB4Sw==,3,,20220718000000,99990,0,,22,,0,Y,Y,N,N,
150,186,3,000000890113,SbTPveSvJUvirG30pyvF/Q==,3,,20220718000000,99990,0,,22,,0,Y,Y,N,N,
151,187,0,2022071800001,,9,,20220718000000,99990,0,,2401,,0,Y,Y,N,N,
152,188,0,202207180002,,9,,20220718000000,99990,0,,2401,,0,Y,Y,N,N,
144,189,0,000020220719,,9,,20220718000000,99990,0,,2401,,0,Y,Y,N,N,
153,190,3,202207180003,,3,,20220718000000,99990,0,,22,,0,Y,Y,N,N,
154,191,3,202207180007,,3,,20220718000000,99990,0,,22,,0,Y,Y,N,N,
155,192,3,800190021025,T5abhfQaZV2Fa6MKGCDFxQ==,25,,20220718000000,99990,0,,2412,,0,Y,Y,N,N,
156,193,3,8009176777,kUnpAcDIlhFuwyX61sXLUQ==,11,,20220719000000,99990,0,,2406,,0,Y,Y,N,N,
157,194,3,12988881,zm2zhkZgQRCUby0aAOK3tw==,3,,20220719000000,99990,0,,2411,,0,Y,Y,N,N,
158,195,3,900200560,og1HLmkmWXD3YQLAi/Lb0g==,27,,20220719000000,99990,0,,2409,,0,Y,Y,N,N,
159,196,3,900020116,/itM2Y4Tj8wQlnv8Qs8jTg==,27,,20220719000000,99990,0,,2409,,0,Y,Y,N,N,
160,197,3,12988883,1NxI6nW1uH18m+M+cM9izw==,26,,20220720000000,99990,0,,2411,,0,Y,Y,N,N,
15,198,1,000000054322,,2,,20220721000000,99990,0,,2201,,0,Y,Y,N,N,
161,199,0,800000000721,Op0kkeRURWnrIz8dW2IKQw==,3,,20220721194834,99990,1,,22,,1,N,N,N,N,
162,200,0,900000000721,Op0kkeRURWnrIz8dW2IKQw==,1,,20220721195356,99990,1,,2301,,1,N,N,N,N,
163,201,3,000020220728,,3,,20220728000000,99990,1,,22,22,1,N,N,N,N,
164,202,3,000000220728,UpJoNFYOiCF6bPBAEsjhsA==,3,,20220728000000,99990,0,,22,,0,Y,Y,N,N,
165,203,3,000000220729,G17gQSm7Kh2jSXp0K3kfQg==,26,,20220728000000,99990,0,,2411,,0,Y,Y,N,N,
166,204,0,000020220728,QN4ytALKNBr621NudxgCtg==,9,,20220728000000,99990,0,,2401,,0,Y,Y,N,N,
167,205,0,00020220728,,9,,20220905000000,99990,0,,2401,,0,Y,Y,N,N,
168,206,0,000000220278,,9,,20220728000000,99990,0,,2401,,0,Y,Y,N,N,
169,207,0,770000000729,Op0kkeRURWnrIz8dW2IKQw==,3,,20220729103414,99990,1,,22,,1,N,N,N,N,
170,208,0,880000000729,Op0kkeRURWnrIz8dW2IKQw==,3,,20220729103901,99990,1,,22,,1,N,N,N,N,
171,209,0,990000000729,Op0kkeRURWnrIz8dW2IKQw==,1,,20220729104324,99990,1,,2301,,1,N,N,N,N,
172,210,0,000020220729,,9,,20220729000000,99990,0,,2401,,0,Y,Y,N,N,
173,211,3,000020220730,,28,,20220729000000,99990,0,,22,,0,Y,Y,N,N,
174,212,3,83997792,GDSSiGE4Qvtv6L4WdIku1w==,22,,20220915000000,99990,0,,2408,,0,Y,Y,N,N,
175,213,3,000000220730,fvpq9Xw8+vilJBZotF8wOg==,3,,20220729000000,99990,0,,22,,0,Y,Y,N,N,
175,214,3,000020220801,fvpq9Xw8+vilJBZotF8wOg==,3,,20220730000000,99990,0,,22,,0,Y,Y,N,N,
176,215,0,0050000845,UZi2j3ONNI8FKCJR0Nk/4A==,29,,20220802000000,99990,0,,2413,,0,Y,Y,N,N,
177,216,0,10012345,,1,,20220812000000,ZDzd1,1,,2301,2301,0,Y,Y,N,N,
179,218,0,123123,,9,,20220808000000,99990,0,,2401,,0,Y,Y,N,N,
180,219,3,123456,,28,,20220808000000,99990,0,,22,,0,Y,Y,N,N,
181,220,3,123789,,26,,20220808000000,99990,0,,2411,,0,Y,Y,N,N,
183,222,0,000020220810,,9,,20220810000000,99990,0,,2401,,0,Y,Y,N,N,
185,224,0,89962446,,1,,20220808000000,99990,0,,2301,,0,Y,Y,N,N,
186,226,3,202208041504,,1,,20220808000000,99990,0,,2301,,0,Y,Y,N,N,
188,229,0,20220808215219,,1,,20220808000000,99990,0,,2301,,0,Y,Y,N,N,
189,230,3,202208081526,,1,,20220808000000,99990,0,,2301,,0,Y,Y,N,N,
190,232,3,202208081532,,1,,20220808000000,99990,0,,2301,,0,Y,Y,N,N,
191,233,0,20228902,,9,,20220809000000,99990,1,,2401,,1,N,N,N,N,
192,234,3,000202208103,,3,,20220810000000,99990,1,,22,,0,Y,Y,N,N,
193,235,1,0808,,2,,20220809000000,99990,0,,2201,,0,Y,Y,N,N,
193,236,1,0808,,2,,20220809000000,99990,0,,2201,,0,Y,Y,N,N,
194,237,1,0809,,28,,20220809151714,99990,1,,22,,1,N,N,N,N,
194,238,1,0809,,28,,20220809000000,99990,1,,22,,0,Y,Y,N,N,
196,240,0,20220810,,1,,20220810000000,99990,0,,2301,,0,Y,Y,N,N,
197,241,3,20220811,,1,,20220810000000,99990,0,,2301,,0,Y,Y,N,N,
198,242,3,20220812,,1,,20220810000000,99990,0,,2301,,0,Y,Y,N,N,
199,243,0,9999999999,,1,,20220811000000,99990,1,,2301,2301,1,N,N,N,N,
199,244,0,9999999999,,1,,20220811000000,99990,1,,2301,2301,1,N,N,N,N,
200,245,0,000020220811,,9,,20220811000000,99990,0,,2401,,0,Y,Y,N,N,
201,246,0,000020220812,,9,,20220811000000,99990,0,,2401,,0,Y,Y,N,N,
202,247,0,000020220813,,9,,20220905000000,99990,0,,2401,,0,Y,Y,N,N,
203,248,0,000020220814,,9,,20220811000000,99990,0,,2401,,0,Y,Y,N,N,
204,249,3,000020220815,,28,,20220811000000,99990,0,,22,,0,Y,Y,N,N,
205,250,0,000020220816,,28,,20220811000000,99990,0,,22,,0,Y,Y,N,N,
206,251,3,000020220817,,28,,20220811000000,99990,0,,22,,0,Y,Y,N,N,
207,252,0,000020220818,,28,,20220811000000,99990,0,,22,,0,Y,Y,N,N,
208,253,3,000020220819,,28,,20220830000000,99990,0,,22,,0,Y,Y,N,N,
209,254,0,000020220820,,28,,20220811000000,99990,0,,22,,0,Y,Y,N,N,
210,255,3,000020220821,,28,,20220811000000,99990,0,,22,,0,Y,Y,N,N,
211,256,0,000020220822,,28,,20220811000000,99990,0,,22,,0,Y,Y,N,N,
212,257,3,000020220823,,1,,20220811000000,99990,0,,2301,,0,Y,Y,N,N,
213,258,0,000020220824,,1,,20220811000000,99990,0,,2301,,0,Y,Y,N,N,
214,259,0,81501,,9,,20220815000000,99990,0,,2401,,0,Y,Y,N,N,
215,260,3,81502,,28,,20220815000000,99990,0,,22,,0,Y,Y,N,N,
216,261,3,81503,,26,,20220815000000,99990,0,,2411,,0,Y,Y,N,N,
217,262,0,000020220815,xjcKJfJeQ/+e9eZ1FBpx0Q==,19,,20220815000000,99990,0,,2502,,0,Y,Y,N,N,
218,263,0,888820220815,yH7vO7yQ+ZPgJZihPZKtYg==,1,,20220815000000,99990,0,,2301,,0,Y,Y,N,N,
219,264,0,100020220815,4DUgqG9/yxXcdAjenKTOqA==,18,,20220815000000,99990,0,,2501,,0,Y,Y,N,N,
220,265,3,20012346,,3,,20220915000000,99990,1,,22,,1,N,N,N,N,
221,266,3,30012346,,1,,20220915000000,99990,1,,2301,,1,N,N,N,N,
223,268,0,0240000116,gMGzKOrPub96YKz38BHT6Q==,29,,20220819000000,99990,0,,2413,,0,Y,Y,N,N,
225,270,0,002022092701,MqTQvIbGiWNkaZpRNwawgQ==,5,,20220927000000,99990,0,,2302,,0,Y,Y,N,N,
226,271,3,30500531,,29,,20220820220546,99990,1,,2413,,1,N,N,N,N,
227,272,3,60500531,,9,,20220820221348,99990,1,,2401,,1,N,N,N,N,
229,274,0,10888609,FeHd7+Uv96AQH6IZqS0Ufg==,30,,20220920000000,99990,0,,2415,,0,Y,Y,N,N,
230,275,0,000020228201,,1,,20220823000000,99990,0,,2301,,0,Y,Y,N,N,
231,277,0,000000001159,,1,,20221011000000,99990,1,,2301,,0,Y,Y,N,N,
233,280,0,20220825001,,1,,20220825000000,99990,1,,2301,2301,1,N,N,N,N,
2,285,1,10500531,G+ah6zJ/hz9GSmZOS3KRjA==,2,,20220825000000,99990,1,,2201,,1,N,N,N,N,
2,286,1,10500531,G+ah6zJ/hz9GSmZOS3KRjA==,2,,20220825000000,99990,1,,2201,,1,N,N,N,N,
239,296,3,99900005,,9,,20220906000000,99990,0,,2401,,0,Y,Y,N,N,
239,297,3,99900004,Mf5+bzW/EC6f4Lb7QL8tlQ==,9,,20220906000000,99990,0,,2401,,0,Y,Y,N,N,
240,298,3,88800004,5STXCKHIAbU601xgefrL9Q==,28,,20220906000000,99990,1,,22,,0,Y,Y,N,N,
241,299,3,66600002,tCBw0VBah2ZfySbnFk90rg==,1,,20220906000000,99990,1,,2301,,0,Y,Y,N,N,
242,300,0,20220830,,1,,20220829000000,99990,0,,2301,,0,Y,Y,N,N,
243,301,0,20220831,,1,,20221011000000,99990,0,,2301,,0,Y,Y,N,N,
242,303,0,20220832,,1,,20220829000000,99990,0,,2301,,0,Y,Y,N,N,
242,304,0,20220833,,1,,20220829000000,99990,1,,2301,,0,Y,Y,N,N,
245,305,0,202200001158,,1,,20221011000000,99990,1,,2301,,0,Y,Y,N,N,
231,306,0,000000001158,,2,,20220829000000,99990,1,,2901,2901,1,N,N,N,N,
242,307,0,20220834,,1,,20220829000000,99990,1,,2301,2301,1,N,N,N,N,
231,308,0,000000001162,BwK4R8PhreXwe7WlVm63Hw==,5,,20220829000000,99990,1,,2302,2302,1,N,N,N,N,
231,309,0,202200001161,,1,,20220829000000,99990,1,,2301,2301,1,N,N,N,N,
246,312,3,20220836,,1,,20220829000000,99990,1,,2301,,0,Y,Y,N,N,
247,313,0,05110829,,1,,20220829000000,99990,1,,2301,2301,1,N,N,N,N,
246,314,3,20220837,,1,,20220829000000,99990,1,,2301,2301,1,N,N,N,N,
243,315,0,20220838,,1,,20220829000000,99990,1,,2301,2301,1,N,N,N,N,
247,316,0,05110830,,1,,20220829000000,99990,1,,2301,2301,1,N,N,N,N,
248,317,0,2022083001,,1,,20220829000000,99990,1,,2301,2301,1,N,N,N,N,
248,317,2,zllggqq,,1,,20220916000000,99990,1,,2301,2301,1,N,N,N,N,
248,318,1,2022083002,,1,,20220902000000,99990,1,,2301,,0,Y,Y,N,N,
240,319,3,88800005,,28,,20221011000000,99990,0,,22,,0,Y,Y,N,N,
136,320,3,001,,1,,20220915000000,99990,0,,2301,,0,Y,Y,N,N,
249,321,0,202200001011,,1,,20220830000000,99990,1,,2301,2301,1,N,N,N,N,
2,324,3,30500531,,29,,20220831000000,99990,0,,2413,,0,Y,Y,N,N,
253,326,0,830jy,,1,,20220830000000,99990,1,,2301,2301,1,N,N,N,N,
254,327,0,20220840,,1,,20220830000000,99990,1,,2301,2301,1,N,N,N,N,
255,328,0,20220841,,1,,20220830000000,99990,1,,2301,2301,1,N,N,N,N,
247,329,0,101178,,1,,20220830000000,99990,1,,2301,2301,1,N,N,N,N,
256,330,0,885692012,,1,,20220830000000,99990,1,,2301,2301,1,N,N,N,N,
248,331,2,zll789,,1,,20220830000000,99990,1,,2301,2301,1,N,N,N,N,
257,332,0,52525252,,1,,20220831000000,99990,0,,2301,,0,Y,Y,N,N,
258,333,0,898989,,1,,20220831000000,99990,0,,2301,,0,Y,Y,N,N,
259,334,0,252525,,1,,20220831000000,99990,1,,2301,,0,Y,Y,N,N,
261,336,0,5266666,,1,,20220831000000,99990,1,,2301,,1,N,N,N,N,
262,337,3,000020220834,,1,,20220831000000,99990,0,,2301,,0,Y,Y,N,N,
262,338,2,000020220833,,31,,20220831000000,99990,0,,2201,,0,Y,Y,N,N,
262,338,0,000020220831,,1,,20220831000000,99990,0,,2301,,0,Y,Y,N,N,
263,339,1,000020220832,,1,,20220831000000,99990,0,,2301,,0,Y,Y,N,N,
264,340,0,111,,1,,20220831000000,99990,1,,2301,,1,N,N,N,N,
265,341,0,45644,,1,,20220831000000,99990,1,,2301,,1,N,N,N,N,
266,342,0,156,,1,,20220831000000,99990,0,,2301,,0,Y,Y,N,N,
267,343,0,267,,1,,20220831000000,99990,1,,2301,,1,N,N,N,N,
269,345,0,hg2llx1,,1,,20220902000000,hg2llx,1,,2301,,1,N,N,N,N,
270,346,0,2222,,1,,20220831000000,99990,1,,2301,,1,N,N,N,N,
271,347,0,000120220831,,1,,20220831000000,99990,1,,2301,,0,Y,Y,N,N,
272,348,0,000220220831,,1,,20221011000000,99990,1,,2301,,0,Y,Y,N,N,
248,350,0,122735,,2,,20220831000000,99990,1,,2901,,1,N,N,N,N,
274,351,0,2020,,1,,20220831000000,99990,1,,2301,,0,Y,Y,N,N,
276,353,0,276,,1,,20220831000000,99990,1,,2301,,1,N,N,N,N,
248,354,3,12273501,,1,,20220831000000,99990,1,,2301,,1,N,N,N,N,
248,355,0,zll888,,1,,20220831000000,99990,1,,2301,,1,N,N,N,N,
248,356,1,zllqh,,1,,20220902000000,99990,1,,2301,,0,Y,Y,N,N,
248,357,2,zllggqq,,1,,20220831000000,99990,1,,2301,2301,1,N,N,N,N,
248,358,3,zllxyzh,,1,,20220831000000,99990,1,,2301,2301,1,N,N,N,N,
248,359,0,zllxh3,,1,,20220831000000,99990,1,,2301,,1,N,N,N,N,
278,362,0,20220901,,1,,20220901000000,99990,1,,2301,,1,N,N,N,N,
279,363,3,79197239,i+BIGBA8tRtK7tw0VGLLyw==,1,,20220915000000,99990,0,,2301,,0,Y,Y,N,N,
280,365,0,20220902,,1,,20220901000000,99990,1,,2301,,1,N,N,N,N,
281,366,0,A202291,,5,,20220901000000,99990,1,,2302,,1,N,N,N,N,
282,367,0,5622,,1,,20220901000000,99990,1,,2301,,1,N,N,N,N,
283,368,0,2544,,1,,20220901000000,99990,1,,2301,,1,N,N,N,N,
283,369,0,2544,,1,,20220901000000,99990,1,,2301,,1,N,N,N,N,
284,370,0,20221703,,1,,20220901000000,99990,1,,2301,,1,N,N,N,N,
283,371,0,123,,1,,20220901000000,99990,1,,2301,,1,N,N,N,N,
283,372,0,123,,1,,20220901000000,99990,1,,2301,,1,N,N,N,N,
283,373,0,2544,,1,,20220901000000,99990,1,,2301,,1,N,N,N,N,
283,375,0,123,,1,,20220901000000,99990,1,,2301,,1,N,N,N,N,
283,376,0,123,,1,,20220901000000,99990,1,,2301,,1,N,N,N,N,
286,377,0,98666,,1,,20220901000000,99990,1,,2301,,1,N,N,N,N,
288,379,0,llx2,,1,,20220902000000,99990,1,,2301,,1,N,N,N,N,
289,380,0,20220948,,1,,20220902000000,99990,1,,2301,,0,Y,Y,N,N,
290,381,0,58585858,,1,,20220902000000,99990,1,,2301,,1,N,N,N,N,
291,382,0,298,,1,,20220902000000,99990,1,,2301,,1,N,N,N,N,
292,383,0,1826,,1,,20220906000000,99990,1,,2301,,1,N,N,N,N,
256,385,0,89898910,,5,,20220929000000,99990,1,,2302,,1,N,N,N,N,
294,386,0,330001,4KxjR/U2KkMz95ny+x/G6A==,1,,20220902000000,99990,1,,2301,,0,Y,Y,N,N,
297,389,0,26333,,1,,20220902000000,99990,1,,2301,,1,N,N,N,N,
298,390,0,25666,,1,,20220902000000,99990,1,,2301,,1,N,N,N,N,
298,391,0,25666,,1,,20220902000000,99990,1,,2301,,1,N,N,N,N,
299,392,0,36655,,1,,20220902000000,99990,1,,2301,,1,N,N,N,N,
300,393,0,78555,,1,,20220902000000,99990,1,,2301,,1,N,N,N,N,
301,394,0,2566333,,1,,20220902000000,99990,0,,2301,,0,Y,Y,N,N,
302,395,0,initllx01,,1,,20220902000000,99990,1,,2301,,1,N,N,N,N,
303,396,0,455555,,1,,20220902000000,99990,1,,2301,,1,N,N,N,N,
303,397,0,455555,,1,,20220902000000,99990,1,,2301,,1,N,N,N,N,
303,398,0,455555,,1,,20220902000000,99990,1,,2301,,1,N,N,N,N,
303,399,0,455555,,1,,20220902000000,99990,1,,2301,,1,N,N,N,N,
303,400,0,455555,,1,,20220902000000,99990,1,,2301,,1,N,N,N,N,
303,401,0,455555,,1,,20220902000000,99990,1,,2301,,1,N,N,N,N,
304,402,0,356666,,1,,20220902000000,99990,1,,2301,,1,N,N,N,N,
305,403,0,20221010,,1,,20220902000000,99990,1,,2301,2301,1,N,N,N,N,
306,404,0,initllx2,,1,,20220902000000,99990,1,,2301,,1,N,N,N,N,
304,405,0,356666,,1,,20220902000000,99990,1,,2301,,1,N,N,N,N,
304,406,0,356666,,1,,20220902000000,99990,1,,2301,,1,N,N,N,N,
304,407,0,112,,1,,20220902000000,99990,1,,2301,2301,1,N,N,N,N,
249,408,3,20221903,,1,,20220902000000,99990,1,,2301,,1,N,N,N,N,
304,409,0,356666,,1,,20220902000000,99990,1,,2301,,1,N,N,N,N,
304,410,0,356666,,1,,20220902000000,99990,1,,2301,,1,N,N,N,N,
304,411,0,112,,1,,20220902000000,99990,1,,2301,2301,1,N,N,N,N,
304,412,0,356666,,1,,20220902000000,99990,1,,2301,,0,Y,Y,N,N,
307,413,0,003,,1,,20220902000000,99990,1,,2301,,1,N,N,N,N,
308,414,0,898989,,1,,20220902000000,99990,1,,2301,,1,N,N,N,N,
253,415,0,505066,,1,,20220902000000,99990,1,,2301,,1,N,N,N,N,
309,416,0,20222022,,1,,20220902000000,99990,1,,2301,,1,N,N,N,N,
2,417,3,60500531,,9,,20220902000000,99990,0,,2401,,0,Y,Y,N,N,
310,418,0,006,,1,,20220902000000,99990,1,,2301,,1,N,N,N,N,
311,419,0,007,,1,,20220902000000,99990,1,,2301,,1,N,N,N,N,
313,421,0,98888,,1,,20220902000000,99990,1,,2301,,1,N,N,N,N,
314,422,0,008,,1,,20220902000000,99990,1,,2301,,1,N,N,N,N,
316,424,0,000000001163,Ey9MZNvf50H1LAjKQQtzJw==,5,,20220902000000,99990,0,,2302,,0,Y,Y,N,N,
313,425,0,98888,,1,,20220902000000,99990,1,,2301,,1,N,N,N,N,
317,426,0,2222111111,,1,,20220902000000,99990,1,,2301,,1,N,N,N,N,
317,427,0,2222111111,,1,,20220902000000,99990,1,,2301,,0,Y,Y,N,N,
317,428,0,2222111111,,1,,20220902000000,99990,1,,2301,,1,N,N,N,N,
318,429,0,010,,1,,20220902000000,99990,1,,2301,,1,N,N,N,N,
2,430,1,10500531,G+ah6zJ/hz9GSmZOS3KRjA==,2,,20220902000000,99990,1,,2201,,1,N,N,N,N,
2,431,1,10500531,G+ah6zJ/hz9GSmZOS3KRjA==,2,,20220902000000,99990,1,,2201,,1,N,N,N,N,
2,432,1,10500531,G+ah6zJ/hz9GSmZOS3KRjA==,2,,20220902000000,99990,1,,2201,,1,N,N,N,N,
317,433,0,2222111111,,1,,20220902000000,99990,1,,2301,,0,Y,Y,N,N,
2,434,1,10500531,G+ah6zJ/hz9GSmZOS3KRjA==,2,,20220902000000,99990,1,,2201,,1,N,N,N,N,
2,435,3,60500531,,9,,20220902000000,99990,1,,2401,,1,N,N,N,N,
317,436,0,2222111111,,1,,20220902000000,99990,1,,2301,,1,N,N,N,N,
317,437,0,2222111111,,1,,20220902000000,99990,1,,2301,,1,N,N,N,N,
2,438,1,10500531,G+ah6zJ/hz9GSmZOS3KRjA==,2,,20220902000000,99990,1,,2201,,1,N,N,N,N,
317,439,0,2222111111,,1,,20220902000000,99990,1,,2301,,1,N,N,N,N,
3,440,0,99990001|0001,,4,,20220902000000,99990,1,,2405,,1,N,N,N,N,
3,441,0,99990001|0001,,4,,20220902000000,99990,1,,2405,,1,N,N,N,N,
3,442,0,888|111,,4,,20220902000000,99990,1,,2405,,1,N,N,N,N,
3,443,0,888|111,,4,,20220902000000,99990,1,,2405,,1,N,N,N,N,
3,444,0,888|111,,4,,20220902000000,99990,1,,2405,,1,N,N,N,N,
5,445,0,99990001|0001,,4,,20220902000000,99990,1,,2405,,1,N,N,N,N,
317,446,0,2222111111,,1,,20220902000000,99990,1,,2301,,1,N,N,N,N,
319,447,0,zijingufen,,1,,20220902000000,99990,1,,2301,,1,N,N,N,N,
320,448,2,1231,,1,,20220902000000,99990,1,,2301,,1,N,N,N,N,
321,449,0,1232,,1,,20220902000000,99990,1,,2301,,1,N,N,N,N,
322,450,0,10114589,,1,,20220902000000,99990,1,,2301,,1,N,N,N,N,
323,451,0,19852,,1,,20220902000000,88wl,1,,2301,,1,N,N,N,N,
324,452,0,458963,,1,,20220902000000,99990,1,,2301,,1,N,N,N,N,
325,453,0,na123,,1,,20220902000000,99990,1,,2301,,1,N,N,N,N,
326,454,0,1011569,,1,,20220902000000,99990,1,,2301,,1,N,N,N,N,
327,455,0,963852,,1,,20220902000000,88wl,1,,2301,,1,N,N,N,N,
328,456,0,zj123456,,1,,20220903000000,99990,1,,2301,,1,N,N,N,N,
329,457,0,328778323,,1,,20220903000000,99990,1,,2301,,1,N,N,N,N,
330,458,3,556,,1,,20220903000000,99990,1,,2301,,1,N,N,N,N,
243,459,0,20220838,,1,,20220903000000,99990,1,,2301,2301,1,N,N,N,N,
331,460,0,3p,,1,,20220903000000,99990,1,,2301,,1,N,N,N,N,
332,461,0,96,,1,,20220903000000,99990,1,,2301,,1,N,N,N,N,
333,462,0,95,,1,,20220903000000,99990,1,,2301,,1,N,N,N,N,
334,463,0,97,,1,,20220903000000,99990,1,,2301,,1,N,N,N,N,
335,464,0,14758962369,,1,,20220903000000,99990,1,,2301,,1,N,N,N,N,
336,465,0,14758962365,,1,,20220903000000,99990,1,,2301,,1,N,N,N,N,
337,466,0,84758962365,,1,,20220903000000,99990,1,,2301,,1,N,N,N,N,
338,467,0,8475896299,,1,,20220903000000,99990,1,,2301,,1,N,N,N,N,
339,468,0,8475896210,,1,,20220903000000,99990,1,,2301,,1,N,N,N,N,
340,469,0,8475896218,,1,,20220903000000,99990,1,,2301,,1,N,N,N,N,
341,470,0,8475896215,,1,,20220903000000,99990,1,,2301,,1,N,N,N,N,
342,471,0,36,,1,,20220903000000,99990,1,,2301,,1,N,N,N,N,
242,472,1,qihuo,,1,,20220903000000,99990,1,,2301,,1,N,N,N,N,
346,476,0,64,,1,,20220903000000,99990,1,,2301,,1,N,N,N,N,
347,477,0,26,,1,,20220903000000,99990,1,,2301,,1,N,N,N,N,
348,478,0,988,,1,,20220903000000,99990,1,,2301,,1,N,N,N,N,
349,479,0,654,,1,,20220903000000,99990,1,,2301,,1,N,N,N,N,
350,480,0,140222,,1,,20220903000000,99990,1,,2301,,1,N,N,N,N,
351,481,0,589,,1,,20220903000000,99990,1,,2301,,1,N,N,N,N,
352,482,0,009,,1,,20220903000000,99990,1,,2301,,1,N,N,N,N,
353,483,0,fll0101,,1,,20220903000000,99990,1,,2301,,1,N,N,N,N,
354,484,0,zs001,,1,,20220903000000,99990,1,,2301,,1,N,N,N,N,
355,485,0,33333,,1,,20220903000000,99990,1,,2301,,1,N,N,N,N,
356,486,0,963,,1,,20220903000000,99990,1,,2301,,1,N,N,N,N,
357,487,1,1232131,,1,,20220903000000,99990,1,,2301,,1,N,N,N,N,
358,488,0,852,,1,,20220903000000,99990,1,,2301,,1,N,N,N,N,
359,489,2,1227zll,,1,,20220903000000,99990,1,,2301,,1,N,N,N,N,
360,490,3,741,,1,,20220903000000,99990,1,,2301,,1,N,N,N,N,
361,491,3,321,,1,,20220903000000,99990,1,,2301,,1,N,N,N,N,
362,492,1,zll01888,,1,,20220903000000,99990,1,,2301,,1,N,N,N,N,
363,493,1,147,,1,,20220903000000,99990,1,,2301,,1,N,N,N,N,
364,494,0,698,,1,,20220903000000,99990,1,,2301,,1,N,N,N,N,
248,495,1,new123,,1,,20220903000000,99990,1,,2301,,1,N,N,N,N,
365,496,0,0067,,1,,20220903000000,99990,1,,2301,,1,N,N,N,N,
357,497,1,888777999,,3,,20220906000000,99990,1,,22,,1,N,N,N,N,
366,498,1,20221025,,1,,20220903000000,99990,1,,2301,,1,N,N,N,N,
367,499,1,20221228,,1,,20220903000000,99990,1,,2301,,1,N,N,N,N,
368,500,0,365,,1,,20220903000000,99990,1,,2301,,1,N,N,N,N,
369,501,1,9999000,,1,,20220903000000,99990,1,,2301,,1,N,N,N,N,
370,502,2,886,,1,,20220903000000,99990,1,,2301,,1,N,N,N,N,
371,503,0,692,,1,,20220903000000,99990,1,,2301,,1,N,N,N,N,
372,504,3,953,,1,,20220903000000,99990,1,,2301,,1,N,N,N,N,
373,505,3,695,,1,,20220903000000,99990,1,,2301,,1,N,N,N,N,
374,506,0,768,,1,,20220903000000,99990,1,,2301,,1,N,N,N,N,
375,507,0,95389,,1,,20220903000000,99990,1,,2301,,1,N,N,N,N,
376,508,0,sblkaifa,,9,,20220905000000,99990,0,,2401,,0,Y,Y,N,N,
377,509,3,sblkaifa,,28,,20220905000000,99990,0,,22,,0,Y,Y,N,N,
378,510,3,sblkaifa,,26,,20220905000000,99990,0,,2411,,0,Y,Y,N,N,
379,511,0,sbl000,,9,,20220905000000,99990,0,,2401,,0,Y,Y,N,N,
380,512,3,sbl000,,28,,20220905000000,99990,0,,22,,0,Y,Y,N,N,
381,513,3,sbl000,,26,,20220905000000,99990,0,,2411,,0,Y,Y,N,N,
382,514,0,202200001526,,1,,20220905000000,99990,1,,2301,,1,N,N,N,N,
383,515,0,chan000,,9,,20220905000000,99990,0,,2401,,0,Y,Y,N,N,
384,516,3,chan000,,28,,20220905000000,99990,0,,22,,0,Y,Y,N,N,
385,517,3,chan000,,26,,20220905000000,99990,0,,2411,,0,Y,Y,N,N,
386,518,0,000020220904,MzSYS0wAFH8R8X3f3WA/NA==,5,,20220907000000,99990,0,,2302,,0,Y,Y,N,N,
387,519,0,89898910,,1,,20220929000000,99990,1,,2301,,1,N,N,N,N,
241,520,3,66600003,tCBw0VBah2ZfySbnFk90rg==,22,,20220915000000,99990,0,,2408,,0,Y,Y,N,N,
388,521,0,202200000623,,1,,20220905000000,99990,1,,2301,,1,N,N,N,N,
26,532,0,888888800054,NuTQCuw6Tw1SBYPiyLksDw==,1,,20220905000000,99990,0,,2301,,0,Y,Y,N,N,
7,536,0,000020220906,G17gQSm7Kh2jSXp0K3kfQg==,1,,20220906000000,99990,0,,2301,,0,Y,Y,N,N,
7,537,0,000020220907,,1,,20220906000000,99990,0,,2301,,0,Y,Y,N,N,
402,538,0,20220000062,,1,,20220906000000,99990,1,,2301,,1,N,N,N,N,
399,539,0,000000001135,f2fmA1ZwIZ4o6PPzsOQYaw==,5,,20220906000000,99990,0,,2302,,0,Y,Y,N,N,
403,540,0,000020220906,G17gQSm7Kh2jSXp0K3kfQg==,1,,20220906000000,99990,0,,2301,,0,Y,Y,N,N,
407,544,1,3330885,,7,,20220906000000,99990,1,,2701,,1,N,N,N,N,
408,545,0,202200000159,,1,,20220906000000,99990,1,,2301,,1,N,N,N,N,
409,546,0,20220000748,,1,,20220906000000,99990,1,,2301,,1,N,N,N,N,
410,547,0,20220000734,,1,,20220906000000,99990,1,,2301,,1,N,N,N,N,
411,548,1,3339399,,7,,20220906000000,99990,1,,2701,,1,N,N,N,N,
412,549,0,20220000965,,1,,20220906000000,99990,1,,2301,,1,N,N,N,N,
413,550,0,000020220906,Qpa3QoB37XoR6+WAX5VMBQ==,5,,20220906000000,99990,0,,2302,,0,Y,Y,N,N,
416,553,0,202200000405,,1,,20220907000000,99990,1,,2301,,1,N,N,N,N,
417,554,0,202200000576,,1,,20220907000000,99990,1,,2301,,1,N,N,N,N,
420,557,0,202200000050,,1,,20220907000000,99990,1,,2301,,1,N,N,N,N,
421,558,0,202200000526,,1,,20220907000000,99990,1,,2301,,1,N,N,N,N,
422,559,0,202200000022,,1,,20220907000000,99990,1,,2301,,1,N,N,N,N,
423,560,0,202200000955,,1,,20220907000000,99990,1,,2301,,1,N,N,N,N,
424,561,0,202200000783,,1,,20220907000000,99990,1,,2301,,1,N,N,N,N,
425,562,0,20220000576,,1,,20220907000000,99990,1,,2301,,1,N,N,N,N,
426,563,0,202200000294,,1,,20220907000000,99990,1,,2301,,1,N,N,N,N,
427,564,0,202200000693,,1,,20220907000000,99990,1,,2301,,1,N,N,N,N,
428,565,0,20220000711,,1,,20220907000000,99990,1,,2301,,1,N,N,N,N,
429,566,0,202200000983,,1,,20220907000000,99990,1,,2301,,1,N,N,N,N,
430,567,0,202200000886,,1,,20220907000000,99990,1,,2301,,1,N,N,N,N,
431,568,0,202200000024,,1,,20220907000000,99990,1,,2301,,1,N,N,N,N,
432,569,0,20220907,,1,,20220907000000,99990,0,,2301,,0,Y,Y,N,N,
433,570,0,202200000079,,1,,20220907000000,99990,1,,2301,,1,N,N,N,N,
434,571,0,202200000909,,1,,20220907000000,99990,1,,2301,,1,N,N,N,N,
435,572,0,202200000849,,1,,20220907000000,99990,1,,2301,,1,N,N,N,N,
436,573,0,202200000532,,1,,20220907000000,99990,1,,2301,,1,N,N,N,N,
437,574,0,202200000161,,1,,20220907000000,99990,1,,2301,,1,N,N,N,N,
438,575,0,202200000156,,1,,20220907000000,99990,1,,2301,,1,N,N,N,N,
439,576,0,202200000517,,1,,20220907000000,99990,1,,2301,,1,N,N,N,N,
440,577,0,202200000274,,1,,20220907000000,99990,1,,2301,,1,N,N,N,N,
441,578,0,202200000016,,1,,20220907000000,99990,1,,2301,,1,N,N,N,N,
442,579,0,20220000626,,1,,20220907000000,99990,1,,2301,,1,N,N,N,N,
443,580,0,20220000760,,1,,20220907000000,99990,1,,2301,,1,N,N,N,N,
444,581,0,202200000814,,1,,20220908000000,99990,1,,2301,,1,N,N,N,N,
445,582,1,3332009,,7,,20220908000000,99990,1,,2701,,1,N,N,N,N,
446,583,0,202200000550,,1,,20220908000000,99990,1,,2301,,1,N,N,N,N,
447,584,0,202200000018,,1,,20220908000000,99990,1,,2301,,1,N,N,N,N,
448,585,0,202200000694,,1,,20220908000000,99990,1,,2301,,1,N,N,N,N,
449,586,0,202200000189,,1,,20220908000000,99990,1,,2301,,1,N,N,N,N,
450,587,0,202200000280,,1,,20220908000000,99990,1,,2301,,1,N,N,N,N,
451,588,0,202200000707,,1,,20220908000000,99990,1,,2301,,1,N,N,N,N,
452,589,0,20220000753,,1,,20220908000000,99990,1,,2301,,1,N,N,N,N,
453,590,0,20220000639,,1,,20220908000000,99990,1,,2301,,1,N,N,N,N,
454,592,0,2022090810001,,35,,20220908000000,99990,0,,2301,,0,Y,Y,N,N,
455,593,0,202200000650,,1,,20220908000000,99990,1,,2301,,1,N,N,N,N,
456,594,0,202200000927,,1,,20220908000000,99990,1,,2301,,1,N,N,N,N,
457,595,0,202200000969,,1,,20220908000000,99990,1,,2301,,1,N,N,N,N,
458,596,0,202200000762,,1,,20220908000000,99990,1,,2301,,1,N,N,N,N,
459,597,0,202200000829,,1,,20220908000000,99990,1,,2301,,1,N,N,N,N,
460,598,0,202200000077,,1,,20220908000000,99990,1,,2301,,1,N,N,N,N,
461,599,0,202200000061,,1,,20220908000000,99990,1,,2301,,1,N,N,N,N,
462,600,0,20220000909,,1,,20220909000000,99990,1,,2301,,1,N,N,N,N,
463,601,1,12022090600,Htx6s4ahU1+MbOcRMeD0Rg==,31,,20220909000000,99990,0,,2201,,0,Y,Y,N,N,
463,601,0,000020220909,Htx6s4ahU1+MbOcRMeD0Rg==,1,,20220909000000,99990,0,,2301,,0,Y,Y,N,N,
463,603,3,20221011,Htx6s4ahU1+MbOcRMeD0Rg==,1,,20220909000000,99990,0,,2301,,0,Y,Y,N,N,
466,605,0,20220000293,,1,,20220913000000,99990,1,,2301,,1,N,N,N,N,
467,606,0,000000000913,,1,,20220913121702,99990,1,,2301,,1,N,N,N,N,
468,607,0,202209131311,,9,,20220913000000,99990,0,,2401,,0,Y,Y,N,N,
469,608,3,202209131346,,3,,20220913000000,99990,0,,22,,0,Y,Y,N,N,
474,617,0,105289,,1,,20220913000000,99990,1,,2301,,1,N,N,N,N,
475,618,0,20220000349,,1,,20220914000000,99990,1,,2301,,1,N,N,N,N,
476,619,0,202200000240,,1,,20220914000000,99990,1,,2301,,1,N,N,N,N,
477,620,0,202200000966,,1,,20220914000000,99990,1,,2301,,1,N,N,N,N,
478,621,0,202200000364,,1,,20220914000000,99990,1,,2301,,1,N,N,N,N,
479,622,0,20220000543,,1,,20220914000000,99990,1,,2301,,1,N,N,N,N,
480,623,0,02,,1,,20220914000000,99990,1,,2301,,1,N,N,N,N,
482,625,1,3338955,,7,,20220914000000,99990,1,,2701,,1,N,N,N,N,
483,626,1,33314,,7,,20220914000000,99990,1,,2701,,1,N,N,N,N,
485,628,1,33321,,1,,20220914000000,99990,1,,2301,,1,N,N,N,N,
486,629,1,33392,,1,,20220914000000,99990,1,,2301,,1,N,N,N,N,
489,632,0,20220915,,1,,20220915000000,99990,1,,2301,,1,N,N,N,N,
490,633,2,339999991,,31,,20220915000000,99990,1,,2201,,1,N,N,N,N,
489,634,0,505066,,1,,20220915000000,99990,1,,2301,,1,N,N,N,N,
492,636,0,20220000259,,1,,20220916000000,99990,1,,2301,,1,N,N,N,N,
2,637,1,10500531,G+ah6zJ/hz9GSmZOS3KRjA==,2,,20220916000000,99990,1,,2201,,1,N,N,N,N,
493,639,0,202200000165,,1,,20220916000000,99990,1,,2301,,1,N,N,N,N,
494,640,0,102,,1,,20220916000000,99990,1,,2301,,1,N,N,N,N,
242,641,2,562222,,31,,20220916000000,99990,1,,2201,,1,N,N,N,N,
242,642,3,78888,,1,,20220916000000,99990,1,,2301,,1,N,N,N,N,
109,645,3,889,,2,,20220916000000,99990,1,,2901,,1,N,N,N,N,
109,646,2,990,,31,,20220916000000,99990,1,,2201,,1,N,N,N,N,
490,647,2,339999991,,31,,20220916000000,gscf33,1,,2201,,1,N,N,N,N,
498,649,0,20220000109,,1,,20220919000000,99990,1,,2301,,1,N,N,N,N,
499,650,0,202200000648,,1,,20220919000000,99990,1,,2301,,1,N,N,N,N,
500,651,0,202200000412,,1,,20220919000000,99990,1,,2301,,1,N,N,N,N,
501,652,0,202200000617,,1,,20220919000000,99990,1,,2301,,1,N,N,N,N,
503,654,1,33351,,1,,20220919000000,99990,1,,2301,,1,N,N,N,N,
504,655,1,333314,,1,,20220919000000,99990,1,,2301,,1,N,N,N,N,
505,656,1,shiyong,,1,,20220919000000,99990,1,,2301,,1,N,N,N,N,
506,657,0,7858,,1,,20220919000000,99990,1,,2301,,1,N,N,N,N,
507,658,0,090,,2,,20220919000000,99990,1,,2901,,1,N,N,N,N,
510,661,1,333653,,1,,20220919000000,99990,1,,2301,,1,N,N,N,N,
511,662,1,333956,,1,,20220919000000,99990,1,,2301,,1,N,N,N,N,
513,664,0,ylcs2008,,1,,20220919000000,99990,0,,2301,,0,Y,Y,N,N,
514,665,3,ylcs2009,,1,,20220919000000,99990,0,,2301,,0,Y,Y,N,N,
516,667,0,00020220919,,1,,20220930000000,99990,0,,2301,,0,Y,Y,N,N,
518,670,0,202200000185,,1,,20220919000000,99990,1,,2301,,1,N,N,N,N,
519,671,0,000020220920,,1,,20220929000000,99990,0,,2301,,0,Y,Y,N,N,
520,672,0,202200000495,,1,,20220919000000,99990,1,,2301,,1,N,N,N,N,
521,673,0,202200000236,,1,,20220919000000,99990,1,,2301,,1,N,N,N,N,
522,674,0,202200000406,,1,,20220919000000,99990,1,,2301,,1,N,N,N,N,
523,675,0,202200000170,,1,,20220919000000,99990,1,,2301,,1,N,N,N,N,
524,676,0,202200000810,,1,,20220919000000,99990,1,,2301,,1,N,N,N,N,
525,677,0,202200001810,,1,,20220919000000,99990,1,,2301,,1,N,N,N,N,
526,678,0,202200000145,,1,,20220919000000,99990,1,,2301,,1,N,N,N,N,
527,679,0,202200000417,,1,,20220919000000,99990,1,,2301,,1,N,N,N,N,
528,680,0,202200000851,,1,,20220919000000,99990,1,,2301,,1,N,N,N,N,
529,681,0,20220000985,,1,,20220920000000,99990,1,,2301,,1,N,N,N,N,
530,682,0,202200000355,,1,,20220920000000,99990,1,,2301,,1,N,N,N,N,
531,683,0,202200000222,,1,,20220920000000,99990,1,,2301,,1,N,N,N,N,
532,684,0,202200000182,,1,,20220920000000,99990,1,,2301,,1,N,N,N,N,
533,685,0,202200000940,,1,,20220920000000,99990,1,,2301,,1,N,N,N,N,
534,686,0,202200000212,,1,,20220920000000,99990,1,,2301,,1,N,N,N,N,
535,687,1,333296,,1,,20220920000000,99990,1,,2301,,1,N,N,N,N,
536,688,0,202200000221,,1,,20220920000000,99990,1,,2301,,1,N,N,N,N,
537,689,0,202200000792,,1,,20220920000000,99990,1,,2301,,1,N,N,N,N,
538,690,0,202200000403,,1,,20220920000000,99990,1,,2301,,1,N,N,N,N,
539,691,0,202200000048,,1,,20220920000000,99990,1,,2301,,1,N,N,N,N,
540,692,0,202200000601,,1,,20220920000000,99990,1,,2301,,1,N,N,N,N,
542,694,0,202200000073,,1,,20220920000000,99990,1,,2301,,1,N,N,N,N,
543,695,0,202200000328,,1,,20220920000000,99990,1,,2301,,1,N,N,N,N,
544,696,0,20220000245,,1,,20220920000000,99990,1,,2301,,1,N,N,N,N,
545,697,0,20220000873,,1,,20220920000000,99990,1,,2301,,1,N,N,N,N,
546,698,1,333080,,1,,20220920000000,99990,1,,2301,,1,N,N,N,N,
547,699,0,202200000146,,1,,20220920000000,99990,1,,2301,,1,N,N,N,N,
548,700,1,333841,,1,,20220920000000,99990,1,,2301,,1,N,N,N,N,
549,701,1,333855,,1,,20220920000000,99990,1,,2301,,1,N,N,N,N,
550,702,1,333348,,1,,20220920000000,99990,1,,2301,,1,N,N,N,N,
553,705,1,1234332,,1,,20220920000000,99990,1,,2301,,1,N,N,N,N,
554,706,0,000000001173,WNCmLSg7fOtV7j5KPUReVQ==,5,,20220920000000,99990,0,,2302,,0,Y,Y,N,N,
555,707,1,1111,,1,,20220920000000,99990,1,,2301,,1,N,N,N,N,
556,708,1,202200000889,,1,,20220920000000,99990,1,,2301,,1,N,N,N,N,
566,723,2,9999111,,31,,20220920000000,99990,1,,2201,,1,N,N,N,N,
567,724,0,20220000155,,1,,20220921000000,99990,1,,2301,,1,N,N,N,N,
568,725,0,20220000597,,1,,20220921000000,99990,1,,2301,,1,N,N,N,N,
569,726,0,202200000383,,1,,20220921000000,99990,1,,2301,,1,N,N,N,N,
570,727,1,11111,,1,,20220921000000,99990,1,,2301,,1,N,N,N,N,
584,741,1,852852,,1,,20220921000000,99990,1,,2301,,1,N,N,N,N,
585,742,0,20220000035,,1,,20220921000000,99990,1,,2301,,1,N,N,N,N,
588,745,1,202200000766,,1,,20220921000000,99990,1,,2301,,1,N,N,N,N,
587,747,3,900200560,g984OKNO/xn6n/i2hEGMuQ==,24,,20220921000000,99990,0,,2410,,0,Y,Y,N,N,
592,750,0,20220000331,,1,,20220921000000,99990,1,,2301,,1,N,N,N,N,
594,752,0,20220000979,,1,,20220921000000,99990,1,,2301,,1,N,N,N,N,
595,753,0,20220000441,,1,,20220921000000,99990,1,,2301,,1,N,N,N,N,
596,754,0,20220000718,,1,,20220921000000,99990,1,,2301,,1,N,N,N,N,
597,755,0,20220000583,,1,,20220921000000,99990,1,,2301,,1,N,N,N,N,
598,756,1,202200000174,,1,,20220921000000,99990,1,,2301,,1,N,N,N,N,
599,757,1,202200000141,,1,,20220921000000,99990,1,,2301,,1,N,N,N,N,
600,758,1,202200000833,,1,,20220921000000,99990,1,,2301,,1,N,N,N,N,
601,759,0,20220000024,,1,,20220922000000,99990,1,,2301,,1,N,N,N,N,
602,760,0,20220000454,,1,,20220922000000,99990,1,,2301,,1,N,N,N,N,
603,761,0,202200000043,,1,,20220922000000,99990,1,,2301,,1,N,N,N,N,
606,764,0,202200000360,,1,,20220922000000,99990,1,,2301,,1,N,N,N,N,
608,766,0,202200000587,,1,,20220922000000,99990,1,,2301,,1,N,N,N,N,
609,767,0,202200000934,,1,,20220922000000,99990,1,,2301,,1,N,N,N,N,
610,768,0,202200000477,,1,,20220922000000,99990,1,,2301,,1,N,N,N,N,
611,769,0,202200000860,,1,,20220922000000,99990,1,,2301,,1,N,N,N,N,
612,770,1,202200000575,,1,,20220922000000,99990,1,,2301,,1,N,N,N,N,
613,771,0,20220000033,,1,,20220928000000,99990,1,,2301,,1,N,N,N,N,
614,772,1,202200000835,,1,,20220922000000,99990,1,,2301,,1,N,N,N,N,
615,773,0,202200000726,,1,,20220922000000,99990,1,,2301,,1,N,N,N,N,
616,774,0,202200000111,,1,,20220922000000,99990,1,,2301,,1,N,N,N,N,
617,775,0,202200000962,,1,,20220922000000,99990,1,,2301,,1,N,N,N,N,
618,776,1,202200000786,,1,,20220922000000,99990,1,,2301,,1,N,N,N,N,
619,777,1,202200000760,,1,,20220922000000,99990,1,,2301,,1,N,N,N,N,
620,778,0,20220000010,,1,,20220922000000,99990,1,,2301,,1,N,N,N,N,
621,779,0,20220000801,,1,,20220923000000,99990,1,,2301,,1,N,N,N,N,
622,780,0,89898910,,4,,20220929000000,99990,1,,2405,,1,N,N,N,N,
623,781,0,20220000184,,1,,20220923000000,99990,1,,2301,,1,N,N,N,N,
624,782,0,202200000781,,1,,20220923000000,99990,1,,2301,,1,N,N,N,N,
627,785,0,202200000115,,1,,20220923000000,99990,1,,2301,,1,N,N,N,N,
629,787,0,20220000021,,1,,20220923000000,99990,1,,2301,,1,N,N,N,N,
634,792,0,ylcs2010,,9,,20220923000000,99990,0,,2401,,0,Y,Y,N,N,
635,793,3,ylcs2011,,9,,20220923000000,99990,0,,2401,,0,Y,Y,N,N,
636,794,3,ylcs2012,,1,,20220923000000,99990,0,,2301,,0,Y,Y,N,N,
637,795,0,20220000681,,1,,20220926000000,99990,1,,2301,,1,N,N,N,N,
638,796,0,20220000054,,1,,20221010000000,99990,1,,2301,,1,N,N,N,N,
639,797,0,20220000077,,1,,20220926000000,99990,1,,2301,,1,N,N,N,N,
640,798,0,202200000205,,1,,20220926000000,99990,1,,2301,,1,N,N,N,N,
643,801,0,202200000029,,1,,20220926000000,99990,1,,2301,,1,N,N,N,N,
645,803,1,1731,,1,,20220926000000,99990,1,,2301,,1,N,N,N,N,
646,804,0,999999,,1,,20220926000000,gscfzj,1,,2301,,1,N,N,N,N,
647,805,0,8888888,,1,,20220926000000,gscfzj,1,,2301,,1,N,N,N,N,
648,806,0,ylcs2013,,9,,20220926000000,99990,0,,2401,,0,Y,Y,N,N,
649,807,3,ylcs2014,,9,,20220926000000,99990,0,,2401,,0,Y,Y,N,N,
650,808,3,ylcs2015,,1,,20220926000000,99990,0,,2301,,0,Y,Y,N,N,
651,809,0,000000007739,3E9kKtmE+2nZ3OhAJ3NVWg==,1,,20220926221859,99990,1,,2301,,1,N,N,N,N,
652,810,0,20220000592,,1,,20220927000000,99990,1,,2301,,1,N,N,N,N,
654,812,0,20220000131,,1,,20220927000000,99990,1,,2301,,1,N,N,N,N,
655,813,0,202200000574,,1,,20220927000000,99990,1,,2301,,1,N,N,N,N,
658,816,0,89898989,,1,,20220928000000,99990,1,,2301,,0,Y,Y,N,N,
658,816,1,test,ifpkGJxtbe3yKr1cBdtteg==,12,,20220928000000,99990,0,,3004,,0,Y,Y,N,N,
659,817,0,202200000771,,1,,20220927000000,99990,1,,2301,,1,N,N,N,N,
661,819,0,000020220927,,39,,20220927000000,99990,0,,2300,,0,Y,Y,N,N,
662,820,0,00020220928,,9,,20220927000000,99990,0,,2401,,0,Y,Y,N,N,
663,821,0,xmtest,,1,,20220927000000,xm000,1,,2301,,1,N,N,N,N,
664,824,0,000000002178,,39,,20220927000000,99990,1,,2300,,0,Y,Y,N,N,
666,826,0,664|824,V0OYR7lb7ckfF/7OY4kOMw==,39,,20220928000000,99990,0,,2300,,0,Y,Y,N,N,
667,827,0,20220000618,,1,,20220928000000,99990,1,,2301,,1,N,N,N,N,
669,829,0,202200000563,,1,,20220928000000,99990,1,,2301,,1,N,N,N,N,
672,832,0,5555,,1,,20220928000000,99990,1,,2301,,1,N,N,N,N,
673,833,0,202200000546,,1,,20220928000000,99990,1,,2301,,1,N,N,N,N,
675,835,0,002022092801,k1SBA8QlX3TnKPEGMXm4+A==,5,,20220928000000,99990,0,,2302,,0,Y,Y,N,N,
676,836,0,002022092802,1ZDrNuNIqYv2ATOpsvYD1A==,40,,20220928000000,99990,0,,2900,,0,Y,Y,N,N,
677,837,0,1111111,,1,,20220928000000,gscflll,1,,2301,,1,N,N,N,N,
679,839,0,223,,1,,20220928000000,A009,1,,2301,,1,N,N,N,N,
680,840,0,20220000652,,1,,20220929000000,99990,1,,2301,,1,N,N,N,N,
682,842,0,20220000938,,1,,20220929000000,99990,1,,2301,,1,N,N,N,N,
683,843,0,202200000503,,1,,20220929000000,99990,1,,2301,,1,N,N,N,N,
686,846,0,202200000743,,1,,20220929000000,99990,1,,2301,,1,N,N,N,N,
688,848,0,000020220929,O2BLKc4tIRvAEIvseKIlZg==,40,,20220929000000,99990,0,,2900,,0,Y,Y,N,N,
688,849,0,000020220929,O2BLKc4tIRvAEIvseKIlZg==,40,,20220929000000,99990,0,,2900,,0,Y,Y,N,N,
689,850,0,664|824,V0OYR7lb7ckfF/7OY4kOMw==,39,,20220930000000,99990,0,,2300,,0,Y,Y,N,N,
690,851,3,000020221001,vGnBvnCR1nJul/3HnivjQw==,1,,20221010000000,99990,0,,2301,,0,Y,Y,N,N,
691,852,0,000020220930,XKeoN0Z9yqZ5ka1frWYoZw==,1,,20221010000000,99990,0,,2301,,0,Y,Y,N,N,
692,853,0,20220000507,,1,,20220930000000,99990,1,,2301,,1,N,N,N,N,
694,855,0,20220000948,,1,,20220930000000,99990,1,,2301,,1,N,N,N,N,
695,856,0,202200000432,,1,,20220930000000,99990,1,,2301,,1,N,N,N,N,
698,859,0,202200000454,,1,,20220930000000,99990,1,,2301,,1,N,N,N,N,
700,861,0,zj10117869,,8,,20220930000000,99990,1,,2303,,1,N,N,N,N,
700,862,0,zj10117869,,9,,20220930000000,99990,1,,2401,,1,N,N,N,N,
700,863,0,zj10117869,,1,,20220930000000,gscfCY,1,,2301,,1,N,N,N,N,
702,865,0,930001,,39,,20220930000000,99990,0,,2300,,0,Y,Y,N,N,
703,866,0,20220000393,,1,,20221003000000,99990,1,,2301,,1,N,N,N,N,
705,868,0,20220000730,,1,,20221003000000,99990,1,,2301,,1,N,N,N,N,
706,869,0,202200000217,,1,,20221003000000,99990,1,,2301,,1,N,N,N,N,
709,872,0,202200000519,,1,,20221003000000,99990,1,,2301,,1,N,N,N,N,
711,874,0,20220000339,,1,,20221004000000,99990,1,,2301,,1,N,N,N,N,
713,876,0,20220000667,,1,,20221004000000,99990,1,,2301,,1,N,N,N,N,
714,877,0,202200000246,,1,,20221004000000,99990,1,,2301,,1,N,N,N,N,
717,880,0,202200000640,,1,,20221004000000,99990,1,,2301,,1,N,N,N,N,
719,882,0,20220000236,,1,,20221005000000,99990,1,,2301,,1,N,N,N,N,
720,883,0,20220000572,,1,,20221005000000,99990,1,,2301,,1,N,N,N,N,
721,884,0,202200000271,,1,,20221005000000,99990,1,,2301,,1,N,N,N,N,
724,887,0,202200000143,,1,,20221005000000,99990,1,,2301,,1,N,N,N,N,
726,889,0,20220000390,,1,,20221006000000,99990,1,,2301,,1,N,N,N,N,
728,891,0,20220000599,,1,,20221006000000,99990,1,,2301,,1,N,N,N,N,
729,892,0,202200000098,,1,,20221006000000,99990,1,,2301,,1,N,N,N,N,
733,896,0,20220000289,,1,,20221007000000,99990,1,,2301,,1,N,N,N,N,
734,897,0,202200000244,,1,,20221007000000,99990,1,,2301,,1,N,N,N,N,
737,900,0,ylcs2016,,1,,20221008000000,99990,0,,2301,,0,Y,Y,N,N,
738,901,0,llx0002,,39,,20221008000000,99990,0,,2300,,0,Y,Y,N,N,
739,902,0,20220000405,,1,,20221010000000,99990,1,,2301,,1,N,N,N,N,
740,903,0,202200000930,,1,,20221010000000,99990,1,,2301,,1,N,N,N,N,
743,906,0,202200000571,,1,,20221010000000,99990,1,,2301,,1,N,N,N,N,
744,907,0,20220000761,,1,,20221010000000,99990,1,,2301,,1,N,N,N,N,
745,908,0,20220000944,,1,,20221011000000,99990,1,,2301,,1,N,N,N,N,
747,910,0,20220000699,,1,,20221011000000,99990,1,,2301,,1,N,N,N,N,
748,911,0,202200000923,,1,,20221011000000,99990,1,,2301,,1,N,N,N,N,
751,914,0,202200000429,,1,,20221011000000,99990,1,,2301,,1,N,N,N,N,
753,916,1,333471,,1,,20221011000000,99990,1,,2301,,1,N,N,N,N,
753,917,1,333471,,1,,20221011000000,99990,1,,2301,,1,N,N,N,N,
753,918,1,333471,,1,,20221011000000,99990,1,,2301,,1,N,N,N,N,
595,920,0,20220000441,,1,,20221011000000,99990,1,,2301,,1,N,N,N,N,
595,921,0,20220000441,,1,,20221011000000,99990,1,,2301,,1,N,N,N,N,
608,923,0,202200000587,,1,,20221011000000,99990,1,,2301,,1,N,N,N,N,
608,924,0,202200000587,,1,,20221011000000,99990,1,,2301,,1,N,N,N,N,
756,925,1,333976,,1,,20221011000000,99990,1,,2301,,1,N,N,N,N,
756,926,1,333976,,1,,20221011000000,99990,1,,2301,,1,N,N,N,N,
756,927,1,333976,,1,,20221011000000,99990,1,,2301,,1,N,N,N,N,
757,928,1,333493,,1,,20221011000000,99990,1,,2301,,1,N,N,N,N,
757,929,1,333493,,1,,20221011000000,99990,1,,2301,,1,N,N,N,N,
757,930,1,333493,,1,,20221011000000,99990,1,,2301,,1,N,N,N,N,
758,931,1,333239,,1,,20221011000000,99990,1,,2301,,1,N,N,N,N,
758,932,1,333239,,1,,20221011000000,99990,1,,2301,,1,N,N,N,N,
758,933,1,333239,,1,,20221011000000,99990,1,,2301,,1,N,N,N,N,
759,934,1,333497,,1,,20221011000000,99990,1,,2301,,1,N,N,N,N,
759,935,1,333497,,1,,20221011000000,99990,1,,2301,,1,N,N,N,N,
759,936,1,333497,,1,,20221011000000,99990,1,,2301,,1,N,N,N,N,
760,937,1,333262,,1,,20221011000000,99990,1,,2301,,1,N,N,N,N,
760,938,1,333262,,1,,20221011000000,99990,1,,2301,,1,N,N,N,N,
760,939,1,333262,,1,,20221011000000,99990,1,,2301,,1,N,N,N,N,
762,941,1,333673,,1,,20221011000000,99990,1,,2301,,1,N,N,N,N,
762,942,1,333673,,1,,20221011000000,99990,1,,2301,,1,N,N,N,N,
762,943,1,333673,,1,,20221011000000,99990,1,,2301,,1,N,N,N,N,
763,944,1,333878,,1,,20221011000000,99990,1,,2301,,1,N,N,N,N,
763,945,1,333878,,1,,20221011000000,99990,1,,2301,,1,N,N,N,N,
763,946,1,333878,,1,,20221011000000,99990,1,,2301,,1,N,N,N,N,
764,947,1,333397,,1,,20221011000000,99990,1,,2301,,1,N,N,N,N,
764,948,1,333397,,1,,20221011000000,99990,1,,2301,,1,N,N,N,N,
764,949,1,333397,,1,,20221011000000,99990,1,,2301,,1,N,N,N,N,
765,950,1,333980,,1,,20221011000000,99990,1,,2301,,1,N,N,N,N,
766,951,1,202200000055,,1,,20221011000000,99990,1,,2301,,1,N,N,N,N,
767,952,1,202200000153,,1,,20221011000000,99990,1,,2301,,1,N,N,N,N,
768,953,1,202200000171,,1,,20221011000000,99990,1,,2301,,1,N,N,N,N,
769,954,1,333991,,1,,20221011000000,99990,1,,2301,,1,N,N,N,N,
770,955,0,34555,,1,,20221012000000,99990,1,,2301,,1,N,N,N,N,
771,956,0,3455589999,,1,,20221012000000,99990,1,,2301,,1,N,N,N,N,
772,957,0,777777,,1,,20221012000000,99990,1,,2301,,1,N,N,N,N,
773,958,0,20220000789,,1,,20221013000000,99990,1,,2301,,1,N,N,N,N,
775,960,0,20220000172,,1,,20221013000000,99990,1,,2301,,1,N,N,N,N,
776,961,0,202200000667,,1,,20221013000000,99990,1,,2301,,1,N,N,N,N,
780,965,0,otcd01,,9,,20221013000000,99990,0,,2401,,0,Y,Y,N,N,
781,966,3,otcd02,,1,,20221013000000,99990,0,,2301,,0,Y,Y,N,N,
782,967,0,otcd03,,9,,20221013000000,99990,0,,2401,,0,Y,Y,N,N,
783,968,3,otcd04,,1,,20221013000000,99990,0,,2301,,0,Y,Y,N,N,
784,969,0,otcd05,,9,,20221013000000,99990,0,,2401,,0,Y,Y,N,N,
785,970,3,otcd06,,1,,20221013000000,99990,0,,2301,,0,Y,Y,N,N,
786,971,0,otcd07,,9,,20221013000000,99990,0,,2401,,0,Y,Y,N,N,
787,972,3,otcd08,,1,,20221013000000,99990,0,,2301,,0,Y,Y,N,N,
788,973,0,otcd09,,9,,20221013000000,99990,0,,2401,,0,Y,Y,N,N,
789,974,3,otcd10,,1,,20221013000000,99990,0,,2301,,0,Y,Y,N,N,
790,975,1,202200000757,,1,,20221013000000,99990,1,,2301,,1,N,N,N,N,
791,976,1,202200000521,,1,,20221013000000,99990,1,,2301,,1,N,N,N,N,
792,977,1,202200000233,,1,,20221013000000,99990,1,,2301,,1,N,N,N,N,
793,978,1,202200000438,,1,,20221013000000,99990,1,,2301,,1,N,N,N,N,
794,979,0,666666,,1,,20221013000000,99990,1,,2301,,1,N,N,N,N,
796,982,0,20220000686,,1,,20221014000000,99990,1,,2301,,1,N,N,N,N,
797,983,0,202200000333,,1,,20221014000000,99990,1,,2301,,1,N,N,N,N,
800,986,0,202200000695,,1,,20221014000000,99990,1,,2301,,1,N,N,N,N,
