productNum,productAcctNum,prodAcctName,status,currencyIdList,assetQuota,TASplitRatio,limitQuota,memo,openDate,optId,subCenterId
2,2,FUTU,0,RMB,0.0,0.0,0.0,2000000,20220927000000,99990,0
3,3,Stock,0,RMB,0.0,0.0,0.0,,20220127000000,99990,0
5,5,HSHS,0,RMB,0.0,0.0,0.0,,20220128000000,99990,0
6,6,现货资产单元,0,RMB,0.0,0.0,0.0,,20220210000000,99990,0
7,7,QQZQ现货,0,RMB,0.0,0.0,0.0,100,20220210000000,99990,0
8,8,000000002078,0,RMB,0.0,0.0,0.0,,20220210000000,99990,0
9,9,000000002079,0,RMB,0.0,0.0,0.0,,20220210000000,99990,0
10,10,现货1资产单元,0,RMB,0.0,0.0,0.0,,20220211000000,99990,0
11,12,只有上海,0,RMB,0.0,0.0,0.0,,20220211000000,99990,0
11,13,只有深圳,0,RMB,0.0,0.0,0.0,,20220211000000,99990,0
11,14,现货期货,0,RMB,0.0,0.0,0.0,,20220211000000,99990,0
12,15,stock,0,RMB,0.0,0.0,0.0,,20220212000000,99990,0
4,16,YWN,0,RMB,0.0,0.0,0.0,,20220212000000,99990,0
4,17,登录,0,RMB,0.0,0.0,0.0,,20220212000000,99990,0
14,18,期货资产单元1,0,RMB,0.0,0.0,0.0,,20220215000000,99990,0
15,19,sx期货,0,RMB,0.0,0.0,0.0,,20220215000000,99990,0
9,20,00000002030,0,RMB,0.0,0.0,0.0,,20220215000000,99990,0
16,21,回放测试现货,0,RMB,0.0,0.0,0.0,,20220215000000,99990,0
17,22,对冲自动化,0,RMB,0.0,0.0,0.0,,20220216000000,99990,0
18,23,对冲自动化,0,RMB,0.0,0.0,0.0,,20220216000000,99990,0
19,24,天宇测试沪A,0,RMB,0.0,0.0,0.0,,20220217000000,99990,0
20,25,dsstest,0,RMB,0.0,0.0,0.0,,20220814000000,99990,0
21,26,fangzhen,0,RMB,0.0,0.0,0.0,,20220419000000,99990,0
22,27,gw测试,0,RMB,0.0,0.0,0.0,,20220419000000,99990,0
23,28,ZY现货,0,RMB,0.0,0.0,0.0,,20220419000000,99990,0
24,29,TOA1,0,RMB,9.0,0.0,0.0,,20221011000000,99990,0
25,30,TOB,0,RMB,0.0,0.0,0.0,,20220419000000,99990,0
26,31,TOC,0,RMB,0.0,0.0,0.0,,20220419000000,99990,0
24,32,TOA2,0,RMB,9.0,0.0,0.0,,20220801000000,99990,0
24,33,TOA3,0,RMB,9.0,0.0,0.0,,20220801000000,99990,0
27,34,现货产品,0,RMB,0.0,0.0,0.0,,20220419000000,99990,0
28,35,ZCDY_TESTPT,0,RMB,0.0,0.0,0.0,,20220906000000,99990,0
29,39,转报资产,0,RMB,0.0,0.0,0.0,,20220516000000,99990,0
29,40,直报资产,0,RMB,0.0,0.0,0.0,,20220419000000,99990,0
30,41,ZCDY_TESTA,0,RMB,0.0,0.0,0.0,,20220907000000,99990,0
31,42,A1-1产品,0,RMB,0.0,0.0,0.0,,20220427000000,99990,0
32,43,A2产品,0,RMB,0.0,0.0,0.0,,20220420000000,99990,0
33,44,A3-1产品,0,RMB,0.0,0.0,0.0,,20220420000000,99990,0
34,45,B1产品,0,RMB,0.0,0.0,0.0,,20220420000000,99990,0
35,46,B2产品,0,RMB,0.0,0.0,0.0,,20220420000000,99990,0
36,47,B3产品,0,RMB,0.0,0.0,0.0,,20220420000000,99990,0
37,48,C1产品,0,RMB,0.0,0.0,0.0,,20220420000000,99990,0
38,49,C2产品,0,RMB,0.0,0.0,0.0,,20220420000000,99990,0
39,50,C3产品,0,RMB,0.0,0.0,0.0,,20220420000000,99990,0
40,51,ZCDY_TESTB,0,RMB,0.0,0.0,0.0,,20220616000000,99990,0
41,52,sdsd,0,RMB,0.0,0.0,0.0,,20220420000000,99990,0
31,53,A1-2产品,0,RMB,0.0,0.0,0.0,,20220628000000,99990,0
33,54,A3-2产品,0,RMB,0.0,0.0,0.0,,20220420000000,99990,0
42,55,压测产品01,0,RMB,0.0,0.0,0.0,,20220420000000,99990,0
42,56,压测01产品-01单元,0,RMB,0.0,0.0,0.0,,20220420000000,99990,0
43,57,压测产品02,0,RMB,0.0,0.0,0.0,,20220420000000,99990,0
43,58,压测02产品-01单元,0,RMB,0.0,0.0,0.0,,20220420000000,99990,0
44,59,ZCDY_TESTC,0,RMB,0.0,0.0,0.0,,20220425000000,99990,0
45,60,期货产品,0,RMB,0.0,0.0,0.0,,20220420000000,99990,0
41,61,4,0,RMB,0.0,0.0,0.0,,20220420000000,99991,0
46,62,对接CTS,0,RMB,0.0,0.0,0.0,,20220420000000,99990,0
47,63,压测产品03,0,RMB,0.0,0.0,0.0,,20220420000000,99990,0
47,64,压测03产品-01单元,0,RMB,0.0,0.0,0.0,,20220420000000,99990,0
48,65,压测产品04,0,RMB,0.0,0.0,0.0,,20220420000000,99990,0
48,66,压测04产品-01单元,0,RMB,0.0,0.0,0.0,,20220929000000,99990,5
49,67,恒生测试,0,RMB,0.0,0.0,0.0,,20220518000000,99990,0
50,68,zb421test1,0,RMB,0.0,0.0,0.0,,20220421000000,99990,0
51,69,zqh_Future,0,RMB,0.0,0.0,0.0,,20220421000000,99990,0
52,70,WJR,0,RMB,0.0,0.0,0.0,,20220421000000,99990,0
53,71,asc,0,RMB,9.0,0.0,0.0,,20220801000000,99990,0
15,72,sx期货,0,RMB,0.0,0.0,0.0,,20220422000000,99990,0
54,73,lisx,0,RMB,0.0,0.0,0.0,,20220422000000,99990,0
54,74,lisx资产单元,0,RMB,0.0,0.0,0.0,,20220422000000,99990,0
23,79,ETF-ZY,0,RMB,0.0,0.0,0.0,,20220424000000,99990,0
58,81,pt424test1,0,RMB,0.0,0.0,0.0,,20220424000000,99990,0
59,82,etf,0,RMB,0.0,0.0,0.0,,20220425000000,99990,0
60,83,TOCX-TOCX,0,RMB,0.0,0.0,0.0,,20220426000000,99990,0
61,84,风控中心测试账户A,0,RMB,0.0,0.0,0.0,,20220427000000,99990,0
62,85,风控中心测试账户B,0,RMB,0.0,0.0,0.0,,20220427000000,99990,0
63,86,风控中心测试账户C,0,RMB,0.0,0.0,0.0,,20220427000000,99990,0
65,88,lisx对冲账户,0,RMB,0.0,0.0,0.0,,20220428000000,99990,0
66,89,wjr-cts,0,RMB,0.0,0.0,0.0,,20220428000000,99990,0
67,90,ETF资产,0,RMB,0.0,0.0,0.0,,20220428000000,99990,0
68,91,压测风控资产1,0,RMB,0.0,0.0,0.0,,20220429000000,99990,0
69,92,ETF-CTS,0,RMB,0.0,0.0,0.0,,20220705000000,99990,0
70,93,对接仿真,0,RMB,0.0,0.0,0.0,,20220429000000,99990,0
71,95,Stock,0,RMB,0.0,0.0,0.0,,20220430000000,99990,0
72,96,压测产品05,0,RMB,0.0,0.0,0.0,,20220504000000,99990,0
72,97,压测05产品-01单元,0,RMB,0.0,0.0,0.0,,20220504000000,99990,0
73,98,压测产品06,0,RMB,0.0,0.0,0.0,,20220504000000,99990,0
73,99,压测06产品-01单元,0,RMB,0.0,0.0,0.0,,20220504000000,99990,0
74,100,压测产品07,0,RMB,0.0,0.0,0.0,,20220504000000,99990,0
74,101,压测07产品-01单元,0,RMB,0.0,0.0,0.0,,20220504000000,99990,0
75,102,连交易所测试-cts,0,RMB,0.0,0.0,0.0,,20220506000000,99990,0
76,103,CTS-JYS,0,RMB,0.0,0.0,0.0,,20220506000000,99990,0
77,104,B账户,0,RMB,0.0,0.0,0.0,,20220509000000,99990,0
77,105,A账户,0,RMB,0.0,0.0,0.0,,20220509000000,99990,0
77,106,C账户,0,RMB,0.0,0.0,0.0,,20220509000000,99990,0
78,107,测试A机构,0,RMB,0.0,0.0,0.0,,20220510000000,99990,0
79,108,测试B产品,0,RMB,0.0,0.0,0.0,,20220510000000,99990,0
80,109,测试C产品,0,RMB,0.0,0.0,0.0,,20220510000000,99990,0
81,110,cts申赎借用,0,RMB,0.0,0.0,0.0,,20220511000000,99990,0
82,111,借用申赎,0,RMB,0.0,0.0,0.0,,20220511000000,99990,0
83,112,交易所-CTS,0,RMB,0.0,0.0,0.0,,20220511000000,99990,0
84,113,WWZQ,0,RMB,10.0,0.0,0.0,,20220511000000,99990,0
29,114,转报信用资产,0,RMB,0.0,0.0,0.0,,20220516000000,99990,0
85,115,SAJG,0,RMB,0.0,0.0,0.0,,20220524000000,99990,0
86,116,SBJG,0,RMB,0.0,0.0,0.0,,20220524000000,99990,0
87,117,SACS,0,RMB,0.0,0.0,0.0,,20221011000000,99990,0
88,118,SBCS,0,RMB,0.0,0.0,0.0,,20220524000000,99990,0
89,119,SCCS,0,RMB,0.0,0.0,0.0,,20220524000000,99990,0
90,120,现货产品,0,RMB,0.0,0.0,0.0,,20220524000000,99990,0
91,121,期货产品,0,RMB,0.0,0.0,0.0,,20220524000000,99990,0
92,122,现货产品,0,RMB,0.0,0.0,0.0,,20220524000000,99990,0
93,123,期货产品,0,RMB,0.0,0.0,0.0,,20220524000000,99990,0
94,124,A产品,0,RMB,0.0,0.0,0.0,,20220524000000,99990,0
95,125,B产品,0,RMB,0.0,0.0,0.0,,20220524000000,99990,0
96,126,C产品,0,RMB,0.0,0.0,0.0,,20220524000000,99990,0
97,127,lisx1,0,RMB,0.0,0.0,0.0,,20220525000000,99990,0
98,128,lisx2,0,RMB,0.0,0.0,0.0,,20220525000000,99990,0
99,129,lisx3,0,RMB,0.0,0.0,0.0,,20220525000000,99990,0
100,130,顶点两融产品,0,RMB,0.0,0.0,0.0,,20220526000000,99990,0
100,131,1011,0,RMB,0.0,0.0,0.0,,20220526000000,99990,0
101,132,pt526test1,0,HKD^RMB^USD,0.0,0.0,0.0,,20220722000000,99990,0
102,133,S052701,0,RMB,0.0,0.0,0.0,,20220527000000,99990,0
103,134,202860,0,RMB,0.0,0.0,0.0,,20220527000000,99990,0
105,135,qh0601,0,RMB,0.0,0.0,0.0,,20220601000000,99990,0
106,136,0601test,0,RMB,0.0,0.0,0.0,,20220601000000,99990,0
107,137,pt0601,0,RMB,0.0,0.0,0.0,,20220601000000,99990,0
108,138,lisx期货,0,RMB,0.0,0.0,0.0,,20220602000000,99990,0
109,140,hazel测试产品2,0,RMB,0.0,0.0,0.0,,20220605000000,99990,0
110,141,hazel测试B,0,RMB,0.0,0.0,0.0,,20220606000000,99990,0
113,144,qh06071,0,RMB,0.0,0.0,0.0,,20220607000000,haha000,0
114,145,S06070,0,RMB,0.0,0.0,0.0,,20220607000000,99990,0
115,146,xh+qh66,0,RMB,0.0,0.0,0.0,,20220607000000,99990,0
116,147,cremains,0,RMB,0.0,0.0,0.0,,20220607000000,99990,0
117,148,YYY,0,RMB,0.0,0.0,0.0,,20220608000000,99990,0
118,149,cremains,0,RMB,0.0,0.0,0.0,,20220608000000,99990,0
121,152,hazel测试C,0,RMB,0.0,0.0,0.0,,20220609000000,99990,0
110,153,credit110-hazel测试B,0,RMB,0.0,0.0,0.0,,20220609000000,99990,0
124,156,S06160,0,RMB,0.0,0.0,0.0,,20220616000000,99990,0
125,157,KJMG-产品,0,RMB,0.0,0.0,0.0,,20220628000000,99990,0
126,158,KJGG-,0,RMB,0.0,0.0,0.0,,20220627000000,99990,0
127,159,KJHS,0,RMB,0.0,0.0,0.0,,20220630000000,99990,0
128,160,ceshi003,0,RMB,0.0,0.0,0.0,,20220627000000,99990,0
129,161,A产品,0,RMB,0.0,0.0,0.0,,20220628000000,99990,0
130,162,B产品,0,RMB,0.0,0.0,0.0,,20220628000000,99990,0
131,163,C产品,0,RMB,0.0,0.0,0.0,,20220628000000,99990,0
132,164,FIXAC-KJ,0,RMB,0.0,0.0,0.0,,20220802000000,99990,0
133,165,000000006300,0,HKD,0.0,0.0,0.0,,20220630000000,99990,0
134,166,135,0,RMB,0.0,0.0,0.0,,20220701000000,99990,0
135,167,HTCS_ACC,0,RMB,0.0,0.0,0.0,,20220701000000,99990,0
136,168,ZJCFCS_ACC,0,RMB,0.0,0.0,0.0,,20220915000000,99990,0
132,169,压测,0,RMB,0.0,0.0,0.0,,20220706000000,99990,0
137,170,跨境港股融券交易,0,RMB,0.0,0.0,0.0,,20220706000000,99990,0
138,171,123,0,RMB,0.0,0.0,0.0,,20220707165221,99991,0
139,172,华泰2410,0,RMB,0.0,0.0,0.0,,20220711000000,99990,0
140,173,0000,0,RMB,0.0,0.0,0.0,,20220712000000,gscfskk,0
140,174,期货,0,RMB,0.0,0.0,0.0,,20220712000000,gscfskk,0
141,175,0002,0,RMB,0.0,0.0,0.0,,20220712000000,99990,0
141,176,0002,0,RMB,0.0,0.0,0.0,,20220712000000,99990,0
142,177,测试期货,0,RMB,0.0,0.0,0.0,,20220718000000,99990,0
143,178,期货A,0,RMB,0.0,0.0,0.0,,20220718000000,99990,0
143,179,期货B,0,RMB,0.0,0.0,0.0,,20220718000000,99990,0
144,180,融入方A,0,RMB,0.0,0.0,0.0,,20220718000000,99990,0
145,181,SBL2.0,0,RMB,0.0,0.0,0.0,,20220819000000,99990,0
146,182,TOOB1,0,RMB,0.0,0.0,0.0,,20220728000000,99990,0
147,183,TOOC,0,RMB,0.0,0.0,0.0,,20220718000000,99990,0
148,184,Asbl,0,RMB,0.0,0.0,0.0,,20220718000000,99990,0
149,185,Bsbl,0,RMB,0.0,0.0,0.0,,20220718000000,99990,0
150,186,Csbl,0,RMB,0.0,0.0,0.0,,20220718000000,99990,0
151,187,ZKA01,0,RMB,0.0,0.0,0.0,,20220718000000,99990,0
152,188,ZKA02,0,RMB,0.0,0.0,0.0,,20220718000000,99990,0
144,189,融入方B,0,RMB,0.0,0.0,0.0,,20220718000000,99990,0
153,190,ZKB01,0,RMB,0.0,0.0,0.0,,20220718000000,99990,0
154,191,ZKC01,0,RMB,0.0,0.0,0.0,,20220718000000,99990,0
155,192,中金测试,0,RMB,0.0,0.0,0.0,,20220718000000,99990,0
156,193,yyj000,0,RMB,0.0,0.0,0.0,,20220719000000,99990,0
157,194,中金财富C账户,0,RMB,0.0,0.0,0.0,,20220719000000,99990,0
158,195,华泰约券C账户,0,RMB,0.0,0.0,0.0,,20220719000000,99990,0
159,196,HT约券C账户,0,RMB,0.0,0.0,0.0,,20220719000000,99990,0
160,197,中金财富C账号,0,RMB,0.0,0.0,0.0,,20220720000000,99990,0
15,198,lisx期货,0,RMB,0.0,0.0,0.0,,20220721000000,99990,0
161,199,合约A0721,0,RMB,0.0,0.0,0.0,,20220721000000,99990,0
162,200,对冲B0721,0,RMB,0.0,0.0,0.0,,20220721000000,99990,0
163,201,IMSTOB0101,0,RMB,0.0,0.0,0.0,,20220728121231,99990,0
164,202,TOOB2,0,RMB,0.0,0.0,0.0,,20220728000000,99990,0
165,203,TOOC2,0,RMB,0.0,0.0,0.0,,20220728000000,99990,0
166,204,跨境测试,0,RMB,0.0,0.0,0.0,,20220728000000,99990,0
167,205,跨境_ZCDY,0,RMB,0.0,0.0,0.0,,20220905000000,99990,0
168,206,港股测试286,0,RMB,0.0,0.0,0.0,,20220728000000,99990,0
169,207,合约A,0,RMB,0.0,0.0,0.0,,20220729000000,99990,0
170,208,合约B,0,RMB,0.0,0.0,0.0,,20220729000000,99990,0
171,209,对冲C,0,RMB,0.0,0.0,0.0,,20220729000000,99990,0
172,210,A产品,0,RMB,0.0,0.0,0.0,,20220729000000,99990,0
173,211,B产品,0,RMB,0.0,0.0,0.0,,20220729000000,99990,0
174,212,C产品,0,RMB,0.0,0.0,0.0,,20220915000000,99990,0
175,213,TOOD,0,RMB,0.0,0.0,0.0,,20220729000000,99990,0
175,214,TOOD2,0,RMB,0.0,0.0,0.0,,20220730000000,99990,0
176,215,海通现货,0,RMB,0.0,0.0,0.0,,20220802000000,99990,0
177,216,ZD产品1号,0,RMB,0.0,0.0,0.0,,20220812000000,ZDzd1,0
178,217,ZD产品2号,0,RMB,0.0,0.0,0.0,,20220804131034,99990,0
179,218,211,0,RMB,0.0,0.0,0.0,,20220808000000,99990,0
180,219,212,0,RMB,0.0,0.0,0.0,,20220808000000,99990,0
181,220,213,0,RMB,0.0,0.0,0.0,,20220808000000,99990,0
182,221,INTL,0,RMB,0.0,0.0,0.0,,20220808000000,99990,0
183,222,HL场外融券,0,RMB,0.0,0.0,0.0,,20220810000000,99990,0
184,223,INTL,0,RMB,0.0,0.0,0.0,,20220808000000,99990,0
185,224,QAX,0,RMB,0.0,0.0,0.0,,20220808000000,99990,0
186,225,QAXB,0,RMB,0.0,0.0,0.0,,20220808000000,99990,0
186,226,QAX,0,RMB,0.0,0.0,0.0,,20220808000000,99990,0
187,227,QAXC,0,RMB,0.0,0.0,0.0,,20220808000000,99990,0
188,228,JIAA,0,RMB,0.0,0.0,0.0,,20220808000000,99990,0
188,229,JIAA,0,RMB,0.0,0.0,0.0,,20220808000000,99990,0
189,230,JIBB,0,RMB,0.0,0.0,0.0,,20220808000000,99990,0
190,231,JICC,0,RMB,0.0,0.0,0.0,,20220808000000,99990,0
190,232,JICC,0,RMB,0.0,0.0,0.0,,20220808000000,99990,0
191,233, HL场外融券B机构,0,RMB,0.0,0.0,0.0,,20220808161831,99990,0
192,234,HL场外融券C机构,0,RMB,0.0,0.0,0.0,,20220810000000,99990,0
193,235,ZNKP测试,0,RMB,0.0,0.0,0.0,,20220809000000,99990,0
193,236,ZNKP测试,0,RMB,0.0,0.0,0.0,,20220809000000,99990,0
194,237,ZNKP测试1,0,RMB,0.0,0.0,0.0,,20220809000000,99990,0
194,238,ZNKP测试1,0,RMB,0.0,0.0,0.0,,20220809000000,99990,0
195,239,777,0,RMB,0.0,0.0,0.0,,20220809000000,99990,0
196,240,A机构融入方,0,RMB,44.0,0.15,0.0,25,20220810000000,99990,0
197,241,B机构（海通）,0,RMB,0.0,0.0,0.0,,20220810000000,99990,0
198,242,C机构（三方）,0,RMB,0.0,0.0,0.0,,20220810000000,99990,0
199,243,报告下载资产单元A,0,RMB,0.0,0.0,0.0,,20220811141219,99990,0
199,244,报告下载资产单元B,0,RMB,0.0,0.0,0.0,,20220811000000,99990,0
200,245,A1产品,0,RMB,0.0,0.0,0.0,,20220811000000,99990,0
201,246,A2产品,0,RMB,0.0,0.0,0.0,,20220811000000,99990,0
202,247,A3产品,0,RMB,0.0,0.0,0.0,,20220905000000,99990,0
203,248,A4产品,0,RMB,0.0,0.0,0.0,,20220811000000,99990,0
204,249,B1产品,0,RMB,0.0,0.0,0.0,,20220811000000,99990,0
205,250,B2产品,0,RMB,0.0,0.0,0.0,,20220811000000,99990,0
206,251,B3产品,0,RMB,0.0,0.0,0.0,,20220811000000,99990,0
207,252,B4产品,0,RMB,0.0,0.0,0.0,,20220811000000,99990,0
208,253,C1产品,0,RMB,0.0,0.0,0.0,,20220830000000,99990,0
209,254,C2产品,0,RMB,0.0,0.0,0.0,,20220811000000,99990,0
210,255,C3产品,0,RMB,0.0,0.0,0.0,,20220811000000,99990,0
211,256,C4产品,0,RMB,0.0,0.0,0.0,,20220811000000,99990,0
212,257,D1产品,0,RMB,0.0,0.0,0.0,,20220811000000,99990,0
213,258,D2产品,0,RMB,0.0,0.0,0.0,,20220811000000,99990,0
214,259,0001,0,RMB,0.0,0.0,0.0,,20220815000000,99990,0
215,260,0002,0,RMB,0.0,0.0,0.0,,20220815000000,99990,0
216,261,0003,0,RMB,0.0,0.0,0.0,,20220815000000,99990,0
217,262,081500,0,RMB,0.0,0.0,0.0,,20220815000000,99990,0
218,263,081501,0,RMB,0.0,0.0,0.0,,20220815000000,99990,0
219,264,A08151美股,0,RMB,0.0,0.0,0.0,,20220815000000,99990,0
220,265,MI产品1号,0,RMB,0.0,0.0,0.0,,20220815152626,99990,0
221,266,TH产品1号,0,RMB,0.0,0.0,0.0,,20220815154244,99990,0
223,268,海通现货1,0,RMB,0.0,0.0,0.0,,20220819000000,99990,0
225,270,A,0,RMB,0.0,0.0,0.0,,20220927000000,99990,0
226,271,CREDIT531,0,RMB,0.0,0.0,0.0,,20220820000000,99990,0
227,272,CREDIT,0,RMB,0.0,0.0,0.0,,20220820000000,99990,0
228,273,zhengli,0,RMB,0.0,0.0,0.0,,20220822143926,99990,0
229,274,中金现货测试,0,RMB,0.0,0.0,0.0,,20220920000000,99990,3
230,275,hl823,0,RMB,0.0,0.0,0.0,,20220823000000,99990,0
230,276,000020220823,0,RMB,0.0,0.0,0.0,,20220823000000,99990,0
231,277,wr交易测试产品01,0,RMB,0.0,0.0,0.0,,20221011000000,99990,0
232,278,0101,0,RMB,0.0,0.0,0.0,,20220824134347,99990,0
140,279,新资产单元,0,RMB,0.0,0.0,0.0,,20220824000000,gscfskk,0
233,280,cs产品简称1,0,RMB,0.0,0.0,0.0,,20220824151531,99990,0
234,281,cs产品简称2,1,RMB,0.0,0.0,0.0,,20220824160210,99990,0
235,282,cs产品简称21,0,RMB^HKD^USD,0.0,0.0,0.0,11111,20220824170323,99990,0
235,283,2222,0,RMB,0.0,0.0,0.0,222,20220824000000,99990,0
235,284,333333,0,RMB,0.0,0.0,0.0,,20220824000000,99990,0
2,285,7777,0,RMB,0.0,0.0,0.0,,20220825000000,99990,0
2,286,77777777,0,RMB,0.0,0.0,0.0,,20220825000000,99990,0
234,287,333333333,0,RMB,0.0,0.0,0.0,,20220825000000,99990,0
234,288,333333,0,RMB,0.0,0.0,0.0,,20220825000000,99990,0
236,289,测试5,1,RMB,0.0,0.0,0.0,,20220826140738,99990,0
237,290,006,1,RMB,0.0,0.0,0.0,,20220826140903,99990,0
196,291,22222,0,RMB,222.0,0.0,0.0,,20220826000000,99990,0
196,292,555,0,RMB,0.0,0.0,0.0,,20220826000000,99990,0
196,293,444,0,RMB,14.0,0.0,0.0,,20220826000000,99990,0
238,294,简称,0,RMB,0.0,0.0,0.0,,20220826183932,99990,0
196,295,899,0,RMB,0.0,0.0,0.0,,20220826000000,99990,0
239,296,SMKH4,0,RMB,0.0,0.0,0.0,,20220906000000,99990,2
239,297,KH4ZCDY,0,RMB,0.0,0.01,0.0,,20220906000000,99990,0
240,298,CP4ZCDY,0,RMB,0.0,0.0,0.0,,20220906000000,99990,0
241,299,SMZCDY2,0,RMB,0.0,0.0,0.0,,20220906000000,99990,0
242,300,现货交易-lhn,0,RMB,0.0,0.0,0.0,,20220829000000,99990,0
243,301,分中心产品,0,RMB,0.0,0.0,0.0,,20221011000000,99990,0
244,302,wr交易测试机构02,0,RMB,0.0,0.0,0.0,,20221011000000,99990,0
242,303,新增资产单元,0,RMB,0.0,0.0,0.0,,20220829000000,99990,0
242,304,中后台新增,0,RMB,0.0,0.0,0.0,,20220829000000,99990,0
245,305,wr交易测试产品03,0,RMB,0.0,0.0,0.0,,20221011000000,99990,0
231,306,wr交易测试产品02,0,RMB,0.0,0.0,0.0,,20220829000000,99990,0
242,307,可用计算（勿动）,0,RMB,0.0,0.0,0.0,,20220829000000,99990,0
231,308,wr强制撤单,0,RMB,0.0,0.0,0.0,,20220829000000,99990,0
231,309,wr20交易,0,RMB,0.0,0.0,0.0,,20220829000000,99990,0
11,310,222,0,RMB,0.0,0.0,0.0,,20220829000000,99990,0
231,311,内存刷新,0,RMB,0.0,0.0,0.0,,20220829000000,99990,0
246,312,信用产品,0,RMB,0.0,0.0,0.0,,20220829000000,99990,0
247,313,zj产品资金调整,0,RMB,0.0,0.0,0.0,,20220829185644,99990,0
246,314,信用1,0,RMB,0.0,0.0,0.0,,20220829000000,99990,0
243,315,新增分中心,0,RMB,0.0,0.0,0.0,,20220829000000,99990,0
247,316,zj资金测试,0,RMB,0.0,0.0,0.0,,20220829000000,99990,0
248,317,zll股份调整,0,RMB,0.0,0.0,0.0,,20220829202456,99990,0
248,318,zll期货,0,RMB,0.0,0.0,0.0,,20220902000000,99990,0
240,319,ZCDYCP5,0,RMB,0.0,0.0,0.0,,20221011000000,99990,0
136,320,001,0,RMB,0.0,0.0,0.0,,20220915000000,99990,0
249,321,wr内存刷新验证,0,RMB,0.0,0.0,0.0,,20220830101035,99990,0
250,322,1111,0,RMB,0.0,0.0,0.0,,20220830000000,99990,0
251,323,中金财富测试简称,0,RMB,0.0,0.0,0.0,,20220830000000,99990,0
2,324,test,0,RMB,0.0,0.0,0.0,,20220831000000,99990,0
252,325,testproduct,0,RMB,0.0,0.0,0.0,,20220830000000,99990,0
253,326,830交易,0,RMB,0.0,0.0,0.0,,20220830150104,88wl,0
254,327,资金调整,0,RMB,0.0,0.0,0.0,,20220830152252,99990,0
255,328,内存测试,0,RMB,0.0,0.0,0.0,,20220830154100,99990,0
247,329,Bt资金tesing,0,RMB,0.0,0.0,0.0,,20220830000000,99990,0
256,330,华泰联盟,0,RMB,0.0,0.0,0.0,,20220830161216,99990,0
248,331,zll期权资产单元,0,RMB,0.0,0.0,0.0,,20220830000000,99990,0
257,332,资金股份调整,0,RMB,0.0,0.0,0.0,,20220831000000,99990,0
258,333,test-1,0,RMB,0.0,0.0,0.0,,20220831000000,99990,0
259,334,test-2,0,RMB,0.0,0.0,0.0,,20220831000000,99990,0
260,335,资产推内存,0,RMB,0.0,0.0,0.0,,20220831000000,99990,0
261,336,资产推内存1,0,RMB,0.0,0.0,0.0,,20220831111742,99990,0
262,337,CPSQ1,0,RMB,10.0,0.0,0.0,,20220831000000,99990,0
262,338,CPSQ2,0,RMB,0.0,0.0,0.0,,20220831000000,99990,0
263,339,CPSQ2,0,RMB,0.0,0.0,0.0,,20220831000000,99990,0
264,340,CS11110101,0,RMB,0.0,0.0,0.0,,20220831112941,99990,0
265,341,资产推内存2,0,RMB,0.0,0.0,0.0,,20220831113509,99990,0
266,342,资产推送3,0,RMB,0.0,0.0,0.0,,20220831000000,99990,0
267,343,资产推送4,0,RMB,0.0,0.0,0.0,,20220831000000,99990,0
268,344,3131313,0,RMB,0.0,0.0,0.0,,20220831000000,99990,0
269,345,hg2llx,0,RMB,0.0,0.0,0.0,,20220831130614,hg2llx,0
270,346,CS22220101,0,RMB,0.0,0.0,0.0,,20220831140438,99990,0
271,347,zssh02,0,RMB,0.0,0.0,0.0,"20分中心,上海.",20220831000000,99990,0
272,348,zssz02,0,RMB,0.0,0.0,0.0,,20221011000000,99990,0
273,349,20220831产品,0,RMB,0.0,0.0,0.0,,20220831145730,99990,0
248,350,2323,0,RMB,0.0,0.0,0.0,,20220831000000,99990,0
274,351,test-内存,0,RMB,0.0,0.0,0.0,,20220831000000,99990,0
275,352,ceshiceshi,0,RMB,0.0,0.0,0.0,,20220831000000,99990,0
276,353,推内存,0,RMB,0.0,0.0,0.0,,20220831160224,99990,0
248,354,信用资产单元,0,RMB,0.0,0.0,0.0,,20220831000000,99990,0
248,355,zll现货资产单元,0,RMB,0.0,0.0,0.0,,20220831000000,99990,0
248,356,zll期货资产单元2,0,RMB,0.0,0.0,0.0,,20220902000000,99990,0
248,357,zll个股期权2,0,RMB,0.0,0.0,0.0,,20220831000000,99990,0
248,358,zll信用账户2,0,RMB,0.0,0.0,0.0,,20220831000000,99990,0
248,359,zll现货资产单元3,0,RMB,0.0,0.0,0.0,,20220831000000,99990,0
141,360,zz,0,RMB,0.0,0.0,0.0,,20220901000000,gscfskk,0
277,361,资产单元刷新,0,RMB,0.0,0.0,0.0,,20220901111538,99990,0
278,362,TEST-刷新,0,RMB,0.0,0.0,0.0,,20220901111717,99990,0
279,363,中金财富,0,RMB,0.0,0.0,0.0,,20220915000000,99990,0
2,364,111,0,RMB,0.0,0.0,0.0,,20220901000000,99990,0
280,365,复现内存推送,0,RMB,0.0,0.0,0.0,,20220901134024,99990,0
281,366,91wlCTS,0,RMB,0.0,0.0,0.0,,20220901141706,99990,0
282,367,新test,0,RMB,0.0,0.0,0.0,,20220901163537,99990,0
283,368,重新,0,RMB,0.0,0.0,0.0,,20220901165237,99990,0
283,369,新增,0,RMB,0.0,0.0,0.0,,20220901000000,99990,0
284,370,A30000101,0,RMB,0.0,0.0,0.0,,20220901170524,99990,0
283,371,新增2,0,RMB,0.0,0.0,0.0,,20220901000000,99990,0
283,372,44433,0,RMB,0.0,0.0,0.0,,20220901000000,99990,0
283,373,9999,0,RMB,0.0,0.0,0.0,,20220901000000,99990,0
285,374,刷新-test,0,RMB,0.0,0.0,0.0,,20220901171800,99990,0
283,375,283,0,RMB,0.0,0.0,0.0,,20220901000000,99990,0
283,376,1256,0,RMB,0.0,0.0,0.0,,20220901000000,99990,0
286,377,刷新-test22,0,RMB,0.0,0.0,0.0,,20220901191812,99990,0
287,378,815产品,0,RMB,0.0,0.0,0.0,,20220901203726,99990,0
288,379,initllx20101,0,RMB,0.0,0.0,0.0,,20220902093652,99990,0
289,380,A11110101,0,RMB,0.0,0.0,0.0,,20220902000000,99990,0
290,381,NANA050202,0,RMB,0.0,0.0,0.0,,20220902100238,99990,0
291,382,刷新内存-1,0,RMB,0.0,0.0,0.0,,20220902101701,99990,0
292,383,wr费用验证,0,RMB,0.0,0.0,0.0,,20220902104028,20220202,0
293,384,857产品简称,0,RMB,0.0,0.0,0.0,,20220902112028,99990,0
256,385,2323,0,RMB,0.0,0.0,0.0,,20220902000000,99990,0
294,386,33交易产品,0,RMB,0.0,0.0,0.0,,20220902000000,99990,0
295,387,5,0,RMB,0.0,0.0,0.0,,20220902142557,99990,0
296,388,S09020123,0,RMB,0.0,0.0,0.0,,20220902000000,99990,0
297,389,哈哈,0,RMB,0.0,0.0,0.0,,20220902163142,99990,0
298,390,新增刷新,0,RMB,0.0,0.0,0.0,,20220902164135,99990,0
298,391,新增2,0,RMB,0.0,0.0,0.0,,20220902000000,99990,0
299,392,NANA0020101,0,RMB,0.0,0.0,0.0,,20220902165119,99990,0
300,393,正常新增,0,RMB,0.0,0.0,0.0,,20220902165431,99990,0
301,394,GUI新增,0,RMB,0.0,0.0,0.0,,20220902000000,99990,0
302,395,initllx0101,0,RMB,0.0,0.0,0.0,,20220902170955,99990,0
303,396,SS,0,RMB,0.0,0.0,0.0,,20220902180244,99990,0
303,397,9999,0,RMB,0.0,0.0,0.0,,20220902000000,99990,0
303,398,77777,0,RMB,0.0,0.0,0.0,,20220902000000,99990,0
303,399,333333,0,RMB,0.0,0.0,0.0,,20220902000000,99990,0
303,400,6666,0,RMB,0.0,0.0,0.0,,20220902000000,99990,0
303,401,999,0,RMB,0.0,0.0,0.0,,20220902000000,99990,0
304,402,股份,0,RMB,0.0,0.0,0.0,,20220902185458,99990,0
305,403,约券持仓产品,0,RMB,0.0,0.0,0.0,,20220902185617,99990,0
306,404,initllx30303,0,RMB,0.0,0.0,0.0,,20220902185807,99990,0
304,405,999999,0,RMB,0.0,0.0,0.0,,20220902000000,99990,0
304,406,8888,0,RMB,0.0,0.0,0.0,,20220902000000,99990,0
304,407,1111111,0,RMB,0.0,0.0,0.0,,20220902000000,99990,0
249,408,wr信用账户,0,RMB,0.0,0.0,0.0,,20220902000000,99990,0
304,409,99995241,0,RMB,0.0,0.0,0.0,,20220902000000,99990,0
304,410,887774,0,RMB,0.0,0.0,0.0,,20220902000000,99990,0
304,411,000000098,0,RMB,100.0,0.0,0.0,,20220902000000,99990,0
304,412,66665555,0,RMB,0.0,0.0,0.0,,20220902000000,99990,0
307,413,NANA0030101,0,RMB,0.0,0.0,0.0,,20220902193210,99990,0
308,414,xikang,0,RMB,0.0,0.0,0.0,,20220902193608,99990,0
253,415,验证,0,RMB,0.0,0.0,0.0,,20220902000000,99990,0
309,416,A22220101,0,RMB,0.0,0.0,0.0,,20220902194412,99990,0
2,417,202252,0,RMB,0.0,0.0,0.0,,20220902000000,99990,0
310,418,NANA0060101,0,RMB,0.0,0.0,0.0,,20220902195425,99990,0
311,419,NANA0070202,0,RMB,0.0,0.0,0.0,,20220902195556,99990,0
312,420,zjcp4,0,RMB,0.0,0.0,0.0,,20220902000000,99990,0
313,421,修改,0,RMB,0.0,0.0,0.0,,20220902200609,99990,0
314,422,NANA0080101,0,RMB,0.0,0.0,0.0,,20220902200856,99990,0
315,423,zjhd,0,RMB,0.0,0.0,0.0,,20220902000000,99990,0
316,424,XHCS,0,RMB,0.0,0.0,0.0,,20220902000000,99990,0
313,425,55555,0,RMB,0.0,0.0,0.0,,20220902000000,99990,0
317,426,重新验证,0,RMB,0.0,0.0,0.0,,20220902204312,99990,0
317,427,36655,0,RMB,0.0,0.0,0.0,,20220902000000,99990,0
317,428,317,0,RMB,0.0,0.0,0.0,,20220902000000,99990,0
318,429,NANA0100101,0,RMB,0.0,0.0,0.0,,20220902205142,99990,0
2,430,8888888,0,RMB,0.0,0.0,0.0,,20220902000000,99990,0
2,431,989745613,0,RMB,0.0,0.0,0.0,,20220902000000,99990,0
2,432,1211231231,0,RMB,0.0,0.0,0.0,,20220902000000,99990,0
317,433,677,0,RMB,0.0,0.0,0.0,,20220902000000,99990,0
2,434,12123123,0,RMB,0.0,0.0,0.0,,20220902000000,99990,0
2,435,1111231,0,RMB,0.0,0.0,0.0,,20220902000000,99990,0
317,436,988,0,RMB,0.0,0.0,0.0,,20220902000000,99990,0
317,437,437,0,RMB,0.0,0.0,0.0,,20220902000000,99990,0
2,438,999666333,0,RMB,0.0,0.0,0.0,,20220902000000,99990,0
317,439,438,0,RMB,0.0,0.0,0.0,,20220902000000,99990,0
3,440,12312313,0,RMB,0.0,0.0,0.0,,20220902000000,99990,0
3,441,1212132,0,RMB,0.0,0.0,0.0,,20220902000000,99990,0
3,442,112312321,0,RMB,0.0,0.0,0.0,,20220902000000,99990,0
3,443,12312312,0,RMB,0.0,0.0,0.0,,20220902000000,99990,0
3,444,96874562,0,RMB,0.0,0.0,0.0,,20220902000000,99990,0
5,445,123,0,RMB,0.0,0.0,0.0,,20220902000000,99990,0
317,446,440,0,RMB,0.0,0.0,0.0,,20220902000000,99990,0
319,447,资金股份调整,0,RMB,0.0,0.0,0.0,,20220902220134,99990,0
320,448,init12310101,0,RMB,0.0,0.0,0.0,,20220902220205,99990,0
321,449,NANA2120202,0,RMB,0.0,0.0,0.0,,20220902220958,99990,0
322,450,gscfxxh0505,0,RMB,0.0,0.0,0.0,,20220902221536,99990,0
323,451,88550101,0,RMB,0.0,0.0,0.0,,20220902223743,88wl,0
324,452,gscf48560202,0,RMB,0.0,0.0,0.0,,20220902224105,99990,0
325,453,NANA1230303,0,RMB,0.0,0.0,0.0,,20220902224246,99990,0
326,454,qwerzj120404,0,RMB,0.0,0.0,0.0,,20220902224603,99990,0
327,455,88990101,0,RMB,0.0,0.0,0.0,,20220902231838,88wl,0
328,456,gscfzj560101,0,RMB,0.0,0.0,0.0,,20220903002729,99990,0
329,457,gscfzj130202,0,RMB,0.0,0.0,0.0,,20220903002831,99990,0
330,458,NANA5560303,0,RMB,0.0,0.0,0.0,,20220903124709,99990,0
243,459,新增股份,0,RMB,0.0,0.0,0.0,,20220903000000,99990,0
331,460,3P,0,RMB,0.0,0.0,0.0,,20220903125945,99990,0
332,461,NANA960101,0,RMB,0.0,0.0,0.0,,20220903141515,99990,0
333,462,NANA950202,0,RMB,0.0,0.0,0.0,,20220903141642,99990,0
334,463,NANA970404,0,RMB,0.0,0.0,0.0,,20220903141727,99990,0
335,464,TESSzj120606,0,RMB,0.0,0.0,0.0,,20220903142709,99990,0
336,465,hazczj891111,0,RMB,0.0,0.0,0.0,,20220903142826,99990,0
337,466,hazczjyy1414,0,RMB,0.0,0.0,0.0,,20220903142910,99990,0
338,467,hazczj111717,0,RMB,0.0,0.0,0.0,,20220903142939,99990,0
339,468,hazczjab2020,0,RMB,0.0,0.0,0.0,,20220903143209,99990,0
340,469,hazczjop2323,0,RMB,0.0,0.0,0.0,,20220903143639,99990,0
341,470,hazczjo12525,0,RMB,0.0,0.0,0.0,,20220903143910,99990,0
342,471,NANA362626,0,RMB,0.0,0.0,0.0,,20220903144038,99990,0
242,472,期货,0,RMB,0.0,0.0,0.0,,20220903000000,NANA03,0
343,473,fkllx01,0,RMB,0.0,0.0,0.0,,20220903150821,99990,0
344,474,fkllx02,0,RMB,0.0,0.0,0.0,,20220903150848,99990,0
345,475,fkllx04,0,RMB,0.0,0.0,0.0,,20220903151255,99990,0
346,476,NANA640101,0,RMB,0.0,0.0,0.0,,20220903155347,99990,0
347,477,NANA260303,0,RMB,0.0,0.0,0.0,,20220903155532,99990,0
348,478,NANA9880101,0,RMB,0.0,0.0,0.0,,20220903160538,99990,0
349,479,NANA6540303,0,RMB,0.0,0.0,0.0,,20220903160633,99990,0
350,480,gscfzty0404,0,RMB,0.0,0.0,0.0,,20220903161134,99990,0
351,481,NANA5890101,0,RMB,0.0,0.0,0.0,,20220903164853,99990,0
352,482,NANA0090303,0,RMB,0.0,0.0,0.0,,20220903164945,99990,0
353,483,gscffll0101,0,RMB,0.0,0.0,0.0,,20220903170622,99990,0
354,484,gscfzs0606,0,RMB,0.0,0.0,0.0,,20220903172316,99990,0
355,485,33333,0,RMB,0.0,0.0,0.0,,20220903172648,99990,0
356,486,NANA9630707,0,RMB,0.0,0.0,0.0,,20220903173030,99990,0
357,487,gscfzll00808,0,RMB,0.0,0.0,0.0,,20220903173135,99990,0
358,488,NANA8520909,0,RMB,0.0,0.0,0.0,,20220903173435,99990,0
359,489,gscf12271010,0,RMB,0.0,0.0,0.0,,20220903173626,99990,0
360,490,NANA7411212,0,RMB,0.0,0.0,0.0,,20220903173704,99990,0
361,491,NANA3211313,0,RMB,0.0,0.0,0.0,,20220903173823,99990,0
362,492,gscf8881818,0,RMB,0.0,0.0,0.0,1,20220903180214,99990,0
363,493,NANA1471919,0,RMB,0.0,0.0,0.0,,20220903182052,99990,0
364,494,NANA6982020,0,RMB,0.0,0.0,0.0,,20220903182205,99990,0
248,495,验证期货,0,RMB,0.0,0.0,0.0,,20220903000000,99990,0
365,496,NANA00672121,0,RMB,0.0,0.0,0.0,,20220903183045,99990,0
357,497,123,0,RMB,0.0,0.0,0.0,,20220903000000,99990,0
366,498,gscfwl0101,0,RMB,0.0,0.0,0.0,,20220903184155,99990,0
367,499,gscf27120404,0,RMB,0.0,0.0,0.0,,20220903190648,99990,0
368,500,NANA3650505,0,RMB,0.0,0.0,0.0,,20220903191107,99990,0
369,501,gscf3690707,0,RMB,0.0,0.0,0.0,,20220903191246,99990,0
370,502,gscf8860808,0,RMB,0.0,0.0,0.0,,20220903191416,99990,0
371,503,NANA6920909,0,RMB,0.0,0.0,0.0,,20220903191523,99990,0
372,504,NANA9531010,0,RMB,0.0,0.0,0.0,,20220903191653,99990,0
373,505,NANA6951111,0,RMB,0.0,0.0,0.0,,20220903191855,99990,0
374,506,NANA7680101,0,RMB,0.0,0.0,0.0,,20220903194029,99990,0
375,507,NANA2080404,0,RMB,0.0,0.0,0.0,,20220903194127,99990,0
376,508,sbl开发测试1,0,RMB,0.0,0.0,0.0,,20220905000000,99990,0
377,509,sbl开发测试2,0,RMB,0.0,0.0,0.0,,20220905000000,99990,0
378,510,sbl开发测试3,0,RMB,0.0,0.0,0.0,,20220905000000,99990,0
379,511,sbl开发二测试1,0,RMB,0.0,0.0,0.0,,20220905000000,99990,0
380,512,sbl开发二测试2,0,RMB,0.0,0.0,0.0,,20220905000000,99990,0
381,513,sbl开发二测试3,0,RMB,0.0,0.0,0.0,,20220905000000,99990,0
382,514,A12340101,0,RMB,0.0,0.0,0.0,,20220905152846,99990,0
383,515,sbl产品测试1,0,RMB,0.0,0.0,0.0,,20220905000000,99990,0
384,516,sbl产品测试2,0,RMB,0.0,0.0,0.0,,20220905000000,99990,0
385,517,sbl产品测试3,0,RMB,0.0,0.0,0.0,,20220905000000,99990,0
386,518,测试产品1,0,RMB,0.0,0.0,0.0,,20220907000000,99990,0
387,519,股份调整简称,0,RMB,0.0,0.0,0.0,,20220905164717,99990,0
241,520,SMZCDY3,0,RMB,0.0,0.0,0.0,,20220915000000,99990,0
388,521,A62306230202,0,RMB,0.0,0.0,0.0,,20220905172828,99990,0
389,522,开户流程验证,0,RMB,0.0,0.0,0.0,,20220905174558,99990,0
390,523,开户流程验证623,0,RMB,0.0,0.0,0.0,,20220905174712,99990,0
391,524,4018产品简称,0,RMB,0.0,0.0,0.0,,20220905174901,,0
392,525,9338产品简称,0,RMB,0.0,0.0,0.0,,20220905175134,,0
393,526,2195产品简称,0,RMB,0.0,0.0,0.0,,20220905175203,,0
394,527,7797产品简称,0,RMB,0.0,0.0,0.0,,20220905175259,,0
395,528,4997产品简称,0,RMB,0.0,0.0,0.0,,20220905175910,,0
396,529,4741产品简称,0,RMB,0.0,0.0,0.0,,20220905182048,,0
397,530,6507产品简称,0,RMB,0.0,0.0,0.0,,20220905182426,,0
398,531,5269产品简称,0,RMB,0.0,0.0,0.0,,20220905182553,,0
26,532,tocs,0,RMB,0.0,0.0,0.0,,20220905000000,99990,2
400,534,1555产品简称,0,RMB,0.0,0.0,0.0,,20220906113335,,0
401,535,5409产品简称,0,RMB,0.0,0.0,0.0,,20220906113734,,0
7,536,QQZQ现货2,0,RMB,10.0,0.0,0.0,,20220906000000,99990,0
7,537,3333,0,RMB,10.0,0.0,0.0,,20220906000000,99990,0
402,538,开户流程验证062,0,RMB,0.0,0.0,0.0,,20220906140342,99990,0
399,539,qsca-a资单,0,RMB,0.0,0.0,0.0,,20220906000000,99990,0
403,540,S090600,0,RMB,0.0,0.0,0.0,,20220906000000,99990,0
404,541,4524产品简称,0,RMB,0.0,0.0,0.0,,20220906142545,,0
405,542,6197产品简称,0,RMB,0.0,0.0,0.0,,20220906142602,,0
406,543,6595产品简称,0,RMB,0.0,0.0,0.0,,20220906144245,,0
407,544,0885产品简称,0,RMB,0.0,0.0,0.0,,20220906144648,99990,0
408,545,A15901590404,0,RMB,0.0,0.0,0.0,,20220906150434,99990,0
409,546,开户流程验证748,0,RMB,0.0,0.0,0.0,,20220906150550,99990,0
410,547,开户流程验证734,0,RMB,0.0,0.0,0.0,,20220906150919,99990,0
411,548,9399产品简称,0,RMB,0.0,0.0,0.0,,20220906150953,99990,0
412,549,开户流程验证965,0,RMB,0.0,0.0,0.0,,20220906151132,99990,0
413,550,GG0906,0,RMB,0.0,0.0,0.0,,20220906000000,99990,0
414,551,开户流程验证713,0,RMB,0.0,0.0,0.0,,20220906172440,99990,0
415,552,开户流程验证312,0,RMB,0.0,0.0,0.0,,20220906172526,99990,0
416,553,A40504050505,0,RMB,0.0,0.0,0.0,,20220907112437,99990,0
417,554,A57605760606,0,RMB,0.0,0.0,0.0,,20220907113858,99990,0
418,555,开户流程验证957,0,RMB,0.0,0.0,0.0,,20220907114232,99990,0
419,556,开户流程验证261,0,RMB,0.0,0.0,0.0,,20220907114246,99990,0
420,557,A05000500707,0,RMB,0.0,0.0,0.0,,20220907114314,99990,0
421,558,A52605260808,0,RMB,0.0,0.0,0.0,,20220907131548,99990,0
422,559,A02200220909,0,RMB,0.0,0.0,0.0,,20220907132104,99990,0
423,560,A95509551010,0,RMB,0.0,0.0,0.0,,20220907132513,99990,0
424,561,A78307831111,0,RMB,0.0,0.0,0.0,,20220907133601,99990,0
425,562,开户流程验证576,0,RMB,0.0,0.0,0.0,,20220907134344,99990,0
426,563,A29402941414,0,RMB,0.0,0.0,0.0,,20220907134736,99990,0
427,564,A69306931515,0,RMB,0.0,0.0,0.0,,20220907134741,99990,0
428,565,开户流程验证711,0,RMB,0.0,0.0,0.0,,20220907134751,99990,0
429,566,A98309831616,0,RMB,0.0,0.0,0.0,,20220907135133,99990,0
430,567,A88608861717,0,RMB,0.0,0.0,0.0,,20220907135502,99990,0
431,568,A02400241818,0,RMB,0.0,0.0,0.0,,20220907144654,99990,0
432,569,Bond,0,RMB,0.0,0.0,0.0,,20220907000000,99990,0
433,570,A07900792020,0,RMB,0.0,0.0,0.0,,20220907172023,99990,0
434,571,A90909092121,0,RMB,0.0,0.0,0.0,,20220907172342,99990,0
435,572,A84908492424,0,RMB,0.0,0.0,0.0,,20220907172831,99990,0
436,573,A53205322525,0,RMB,0.0,0.0,0.0,,20220907173008,99990,0
437,574,A16101612626,0,RMB,0.0,0.0,0.0,,20220907173215,99990,0
438,575,A15601562727,0,RMB,0.0,0.0,0.0,,20220907173755,99990,0
439,576,A51705172828,0,RMB,0.0,0.0,0.0,,20220907181009,99990,0
440,577,A27402742929,0,RMB,0.0,0.0,0.0,,20220907181235,99990,0
441,578,A01600163030,0,RMB,0.0,0.0,0.0,,20220907181313,99990,0
442,579,开户流程验证626,0,RMB,0.0,0.0,0.0,,20220907181559,99990,0
443,580,开户流程验证760,0,RMB,0.0,0.0,0.0,,20220907181720,99990,0
444,581,A81408143131,0,RMB,0.0,0.0,0.0,,20220908095211,99990,0
445,582,2009产品简称,0,RMB,0.0,0.0,0.0,,20220908100840,99990,0
446,583,A55005503232,0,RMB,0.0,0.0,0.0,,20220908102328,99990,0
447,584,A01800183535,0,RMB,0.0,0.0,0.0,,20220908103633,99990,0
448,585,A69406943636,0,RMB,0.0,0.0,0.0,,20220908110750,99990,0
449,586,A18901893737,0,RMB,0.0,0.0,0.0,,20220908111044,99990,0
450,587,A28002803838,0,RMB,0.0,0.0,0.0,,20220908111135,99990,0
451,588,A70707070101,0,RMB,0.0,0.0,0.0,,20220908111729,99990,0
452,589,开户流程验证753,0,RMB,0.0,0.0,0.0,,20220908111831,99990,0
453,590,开户流程验证639,0,RMB,0.0,0.0,0.0,,20220908111920,99990,0
454,592,张永吉资产单元,0,RMB,20.0,0.0,0.0,,20220908000000,99990,0
455,593,A65006500303,0,RMB,0.0,0.0,0.0,,20220908145320,99990,0
456,594,A92709270505,0,RMB,0.0,0.0,0.0,,20220908145623,99990,0
457,595,A96909690606,0,RMB,0.0,0.0,0.0,,20220908145853,99990,0
458,596,A76207620909,0,RMB,0.0,0.0,0.0,,20220908150352,99990,0
459,597,A82908291010,0,RMB,0.0,0.0,0.0,,20220908150542,99990,0
460,598,A07700771111,0,RMB,0.0,0.0,0.0,,20220908150925,99990,0
461,599,A06100611313,0,RMB,0.0,0.0,0.0,,20220908151334,99990,0
462,600,开户流程验证909,0,RMB,0.0,0.0,0.0,,20220909090119,99990,0
463,601,一个资产单元两个投资组合,0,RMB,0.0,0.0,0.0,,20220909000000,99990,0
464,602,两个资产单元两个投资组合,0,RMB,0.0,0.0,0.0,,20220909000000,99990,0
463,603,213222,0,RMB,0.0,0.0,0.0,,20220909000000,99990,0
466,605,开户流程验证293,0,RMB,0.0,0.0,0.0,,20220913090106,99990,0
467,606,现场0913,0,RMB,0.0,0.0,0.0,,20220913000000,99990,0
468,607,LLAA,0,RMB,0.0,0.0,0.0,,20220913000000,99990,0
469,608,LLBB,0,RMB,0.0,0.0,0.0,,20220913000000,99990,0
469,609,LLBB,0,RMB,0.0,0.0,0.0,,20220913000000,99990,0
470,610,LLAB,1,RMB,0.0,0.0,0.0,,20220913000000,99990,0
470,611,LLAB,0,RMB,0.0,0.0,0.0,,20220913000000,99990,0
471,613,FQAA,0,RMB,0.0,0.0,0.0,,20220913000000,99990,0
472,614,ANAN,0,RMB,0.0,0.0,0.0,,20220913000000,99990,0
472,615,ANAN,0,RMB,0.0,0.0,0.0,,20220913000000,99990,0
473,616,012,0,RMB,0.0,0.0,0.0,,20220913160505,99990,0
474,617,gscf10140101,0,RMB,0.0,0.0,0.0,,20220913170149,99990,0
475,618,开户流程验证349,0,RMB,0.0,0.0,0.0,,20220914090107,99990,0
476,619,A24002400202,0,RMB,0.0,0.0,0.0,,20220914095206,99990,0
477,620,A96609660303,0,RMB,0.0,0.0,0.0,,20220914100502,99990,0
478,621,A36403640404,0,RMB,0.0,0.0,0.0,,20220914105907,99990,0
479,622,开户流程验证543,0,RMB,0.0,0.0,0.0,,20220914110009,99990,0
480,623,fund020505,0,RMB,0.0,0.0,0.0,,20220914135253,99990,0
481,624,8955产品简称,0,RMB,0.0,0.0,0.0,,20220914142950,99990,0
482,625,8888,0,RMB,0.0,0.0,0.0,,20220914144114,99990,0
483,626,14产品简称,0,RMB,0.0,0.0,0.0,,20220914151820,99990,0
484,627,32产品简称,0,RMB,0.0,0.0,0.0,,20220914153807,,0
485,628,21产品简称,0,RMB,0.0,0.0,0.0,,20220914154728,99990,0
486,629,92产品简称,0,RMB,0.0,0.0,0.0,,20220914154800,99990,0
487,630,个性化费用,0,RMB,0.0,0.0,0.0,,20220914000000,99990,0
489,632,915test,0,RMB,0.0,0.0,0.0,,20220915140458,99990,0
490,633,33个股期权-X市场,0,RMB,0.0,0.0,0.0,,20220915142720,99990,0
489,634,9999,0,RMB,0.0,0.0,0.0,,20220915000000,99990,0
491,635,hi客户,0,RMB,0.0,0.0,0.0,,20220915184628,99990,0
492,636,开户流程验证259,0,RMB,0.0,0.0,0.0,,20220916090105,99990,0
2,637,1231,0,RMB,0.0,0.0,0.0,,20220916000000,99990,0
2,638,12,0,RMB,0.0,0.0,0.0,,20220916000000,99990,0
493,639,A16501650101,0,RMB,0.0,0.0,0.0,,20220916095205,99990,0
494,640,NANA1020101,0,RMB,0.0,0.0,0.0,,20220916132810,99990,0
242,641,个股期权,0,RMB,0.0,0.0,0.0,,20220916000000,99990,0
242,642,信用,0,RMB,0.0,0.0,0.0,,20220916000000,99990,0
495,643,简称33,0,RMB,0.0,0.0,0.0,,20220916000000,99990,0
496,644,111111,0,RMB,0.0,0.0,0.0,,20220916000000,99990,0
109,645,hazel测试信用,0,RMB,0.0,0.0,0.0,,20220916000000,99990,0
109,646,hazel测试期权,0,RMB,0.0,0.0,0.0,,20220916000000,99990,0
490,647,33个股期权-Y市场,0,RMB,0.0,0.0,0.0,,20220916000000,gscf33,0
497,648,874521,0,RMB,0.0,0.0,0.0,,20220916180638,88wl,0
498,649,开户流程验证109,0,RMB,0.0,0.0,0.0,,20220919090112,99990,0
499,650,A64806480101,0,RMB,0.0,0.0,0.0,,20220919095218,99990,0
500,651,A41204120202,0,RMB,0.0,0.0,0.0,,20220919105633,99990,0
501,652,A61706170303,0,RMB,0.0,0.0,0.0,,20220919110225,99990,0
502,653,62产品简称,0,RMB,0.0,0.0,0.0,,20220919114116,,0
503,654,51产品简称,0,RMB,0.0,0.0,0.0,,20220919132051,99990,0
504,655,314产品简称,0,RMB,0.0,0.0,0.0,,20220919133352,99990,0
505,656,zff314000404,0,RMB,0.0,0.0,0.0,,20220919134721,99990,0
506,657,zff314110505,0,RMB,0.0,0.0,0.0,,20220919134905,99990,0
507,658,zff314020606,0,RMB,0.0,0.0,0.0,,20220919135042,99990,0
508,659,wr约券持仓调整,0,RMB,0.0,0.0,0.0,,20220919135437,A2000,0
509,660,times产品简称,0,RMB,0.0,0.0,0.0,,20220919142911,,0
510,661,653产品简称,0,RMB,0.0,0.0,0.0,,20220919143246,99990,0
511,662,956产品简称,0,RMB,0.0,0.0,0.0,,20220919143316,99990,0
513,664,压测产品08,0,RMB,0.0,0.0,0.0,,20220919000000,99990,3
514,665,压测产品09,0,RMB,0.0,0.0,0.0,,20220919000000,99990,3
516,667,hl01,0,RMB,0.0,0.0,0.0,,20220930000000,99990,41
508,669,wr02,0,RMB,0.0,0.0,0.0,,20220919000000,99990,0
518,670,A18501850707,0,RMB,0.0,0.0,0.0,,20220919174048,99990,0
519,671,hl001,0,RMB,0.0,0.0,0.0,,20220929000000,99990,41
520,672,A49504950808,0,RMB,0.0,0.0,0.0,,20220919180347,99990,0
521,673,A23602360909,0,RMB,0.0,0.0,0.0,,20220919180615,99990,0
522,674,A40604061010,0,RMB,0.0,0.0,0.0,,20220919180956,99990,0
523,675,A17001701313,0,RMB,0.0,0.0,0.0,,20220919181304,99990,0
524,676,A81008101515,0,RMB,0.0,0.0,0.0,,20220919181851,99990,0
525,677,A81018102020,0,RMB,0.0,0.0,0.0,,20220919182325,99990,0
526,678,A14501452121,0,RMB,0.0,0.0,0.0,,20220919182450,99990,0
527,679,A41704172222,0,RMB,0.0,0.0,0.0,,20220919182523,99990,0
528,680,A85108512323,0,RMB,0.0,0.0,0.0,,20220919182630,99990,0
529,681,开户流程验证985,0,RMB,0.0,0.0,0.0,,20220920090103,99990,0
530,682,A35503552424,0,RMB,0.0,0.0,0.0,,20220920095207,99990,0
531,683,A22202222525,0,RMB,0.0,0.0,0.0,,20220920095354,99990,0
532,684,A18201822626,0,RMB,0.0,0.0,0.0,,20220920095355,99990,0
533,685,A94009402727,0,RMB,0.0,0.0,0.0,,20220920095702,99990,0
534,686,A21202122828,0,RMB,0.0,0.0,0.0,,20220920095725,99990,0
535,687,296产品简称,0,RMB,0.0,0.0,0.0,,20220920100209,99990,0
536,688,A22102212929,0,RMB,0.0,0.0,0.0,,20220920101346,99990,0
537,689,A79207923131,0,RMB,0.0,0.0,0.0,,20220920105344,99990,0
538,690,A40304033232,0,RMB,0.0,0.0,0.0,,20220920113037,99990,0
539,691,A04800483333,0,RMB,0.0,0.0,0.0,,20220920113333,99990,0
540,692,A60106013434,0,RMB,0.0,0.0,0.0,,20220920113529,99990,0
542,694,A07300733535,0,RMB,0.0,0.0,0.0,,20220920113854,99990,0
543,695,A32803283636,0,RMB,0.0,0.0,0.0,,20220920114106,99990,0
544,696,开户流程验证245,0,RMB,0.0,0.0,0.0,,20220920131615,99990,0
545,697,开户流程验证873,0,RMB,0.0,0.0,0.0,,20220920132621,99990,0
546,698,080产品简称,0,RMB,0.0,0.0,0.0,,20220920134149,99990,0
547,699,A14601460101,0,RMB,0.0,0.0,0.0,,20220920134325,99990,0
548,700,841产品简称,0,RMB,0.0,0.0,0.0,,20220920134445,99990,0
549,701,855产品简称,0,RMB,0.0,0.0,0.0,,20220920134806,99990,0
550,702,348产品简称,0,RMB,0.0,0.0,0.0,,20220920140356,99990,0
552,704,复制产品验证212,0,RMB,0.0,0.0,0.0,,20220920141424,99990,0
553,705,gscf12120202,0,RMB,0.0,0.0,0.0,,20220920141741,99990,0
554,706,债券,0,RMB,0.0,0.0,0.0,,20220920000000,99990,0
555,707,A8891110707,0,RMB,0.0,0.0,0.0,,20220920145727,99990,0
556,708,A88908890808,0,RMB,0.0,0.0,0.0,,20220920150128,99990,0
557,709,开户流程验证212,0,RMB,0.0,0.0,0.0,,20220920150133,99990,0
559,711,复制产品验证171,0,RMB,0.0,0.0,0.0,,20220920150520,99990,0
561,713,复制产品验证421,0,RMB,0.0,0.0,0.0,,20220920150725,99990,0
563,715,复制产品验证837,0,RMB,0.0,0.0,0.0,,20220920150948,99990,0
564,716,开户流程验证421,0,RMB,0.0,0.0,0.0,,20220920154458,99990,0
557,718,01,0,RMB,0.0,0.0,0.0,,20220920000000,99990,0
88,719,heli611,0,,0.0,0.0,0.0,,20220920000000,99990,0
88,720,heli601,0,RMB,0.0,0.0,0.0,,20220920000000,99990,0
565,722,开户流程验证305,0,RMB,0.0,0.0,0.0,,20220920181533,99990,0
566,723,gscf3311010,0,RMB,0.0,0.0,0.0,,20220920181611,99990,0
567,724,开户流程验证155,0,RMB,0.0,0.0,0.0,,20220920181838,99990,0
568,725,开户流程验证597,0,RMB,0.0,0.0,0.0,,20220921090103,99990,0
569,726,A38303831414,0,RMB,0.0,0.0,0.0,,20220921092901,99990,0
570,727,init11111515,0,RMB,0.0,0.0,0.0,,20220921092904,99990,0
572,729,复制产品验证190,0,RMB,0.0,0.0,0.0,,20220921093203,99990,0
584,741,A33622220101,0,RMB,0.0,0.0,0.0,,20220921153647,99990,0
585,742,开户流程验证035,0,RMB,0.0,0.0,0.0,,20220921154004,99990,0
586,743,开户流程验证522,0,RMB,0.0,0.0,0.0,,20220921154129,99990,0
588,745,A76607660202,0,RMB,0.0,0.0,0.0,,20220921154357,99990,0
589,746,开户流程验证174,0,RMB,0.0,0.0,0.0,,20220921154405,99990,0
587,747,华泰两融资产单元,0,RMB,0.0,0.0,0.0,,20220921000000,99990,0
592,750,开户流程验证331,0,RMB,0.0,0.0,0.0,,20220921154816,99990,0
594,752,开户流程验证979,0,RMB,0.0,0.0,0.0,,20220921155713,99990,0
595,753,开户流程验证441,0,RMB,0.0,0.0,0.0,,20220921155738,99990,0
596,754,开户流程验证718,0,RMB,0.0,0.0,0.0,,20220921160031,99990,0
597,755,开户流程验证583,0,RMB,0.0,0.0,0.0,,20220921163209,99990,0
598,756,A17401740303,0,RMB,0.0,0.0,0.0,,20220921180051,99990,0
599,757,A14101410404,0,RMB,0.0,0.0,0.0,,20220921180521,99990,0
600,758,A83308330606,0,RMB,0.0,0.0,0.0,,20220921180748,99990,0
601,759,开户流程验证024,0,RMB,0.0,0.0,0.0,,20220922090100,99990,0
602,760,开户流程验证454,0,RMB,0.0,0.0,0.0,,20220922092308,99990,0
603,761,A04300430707,0,RMB,0.0,0.0,0.0,,20220922092904,99990,0
605,763,复制产品验证907,0,RMB,0.0,0.0,0.0,,20220922093204,99990,0
606,764,A36003600808,0,RMB,0.0,0.0,0.0,,20220922095207,99990,0
607,765,开户流程验证394,0,RMB,0.0,0.0,0.0,,20220922095227,99990,0
608,766,A58705870909,0,RMB,0.0,0.0,0.0,,20220922102839,99990,0
609,767,A93409341111,0,RMB,0.0,0.0,0.0,,20220922111903,99990,0
610,768,A47704771212,0,RMB,0.0,0.0,0.0,,20220922112038,99990,0
611,769,A86008601313,0,RMB,0.0,0.0,0.0,,20220922135921,99990,0
612,770,A57505750101,0,RMB,0.0,0.0,0.0,,20220922162817,99990,0
613,771,开户流程验证033,0,RMB,0.0,0.0,0.0,,20220922163003,99990,0
614,772,A83508350202,0,RMB,0.0,0.0,0.0,,20220922163838,99990,0
615,773,A72607260303,0,RMB,0.0,0.0,0.0,,20220922164050,99990,0
616,774,A11101110404,0,RMB,0.0,0.0,0.0,,20220922164403,99990,0
617,775,A96209620505,0,RMB,0.0,0.0,0.0,,20220922174642,99990,0
618,776,A78607860606,0,RMB,0.0,0.0,0.0,,20220922174837,99990,0
619,777,A76007600707,0,RMB,0.0,0.0,0.0,,20220922175037,99990,0
620,778,开户流程验证010,0,RMB,0.0,0.0,0.0,,20220922182252,99990,0
621,779,开户流程验证801,0,RMB,0.0,0.0,0.0,,20220923090101,99990,0
622,780,开户流程验证002,0,RMB,0.0,0.0,0.0,,20220923091603,99990,0
623,781,开户流程验证184,0,RMB,0.0,0.0,0.0,,20220923092305,99990,0
624,782,A78107810808,0,RMB,0.0,0.0,0.0,,20220923092901,99990,0
626,784,复制产品验证852,0,RMB,0.0,0.0,0.0,,20220923093203,99990,0
627,785,A11501150101,0,RMB,0.0,0.0,0.0,,20220923095207,99990,0
628,786,开户流程验证278,0,RMB,0.0,0.0,0.0,,20220923095227,99990,0
629,787,开户流程验证021,0,RMB,0.0,0.0,0.0,,20220923111604,99990,0
631,789,复制产品验证994,0,RMB,0.0,0.0,0.0,,20220923111612,99990,0
633,791,复制产品验证464,0,RMB,0.0,0.0,0.0,,20220923111729,99990,0
634,792,压测产品10,0,RMB,0.0,0.0,0.0,,20220923000000,99990,0
635,793,压测产品11,0,RMB,0.0,0.0,0.0,,20220923000000,99990,0
636,794,压测产品12,0,RMB,0.0,0.0,0.0,,20220923000000,99990,0
637,795,开户流程验证681,0,RMB,0.0,0.0,0.0,,20220926090100,99990,0
638,796,开户流程验证054,0,RMB,0.0,0.0,0.0,,20220926091604,99990,0
639,797,开户流程验证077,0,RMB,0.0,0.0,0.0,,20220926092301,99990,0
640,798,A20502050101,0,RMB,0.0,0.0,0.0,,20220926092905,99990,0
642,800,复制产品验证096,0,RMB,0.0,0.0,0.0,,20220926093205,99990,0
643,801,A02900290202,0,RMB,0.0,0.0,0.0,,20220926095204,99990,0
644,802,开户流程验证925,0,RMB,0.0,0.0,0.0,,20220926095223,99990,0
645,803,926测试,0,RMB,0.0,0.0,0.0,,20220926152658,99990,0
646,804,gscftest0303,0,RMB,0.0,0.0,0.0,,20220926153216,gscfzj,0
647,805,zj产品测试,0,RMB,0.0,0.0,0.0,,20220926154659,gscfzj,0
648,806,压测产品13,0,RMB,0.0,0.0,0.0,,20220926000000,99990,0
649,807,压测产品14,0,RMB,0.0,0.0,0.0,,20220926000000,99990,0
650,808,压测产品15,0,RMB,0.0,0.0,0.0,,20220926000000,99990,0
651,809,极速4.0A账户,0,RMB,0.0,0.0,0.0,,20220926000000,99990,0
652,810,开户流程验证592,0,RMB,0.0,0.0,0.0,,20220927090059,99990,0
653,811,开户流程验证803,0,RMB,0.0,0.0,0.0,,20220927091601,99990,0
654,812,开户流程验证131,0,RMB,0.0,0.0,0.0,,20220927092304,99990,0
655,813,A57405740404,0,RMB,0.0,0.0,0.0,,20220927092858,99990,0
657,815,复制产品验证703,0,RMB,0.0,0.0,0.0,,20220927093201,99990,0
658,816,gscf09270505,0,RMB,0.0,0.0,0.0,,20220928000000,99990,0
659,817,A77107710606,0,RMB,0.0,0.0,0.0,,20220927095201,99990,0
660,818,开户流程验证157,0,RMB,0.0,0.0,0.0,,20220927095230,99990,0
661,819,兴业对冲端_hl927,0,RMB,0.0,0.0,0.0,,20220927000000,99990,0
662,820,兴业合约端_hl2416,0,RMB,0.0,0.0,0.0,,20220927000000,99990,40
663,821,小米,0,RMB,0.0,0.0,0.0,,20220927134944,xm000,0
2,822,1111,0,RMB,0.0,0.0,0.0,,20220927000000,99990,0
2,823,444,0,RMB,0.0,0.0,0.0,,20220927000000,99990,0
664,824,000000002178,0,RMB,0.0,0.0,0.0,,20220927000000,99990,41
665,825,7777,0,RMB,0.0,0.0,0.0,,20220927200545,99990,0
666,826,兴业SWAP对冲,0,RMB,0.0,0.0,0.0,,20220928000000,99990,40
667,827,开户流程验证618,0,RMB,0.0,0.0,0.0,,20220928090059,99990,0
668,828,开户流程验证418,0,RMB,0.0,0.0,0.0,,20220928091608,99990,0
669,829,A56305630101,0,RMB,0.0,0.0,0.0,,20220928092859,99990,0
671,831,复制产品验证558,0,RMB,0.0,0.0,0.0,,20220928093200,99990,0
672,832,gscf55550202,0,RMB,0.0,0.0,0.0,,20220928095118,99990,0
673,833,A54605460303,0,RMB,0.0,0.0,0.0,,20220928095159,99990,0
674,834,开户流程验证625,0,RMB,0.0,0.0,0.0,,20220928095220,99990,0
675,835,PBY,0,RMB,0.0,0.0,0.0,,20220928000000,99990,0
676,836,PBYBB,0,RMB,0.0,0.0,0.0,,20220928000000,99990,0
677,837,gscf11110303,0,RMB,0.0,0.0,0.0,,20220928162657,gscflll,0
678,838,12323,0,RMB,0.0,0.0,0.0,,20220928162713,gscfskk,0
679,839,A00080101,0,RMB,0.0,0.0,0.0,,20220928185849,A009,0
680,840,开户流程验证652,0,RMB,0.0,0.0,0.0,,20220929090100,99990,0
681,841,开户流程验证319,0,RMB,0.0,0.0,0.0,,20220929091607,99990,0
682,842,开户流程验证938,0,RMB,0.0,0.0,0.0,,20220929092303,99990,0
683,843,A50305030101,0,RMB,0.0,0.0,0.0,,20220929092858,99990,0
685,845,复制产品验证467,0,RMB,0.0,0.0,0.0,,20220929093159,99990,0
686,846,A74307430202,0,RMB,0.0,0.0,0.0,,20220929095211,99990,0
687,847,开户流程验证853,0,RMB,0.0,0.0,0.0,,20220929095233,99990,0
688,848,PBYC,0,RMB,0.0,0.0,0.0,,20220929000000,99990,0
688,849,PBYC1,0,RMB,0.0,0.0,0.0,,20220929000000,99990,0
689,850,hl002,0,RMB,0.0,0.0,0.0,,20220930000000,99990,41
690,851,S0929000,0,RMB,0.0,0.0,0.0,,20221010000000,99990,3
691,852,6546,0,RMB,0.0,0.0,0.0,,20221010000000,99990,3
692,853,开户流程验证507,0,RMB,0.0,0.0,0.0,,20220930090058,99990,0
693,854,开户流程验证911,0,RMB,0.0,0.0,0.0,,20220930091603,99990,0
694,855,开户流程验证948,0,RMB,0.0,0.0,0.0,,20220930092303,99990,0
695,856,A43204320303,0,RMB,0.0,0.0,0.0,,20220930092858,99990,0
697,858,复制产品验证541,0,RMB,0.0,0.0,0.0,,20220930093200,99990,0
698,859,A45404540404,0,RMB,0.0,0.0,0.0,,20220930095155,99990,0
699,860,开户流程验证482,0,RMB,0.0,0.0,0.0,,20220930095218,99990,0
700,861,zj资金账号test,0,RMB,0.0,0.0,0.0,,20220930100417,99990,0
700,862,zj资金账号测试two,0,RMB,0.0,0.0,0.0,,20220930000000,99990,0
700,863,zj资金账号,0,RMB,0.0,0.0,0.0,,20220930000000,gscfCY,0
701,864,7778,0,RMB,0.0,0.0,0.0,,20220930135357,99990,0
702,865,hl930,0,RMB,0.0,0.0,0.0,,20220930000000,99990,41
703,866,开户流程验证393,0,RMB,0.0,0.0,0.0,,20221003090057,99990,0
704,867,开户流程验证508,0,RMB,0.0,0.0,0.0,,20221003091558,99990,0
705,868,开户流程验证730,0,RMB,0.0,0.0,0.0,,20221003092300,99990,0
706,869,A21702170101,0,RMB,0.0,0.0,0.0,,20221003092855,99990,0
708,871,复制产品验证281,0,RMB,0.0,0.0,0.0,,20221003093157,99990,0
709,872,A51905190202,0,RMB,0.0,0.0,0.0,,20221003095159,99990,0
710,873,开户流程验证342,0,RMB,0.0,0.0,0.0,,20221003095217,99990,0
711,874,开户流程验证339,0,RMB,0.0,0.0,0.0,,20221004090056,99990,0
712,875,开户流程验证309,0,RMB,0.0,0.0,0.0,,20221004091556,99990,0
713,876,开户流程验证667,0,RMB,0.0,0.0,0.0,,20221004092300,99990,0
714,877,A24602460303,0,RMB,0.0,0.0,0.0,,20221004092855,99990,0
716,879,复制产品验证177,0,RMB,0.0,0.0,0.0,,20221004093155,99990,0
717,880,A64006400404,0,RMB,0.0,0.0,0.0,,20221004095200,99990,0
718,881,开户流程验证400,0,RMB,0.0,0.0,0.0,,20221004095217,99990,0
719,882,开户流程验证236,0,RMB,0.0,0.0,0.0,,20221005090053,99990,0
720,883,开户流程验证572,0,RMB,0.0,0.0,0.0,,20221005092259,99990,0
721,884,A27102710505,0,RMB,0.0,0.0,0.0,,20221005092855,99990,0
723,886,复制产品验证128,0,RMB,0.0,0.0,0.0,,20221005093155,99990,0
724,887,A14301430606,0,RMB,0.0,0.0,0.0,,20221005095154,99990,0
725,888,开户流程验证962,0,RMB,0.0,0.0,0.0,,20221005095210,99990,0
726,889,开户流程验证390,0,RMB,0.0,0.0,0.0,,20221006090057,99990,0
727,890,开户流程验证487,0,RMB,0.0,0.0,0.0,,20221006091556,99990,0
728,891,开户流程验证599,0,RMB,0.0,0.0,0.0,,20221006092259,99990,0
729,892,A09800980707,0,RMB,0.0,0.0,0.0,,20221006092854,99990,0
731,894,复制产品验证087,0,RMB,0.0,0.0,0.0,,20221006093155,99990,0
732,895,开户流程验证313,0,RMB,0.0,0.0,0.0,,20221007091640,99990,0
733,896,开户流程验证289,0,RMB,0.0,0.0,0.0,,20221007092646,99990,0
734,897,A24402440909,0,RMB,0.0,0.0,0.0,,20221007092855,99990,0
736,899,复制产品验证804,0,RMB,0.0,0.0,0.0,,20221007093206,99990,0
737,900,压测产品16,0,RMB,0.0,0.0,0.0,,20221008000000,99990,0
738,901,llx0001,0,RMB,0.0,0.0,0.0,,20221008000000,99990,0
739,902,开户流程验证405,0,RMB,0.0,0.0,0.0,,20221010091554,99990,0
740,903,A93009300101,0,RMB,0.0,0.0,0.0,,20221010092852,99990,0
742,905,复制产品验证928,0,RMB,0.0,0.0,0.0,,20221010093153,99990,0
743,906,A57105710101,0,RMB,0.0,0.0,0.0,,20221010095201,99990,0
744,907,开户流程验证761,0,RMB,0.0,0.0,0.0,,20221010095222,99990,0
745,908,开户流程验证944,0,RMB,0.0,0.0,0.0,,20221011090053,99990,0
746,909,开户流程验证563,0,RMB,0.0,0.0,0.0,,20221011091557,99990,0
747,910,开户流程验证699,0,RMB,0.0,0.0,0.0,,20221011092300,99990,0
748,911,A92309230101,0,RMB,0.0,0.0,0.0,,20221011092852,99990,0
750,913,复制产品验证057,0,RMB,0.0,0.0,0.0,,20221011093156,99990,0
751,914,A42904290202,0,RMB,0.0,0.0,0.0,,20221011095200,99990,0
752,915,开户流程验证605,0,RMB,0.0,0.0,0.0,,20221011095217,99990,0
753,916,471产品简称,0,RMB,0.0,0.0,0.0,,20221011102045,99990,0
753,917,2投组471,0,RMB,0.0,0.0,0.0,,20221011000000,99990,0
753,918,3投组471,0,RMB,0.0,0.0,0.0,,20221011000000,99990,0
754,919,441产品简称,0,RMB,0.0,0.0,0.0,,20221011104804,,0
595,920,2投组441,0,RMB,0.0,0.0,0.0,,20221011000000,99990,0
595,921,3投组441,0,RMB,0.0,0.0,0.0,,20221011000000,99990,0
755,922,587产品简称,0,RMB,0.0,0.0,0.0,,20221011104936,,0
608,923,2投组587,0,RMB,0.0,0.0,0.0,,20221011000000,99990,0
608,924,3投组587,0,RMB,0.0,0.0,0.0,,20221011000000,99990,0
756,925,976产品简称,0,RMB,0.0,0.0,0.0,,20221011105521,99990,0
756,926,2投组976,0,RMB,0.0,0.0,0.0,,20221011000000,99990,0
756,927,3投组976,0,RMB,0.0,0.0,0.0,,20221011000000,99990,0
757,928,493产品简称,0,RMB,0.0,0.0,0.0,,20221011105916,99990,0
757,929,2投组493,0,RMB,0.0,0.0,0.0,,20221011000000,99990,0
757,930,3投组493,0,RMB,0.0,0.0,0.0,,20221011000000,99990,0
758,931,239产品简称,0,RMB,0.0,0.0,0.0,,20221011110543,99990,0
758,932,2投组239,0,RMB,0.0,0.0,0.0,,20221011000000,99990,0
758,933,3投组239,0,RMB,0.0,0.0,0.0,,20221011000000,99990,0
759,934,497产品简称,0,RMB,0.0,0.0,0.0,,20221011110836,99990,0
759,935,2投组497,0,RMB,0.0,0.0,0.0,,20221011000000,99990,0
759,936,3投组497,0,RMB,0.0,0.0,0.0,,20221011000000,99990,0
760,937,262产品简称,0,RMB,0.0,0.0,0.0,,20221011111952,99990,0
760,938,2投组262,0,RMB,0.0,0.0,0.0,,20221011000000,99990,0
760,939,3投组262,0,RMB,0.0,0.0,0.0,,20221011000000,99990,0
761,940,919产品简称,0,RMB,0.0,0.0,0.0,,20221011113706,,0
762,941,673产品简称,0,RMB,0.0,0.0,0.0,,20221011113907,99990,0
762,942,2投组673,0,RMB,0.0,0.0,0.0,,20221011000000,99990,0
762,943,3投组673,0,RMB,0.0,0.0,0.0,,20221011000000,99990,0
763,944,878产品简称,0,RMB,0.0,0.0,0.0,,20221011114608,99990,0
763,945,2投组878,0,RMB,0.0,0.0,0.0,,20221011000000,99990,0
763,946,3投组878,0,RMB,0.0,0.0,0.0,,20221011000000,99990,0
764,947,397产品简称,0,RMB,0.0,0.0,0.0,,20221011130625,99990,0
764,948,2投组397,0,RMB,0.0,0.0,0.0,,20221011000000,99990,0
764,949,3投组397,0,RMB,0.0,0.0,0.0,,20221011000000,99990,0
765,950,980产品简称,0,RMB,0.0,0.0,0.0,,20221011130910,99990,0
766,951,A05500550505,0,RMB,0.0,0.0,0.0,,20221011143345,99990,0
767,952,A15301530606,0,RMB,0.0,0.0,0.0,,20221011144106,99990,0
768,953,A17101710707,0,RMB,0.0,0.0,0.0,,20221011150126,99990,0
769,954,991产品简称,0,RMB,0.0,0.0,0.0,,20221011150750,99990,0
770,955,init72661010,0,RMB,0.0,0.0,0.0,,20221012132341,99990,0
771,956,开3P,0,RMB,0.0,0.0,0.0,,20221012132501,99990,0
772,957,gscf7771111,0,RMB,0.0,0.0,0.0,,20221012172000,99990,0
773,958,开户流程验证789,0,RMB,0.0,0.0,0.0,,20221013090051,99990,0
774,959,开户流程验证897,0,RMB,0.0,0.0,0.0,,20221013091553,99990,0
775,960,开户流程验证172,0,RMB,0.0,0.0,0.0,,20221013092255,99990,0
776,961,A66706671212,0,RMB,0.0,0.0,0.0,,20221013092847,99990,0
778,963,复制产品验证724,0,RMB,0.0,0.0,0.0,,20221013093152,99990,0
779,964,开户流程验证770,0,RMB,0.0,0.0,0.0,,20221013095209,99990,0
780,965,otcd01,0,RMB,0.0,0.0,0.0,,20221013000000,99990,0
781,966,otcd02,0,RMB,0.0,0.0,0.0,,20221013000000,99990,0
782,967,otcd03,0,RMB,0.0,0.0,0.0,,20221013000000,99990,0
783,968,otcd04,0,RMB,0.0,0.0,0.0,,20221013000000,99990,0
784,969,otcd05,0,RMB,0.0,0.0,0.0,,20221013000000,99990,0
785,970,otcd06,0,RMB,0.0,0.0,0.0,,20221013000000,99990,0
786,971,otcd07,0,RMB,0.0,0.0,0.0,,20221013000000,99990,0
787,972,otcd08,0,RMB,0.0,0.0,0.0,,20221013000000,99990,0
788,973,otcd09,0,RMB,0.0,0.0,0.0,,20221013000000,99990,0
789,974,otcd10,0,RMB,0.0,0.0,0.0,,20221013000000,99990,0
790,975,A75707571414,0,RMB,0.0,0.0,0.0,,20221013133351,99990,0
791,976,A52105212222,0,RMB,0.0,0.0,0.0,,20221013140912,99990,0
792,977,A23302332323,0,RMB,0.0,0.0,0.0,,20221013141703,99990,0
793,978,A43804382424,0,RMB,0.0,0.0,0.0,,20221013143723,99990,0
794,979,initjing2626,0,RMB,0.0,0.0,0.0,,20221013174414,99990,0
795,980,测试,0,RMB,0.0,0.0,0.0,,20221013180919,99990,0
794,981,111,0,RMB,0.0,0.0,0.0,,20221013000000,99990,0
796,982,开户流程验证686,0,RMB,0.0,0.0,0.0,,20221014090047,99990,0
797,983,A33303332727,0,RMB,0.0,0.0,0.0,,20221014105037,99990,0
799,985,复制产品验证982,0,RMB,0.0,0.0,0.0,,20221014105042,99990,0
800,986,A69506952828,0,RMB,0.0,0.0,0.0,,20221014105131,99990,0
801,987,开户流程验证595,0,RMB,0.0,0.0,0.0,,20221014105147,99990,0
